Inno Setup 6 Command-Line Compiler
Copyright (C) 1997-2026 Jordan Russell. All rights reserved.
Portions Copyright (C) 2000-2026 Martijn Laan. All rights reserved.
Portions Copyright (C) 2001-2004 Alex Yackimoff. All rights reserved.
https://www.innosetup.com

Compiler engine version: Inno Setup 6.7.3
Non-commercial use only

Preprocessing
   Reading file: H:\doubao\innosetup\IS\ISPPBuiltins.iss
Parsing [Setup] section, line 16
Parsing [Setup] section, line 17
Parsing [Setup] section, line 18
Parsing [Setup] section, line 19
Parsing [Setup] section, line 20
Parsing [Setup] section, line 21
Parsing [Setup] section, line 22
Parsing [Setup] section, line 23
Parsing [Setup] section, line 24
Parsing [Setup] section, line 25
Parsing [Setup] section, line 26
Parsing [Setup] section, line 27
Parsing [Setup] section, line 28
Parsing [Setup] section, line 29
Parsing [Setup] section, line 30
Parsing [Setup] section, line 32
Parsing [Setup] section, line 33
Parsing [Setup] section, line 34
Reading file (WizardImageFile)
Reading file (WizardSmallImageFile)
Preparing Setup program executable
   Verification successful
   Updating icons (Setup.e32)
   Updating version info (Setup.e32)
Determining language code pages
Parsing [Languages] section, line 38
   Reading file: F:\Kimi Work\视频工具箱\build\Languages\ChineseSimplified.isl
Parsing [Languages] section, line 39
   Reading file: H:\doubao\innosetup\IS\Default.isl
   Messages in script file
Reading default messages from Default.isl
Parsing [Languages] section, line 38
   Reading file: F:\Kimi Work\视频工具箱\build\Languages\ChineseSimplified.isl
Parsing [Languages] section, line 39
   Reading file: H:\doubao\innosetup\IS\Default.isl
Parsing [LangOptions], [Messages], and [CustomMessages] sections
   Messages in script file
Reading [Code] section
Parsing [Tasks] section, line 42
Parsing [Dirs] section, line 70
Parsing [Icons] section, line 73
Parsing [Icons] section, line 74
Parsing [Icons] section, line 75
Parsing [Run] section, line 78
Parsing [Files] section, line 49
Parsing [Files] section, line 51
Parsing [Files] section, line 52
Parsing [Files] section, line 53
Parsing [Files] section, line 55
Parsing [Files] section, line 57
Parsing [Files] section, line 59
Parsing [Files] section, line 61
Parsing [Files] section, line 62
Parsing [Files] section, line 63
Parsing [Files] section, line 64
Parsing [Files] section, line 65
Parsing [Files] section, line 66
Deleting 视频工具箱_Setup_v1.6.exe from output directory
Creating setup files
   Verification successful
   Updating icons (Setup.exe)
   Compressing: F:\Kimi Work\视频工具箱\dist\视频工具箱.exe
   Storing: F:\Kimi Work\视频工具箱\tools\ffmpeg.exe
   Storing: F:\Kimi Work\视频工具箱\tools\ffprobe.exe
   Storing: F:\Kimi Work\视频工具箱\tools\yt-dlp.exe
   Compressing: F:\Kimi Work\视频工具箱\tools\python\LICENSE.txt
   Compressing: F:\Kimi Work\视频工具箱\tools\python\NEWS.txt
   Compressing: F:\Kimi Work\视频工具箱\tools\python\python.exe
   Compressing: F:\Kimi Work\视频工具箱\tools\python\python3.dll
   Compressing: F:\Kimi Work\视频工具箱\tools\python\python312.dll
   Compressing: F:\Kimi Work\视频工具箱\tools\python\pythonw.exe
   Compressing: F:\Kimi Work\视频工具箱\tools\python\vcruntime140.dll
   Compressing: F:\Kimi Work\视频工具箱\tools\python\vcruntime140_1.dll
   Compressing: F:\Kimi Work\视频工具箱\tools\python\DLLs\libcrypto-3.dll
   Compressing: F:\Kimi Work\视频工具箱\tools\python\DLLs\libffi-8.dll
   Compressing: F:\Kimi Work\视频工具箱\tools\python\DLLs\libssl-3.dll
   Compressing: F:\Kimi Work\视频工具箱\tools\python\DLLs\py.ico
   Compressing: F:\Kimi Work\视频工具箱\tools\python\DLLs\pyc.ico
   Compressing: F:\Kimi Work\视频工具箱\tools\python\DLLs\pyd.ico
   Compressing: F:\Kimi Work\视频工具箱\tools\python\DLLs\pyexpat.pyd
   Compressing: F:\Kimi Work\视频工具箱\tools\python\DLLs\python_lib.cat
   Compressing: F:\Kimi Work\视频工具箱\tools\python\DLLs\select.pyd
   Compressing: F:\Kimi Work\视频工具箱\tools\python\DLLs\sqlite3.dll
   Compressing: F:\Kimi Work\视频工具箱\tools\python\DLLs\tcl86t.dll
   Compressing: F:\Kimi Work\视频工具箱\tools\python\DLLs\tk86t.dll
   Compressing: F:\Kimi Work\视频工具箱\tools\python\DLLs\unicodedata.pyd
   Compressing: F:\Kimi Work\视频工具箱\tools\python\DLLs\winsound.pyd
   Compressing: F:\Kimi Work\视频工具箱\tools\python\DLLs\zlib1.dll
   Compressing: F:\Kimi Work\视频工具箱\tools\python\DLLs\_asyncio.pyd
   Compressing: F:\Kimi Work\视频工具箱\tools\python\DLLs\_bz2.pyd
   Compressing: F:\Kimi Work\视频工具箱\tools\python\DLLs\_ctypes.pyd
   Compressing: F:\Kimi Work\视频工具箱\tools\python\DLLs\_decimal.pyd
   Compressing: F:\Kimi Work\视频工具箱\tools\python\DLLs\_elementtree.pyd
   Compressing: F:\Kimi Work\视频工具箱\tools\python\DLLs\_hashlib.pyd
   Compressing: F:\Kimi Work\视频工具箱\tools\python\DLLs\_lzma.pyd
   Compressing: F:\Kimi Work\视频工具箱\tools\python\DLLs\_msi.pyd
   Compressing: F:\Kimi Work\视频工具箱\tools\python\DLLs\_multiprocessing.pyd
   Compressing: F:\Kimi Work\视频工具箱\tools\python\DLLs\_overlapped.pyd
   Compressing: F:\Kimi Work\视频工具箱\tools\python\DLLs\_queue.pyd
   Compressing: F:\Kimi Work\视频工具箱\tools\python\DLLs\_socket.pyd
   Compressing: F:\Kimi Work\视频工具箱\tools\python\DLLs\_sqlite3.pyd
   Compressing: F:\Kimi Work\视频工具箱\tools\python\DLLs\_ssl.pyd
   Compressing: F:\Kimi Work\视频工具箱\tools\python\DLLs\_tkinter.pyd
   Compressing: F:\Kimi Work\视频工具箱\tools\python\DLLs\_uuid.pyd
   Compressing: F:\Kimi Work\视频工具箱\tools\python\DLLs\_wmi.pyd
   Compressing: F:\Kimi Work\视频工具箱\tools\python\DLLs\_zoneinfo.pyd
   Compressing: F:\Kimi Work\视频工具箱\tools\python\Lib\abc.py
   Compressing: F:\Kimi Work\视频工具箱\tools\python\Lib\aifc.py
   Compressing: F:\Kimi Work\视频工具箱\tools\python\Lib\antigravity.py
   Compressing: F:\Kimi Work\视频工具箱\tools\python\Lib\argparse.py
   Compressing: F:\Kimi Work\视频工具箱\tools\python\Lib\ast.py
   Compressing: F:\Kimi Work\视频工具箱\tools\python\Lib\base64.py
   Compressing: F:\Kimi Work\视频工具箱\tools\python\Lib\bdb.py
   Compressing: F:\Kimi Work\视频工具箱\tools\python\Lib\bisect.py
   Compressing: F:\Kimi Work\视频工具箱\tools\python\Lib\bz2.py
   Compressing: F:\Kimi Work\视频工具箱\tools\python\Lib\calendar.py
   Compressing: F:\Kimi Work\视频工具箱\tools\python\Lib\cgi.py
   Compressing: F:\Kimi Work\视频工具箱\tools\python\Lib\cgitb.py
   Compressing: F:\Kimi Work\视频工具箱\tools\python\Lib\chunk.py
   Compressing: F:\Kimi Work\视频工具箱\tools\python\Lib\cmd.py
   Compressing: F:\Kimi Work\视频工具箱\tools\python\Lib\code.py
   Compressing: F:\Kimi Work\视频工具箱\tools\python\Lib\codecs.py
   Compressing: F:\Kimi Work\视频工具箱\tools\python\Lib\codeop.py
   Compressing: F:\Kimi Work\视频工具箱\tools\python\Lib\colorsys.py
   Compressing: F:\Kimi Work\视频工具箱\tools\python\Lib\compileall.py
   Compressing: F:\Kimi Work\视频工具箱\tools\python\Lib\configparser.py
   Compressing: F:\Kimi Work\视频工具箱\tools\python\Lib\contextlib.py
   Compressing: F:\Kimi Work\视频工具箱\tools\python\Lib\contextvars.py
   Compressing: F:\Kimi Work\视频工具箱\tools\python\Lib\copy.py
   Compressing: F:\Kimi Work\视频工具箱\tools\python\Lib\copyreg.py
   Compressing: F:\Kimi Work\视频工具箱\tools\python\Lib\cProfile.py
   Compressing: F:\Kimi Work\视频工具箱\tools\python\Lib\crypt.py
   Compressing: F:\Kimi Work\视频工具箱\tools\python\Lib\csv.py
   Compressing: F:\Kimi Work\视频工具箱\tools\python\Lib\dataclasses.py
   Compressing: F:\Kimi Work\视频工具箱\tools\python\Lib\datetime.py
   Compressing: F:\Kimi Work\视频工具箱\tools\python\Lib\decimal.py
   Compressing: F:\Kimi Work\视频工具箱\tools\python\Lib\difflib.py
   Compressing: F:\Kimi Work\视频工具箱\tools\python\Lib\dis.py
   Compressing: F:\Kimi Work\视频工具箱\tools\python\Lib\doctest.py
   Compressing: F:\Kimi Work\视频工具箱\tools\python\Lib\enum.py
   Compressing: F:\Kimi Work\视频工具箱\tools\python\Lib\filecmp.py
   Compressing: F:\Kimi Work\视频工具箱\tools\python\Lib\fileinput.py
   Compressing: F:\Kimi Work\视频工具箱\tools\python\Lib\fnmatch.py
   Compressing: F:\Kimi Work\视频工具箱\tools\python\Lib\fractions.py
   Compressing: F:\Kimi Work\视频工具箱\tools\python\Lib\ftplib.py
   Compressing: F:\Kimi Work\视频工具箱\tools\python\Lib\functools.py
   Compressing: F:\Kimi Work\视频工具箱\tools\python\Lib\genericpath.py
   Compressing: F:\Kimi Work\视频工具箱\tools\python\Lib\getopt.py
   Compressing: F:\Kimi Work\视频工具箱\tools\python\Lib\getpass.py
   Compressing: F:\Kimi Work\视频工具箱\tools\python\Lib\gettext.py
   Compressing: F:\Kimi Work\视频工具箱\tools\python\Lib\glob.py
   Compressing: F:\Kimi Work\视频工具箱\tools\python\Lib\graphlib.py
   Compressing: F:\Kimi Work\视频工具箱\tools\python\Lib\gzip.py
   Compressing: F:\Kimi Work\视频工具箱\tools\python\Lib\hashlib.py
   Compressing: F:\Kimi Work\视频工具箱\tools\python\Lib\heapq.py
   Compressing: F:\Kimi Work\视频工具箱\tools\python\Lib\hmac.py
   Compressing: F:\Kimi Work\视频工具箱\tools\python\Lib\imaplib.py
   Compressing: F:\Kimi Work\视频工具箱\tools\python\Lib\imghdr.py
   Compressing: F:\Kimi Work\视频工具箱\tools\python\Lib\inspect.py
   Compressing: F:\Kimi Work\视频工具箱\tools\python\Lib\io.py
   Compressing: F:\Kimi Work\视频工具箱\tools\python\Lib\ipaddress.py
   Compressing: F:\Kimi Work\视频工具箱\tools\python\Lib\keyword.py
   Compressing: F:\Kimi Work\视频工具箱\tools\python\Lib\linecache.py
   Compressing: F:\Kimi Work\视频工具箱\tools\python\Lib\locale.py
   Compressing: F:\Kimi Work\视频工具箱\tools\python\Lib\lzma.py
   Compressing: F:\Kimi Work\视频工具箱\tools\python\Lib\mailbox.py
   Compressing: F:\Kimi Work\视频工具箱\tools\python\Lib\mailcap.py
   Compressing: F:\Kimi Work\视频工具箱\tools\python\Lib\mimetypes.py
   Compressing: F:\Kimi Work\视频工具箱\tools\python\Lib\modulefinder.py
   Compressing: F:\Kimi Work\视频工具箱\tools\python\Lib\netrc.py
   Compressing: F:\Kimi Work\视频工具箱\tools\python\Lib\nntplib.py
   Compressing: F:\Kimi Work\视频工具箱\tools\python\Lib\ntpath.py
   Compressing: F:\Kimi Work\视频工具箱\tools\python\Lib\nturl2path.py
   Compressing: F:\Kimi Work\视频工具箱\tools\python\Lib\numbers.py
   Compressing: F:\Kimi Work\视频工具箱\tools\python\Lib\opcode.py
   Compressing: F:\Kimi Work\视频工具箱\tools\python\Lib\operator.py
   Compressing: F:\Kimi Work\视频工具箱\tools\python\Lib\optparse.py
   Compressing: F:\Kimi Work\视频工具箱\tools\python\Lib\os.py
   Compressing: F:\Kimi Work\视频工具箱\tools\python\Lib\pathlib.py
   Compressing: F:\Kimi Work\视频工具箱\tools\python\Lib\pdb.py
   Compressing: F:\Kimi Work\视频工具箱\tools\python\Lib\pickle.py
   Compressing: F:\Kimi Work\视频工具箱\tools\python\Lib\pickletools.py
   Compressing: F:\Kimi Work\视频工具箱\tools\python\Lib\pipes.py
   Compressing: F:\Kimi Work\视频工具箱\tools\python\Lib\pkgutil.py
   Compressing: F:\Kimi Work\视频工具箱\tools\python\Lib\platform.py
   Compressing: F:\Kimi Work\视频工具箱\tools\python\Lib\plistlib.py
   Compressing: F:\Kimi Work\视频工具箱\tools\python\Lib\poplib.py
   Compressing: F:\Kimi Work\视频工具箱\tools\python\Lib\posixpath.py
   Compressing: F:\Kimi Work\视频工具箱\tools\python\Lib\pprint.py
   Compressing: F:\Kimi Work\视频工具箱\tools\python\Lib\profile.py
   Compressing: F:\Kimi Work\视频工具箱\tools\python\Lib\pstats.py
   Compressing: F:\Kimi Work\视频工具箱\tools\python\Lib\pty.py
   Compressing: F:\Kimi Work\视频工具箱\tools\python\Lib\pyclbr.py
   Compressing: F:\Kimi Work\视频工具箱\tools\python\Lib\pydoc.py
   Compressing: F:\Kimi Work\视频工具箱\tools\python\Lib\py_compile.py
   Compressing: F:\Kimi Work\视频工具箱\tools\python\Lib\queue.py
   Compressing: F:\Kimi Work\视频工具箱\tools\python\Lib\quopri.py
   Compressing: F:\Kimi Work\视频工具箱\tools\python\Lib\random.py
   Compressing: F:\Kimi Work\视频工具箱\tools\python\Lib\reprlib.py
   Compressing: F:\Kimi Work\视频工具箱\tools\python\Lib\rlcompleter.py
   Compressing: F:\Kimi Work\视频工具箱\tools\python\Lib\runpy.py
   Compressing: F:\Kimi Work\视频工具箱\tools\python\Lib\sched.py
   Compressing: F:\Kimi Work\视频工具箱\tools\python\Lib\secrets.py
   Compressing: F:\Kimi Work\视频工具箱\tools\python\Lib\selectors.py
   Compressing: F:\Kimi Work\视频工具箱\tools\python\Lib\shelve.py
   Compressing: F:\Kimi Work\视频工具箱\tools\python\Lib\shlex.py
   Compressing: F:\Kimi Work\视频工具箱\tools\python\Lib\shutil.py
   Compressing: F:\Kimi Work\视频工具箱\tools\python\Lib\signal.py
   Compressing: F:\Kimi Work\视频工具箱\tools\python\Lib\site.py
   Compressing: F:\Kimi Work\视频工具箱\tools\python\Lib\smtplib.py
   Compressing: F:\Kimi Work\视频工具箱\tools\python\Lib\sndhdr.py
   Compressing: F:\Kimi Work\视频工具箱\tools\python\Lib\socket.py
   Compressing: F:\Kimi Work\视频工具箱\tools\python\Lib\socketserver.py
   Compressing: F:\Kimi Work\视频工具箱\tools\python\Lib\sre_compile.py
   Compressing: F:\Kimi Work\视频工具箱\tools\python\Lib\sre_constants.py
   Compressing: F:\Kimi Work\视频工具箱\tools\python\Lib\sre_parse.py
   Compressing: F:\Kimi Work\视频工具箱\tools\python\Lib\ssl.py
   Compressing: F:\Kimi Work\视频工具箱\tools\python\Lib\stat.py
   Compressing: F:\Kimi Work\视频工具箱\tools\python\Lib\statistics.py
   Compressing: F:\Kimi Work\视频工具箱\tools\python\Lib\string.py
   Compressing: F:\Kimi Work\视频工具箱\tools\python\Lib\stringprep.py
   Compressing: F:\Kimi Work\视频工具箱\tools\python\Lib\struct.py
   Compressing: F:\Kimi Work\视频工具箱\tools\python\Lib\subprocess.py
   Compressing: F:\Kimi Work\视频工具箱\tools\python\Lib\sunau.py
   Compressing: F:\Kimi Work\视频工具箱\tools\python\Lib\symtable.py
   Compressing: F:\Kimi Work\视频工具箱\tools\python\Lib\sysconfig.py
   Compressing: F:\Kimi Work\视频工具箱\tools\python\Lib\tabnanny.py
   Compressing: F:\Kimi Work\视频工具箱\tools\python\Lib\tarfile.py
   Compressing: F:\Kimi Work\视频工具箱\tools\python\Lib\telnetlib.py
   Compressing: F:\Kimi Work\视频工具箱\tools\python\Lib\tempfile.py
   Compressing: F:\Kimi Work\视频工具箱\tools\python\Lib\textwrap.py
   Compressing: F:\Kimi Work\视频工具箱\tools\python\Lib\this.py
   Compressing: F:\Kimi Work\视频工具箱\tools\python\Lib\threading.py
   Compressing: F:\Kimi Work\视频工具箱\tools\python\Lib\timeit.py
   Compressing: F:\Kimi Work\视频工具箱\tools\python\Lib\token.py
   Compressing: F:\Kimi Work\视频工具箱\tools\python\Lib\tokenize.py
   Compressing: F:\Kimi Work\视频工具箱\tools\python\Lib\trace.py
   Compressing: F:\Kimi Work\视频工具箱\tools\python\Lib\traceback.py
   Compressing: F:\Kimi Work\视频工具箱\tools\python\Lib\tracemalloc.py
   Compressing: F:\Kimi Work\视频工具箱\tools\python\Lib\tty.py
   Compressing: F:\Kimi Work\视频工具箱\tools\python\Lib\turtle.py
   Compressing: F:\Kimi Work\视频工具箱\tools\python\Lib\types.py
   Compressing: F:\Kimi Work\视频工具箱\tools\python\Lib\typing.py
   Compressing: F:\Kimi Work\视频工具箱\tools\python\Lib\uu.py
   Compressing: F:\Kimi Work\视频工具箱\tools\python\Lib\uuid.py
   Compressing: F:\Kimi Work\视频工具箱\tools\python\Lib\warnings.py
   Compressing: F:\Kimi Work\视频工具箱\tools\python\Lib\wave.py
   Compressing: F:\Kimi Work\视频工具箱\tools\python\Lib\weakref.py
   Compressing: F:\Kimi Work\视频工具箱\tools\python\Lib\webbrowser.py
   Compressing: F:\Kimi Work\视频工具箱\tools\python\Lib\xdrlib.py
   Compressing: F:\Kimi Work\视频工具箱\tools\python\Lib\zipapp.py
   Compressing: F:\Kimi Work\视频工具箱\tools\python\Lib\zipimport.py
   Compressing: F:\Kimi Work\视频工具箱\tools\python\Lib\_aix_support.py
   Compressing: F:\Kimi Work\视频工具箱\tools\python\Lib\_collections_abc.py
   Compressing: F:\Kimi Work\视频工具箱\tools\python\Lib\_compat_pickle.py
   Compressing: F:\Kimi Work\视频工具箱\tools\python\Lib\_compression.py
   Compressing: F:\Kimi Work\视频工具箱\tools\python\Lib\_markupbase.py
   Compressing: F:\Kimi Work\视频工具箱\tools\python\Lib\_osx_support.py
   Compressing: F:\Kimi Work\视频工具箱\tools\python\Lib\_pydatetime.py
   Compressing: F:\Kimi Work\视频工具箱\tools\python\Lib\_pydecimal.py
   Compressing: F:\Kimi Work\视频工具箱\tools\python\Lib\_pyio.py
   Compressing: F:\Kimi Work\视频工具箱\tools\python\Lib\_pylong.py
   Compressing: F:\Kimi Work\视频工具箱\tools\python\Lib\_py_abc.py
   Compressing: F:\Kimi Work\视频工具箱\tools\python\Lib\_sitebuiltins.py
   Compressing: F:\Kimi Work\视频工具箱\tools\python\Lib\_strptime.py
   Compressing: F:\Kimi Work\视频工具箱\tools\python\Lib\_threading_local.py
   Compressing: F:\Kimi Work\视频工具箱\tools\python\Lib\_weakrefset.py
   Compressing: F:\Kimi Work\视频工具箱\tools\python\Lib\__future__.py
   Compressing: F:\Kimi Work\视频工具箱\tools\python\Lib\__hello__.py
   Compressing: F:\Kimi Work\视频工具箱\tools\python\Lib\asyncio\base_events.py
   Compressing: F:\Kimi Work\视频工具箱\tools\python\Lib\asyncio\base_futures.py
   Compressing: F:\Kimi Work\视频工具箱\tools\python\Lib\asyncio\base_subprocess.py
   Compressing: F:\Kimi Work\视频工具箱\tools\python\Lib\asyncio\base_tasks.py
   Compressing: F:\Kimi Work\视频工具箱\tools\python\Lib\asyncio\constants.py
   Compressing: F:\Kimi Work\视频工具箱\tools\python\Lib\asyncio\coroutines.py
   Compressing: F:\Kimi Work\视频工具箱\tools\python\Lib\asyncio\events.py
   Compressing: F:\Kimi Work\视频工具箱\tools\python\Lib\asyncio\exceptions.py
   Compressing: F:\Kimi Work\视频工具箱\tools\python\Lib\asyncio\format_helpers.py
   Compressing: F:\Kimi Work\视频工具箱\tools\python\Lib\asyncio\futures.py
   Compressing: F:\Kimi Work\视频工具箱\tools\python\Lib\asyncio\locks.py
   Compressing: F:\Kimi Work\视频工具箱\tools\python\Lib\asyncio\log.py
   Compressing: F:\Kimi Work\视频工具箱\tools\python\Lib\asyncio\mixins.py
   Compressing: F:\Kimi Work\视频工具箱\tools\python\Lib\asyncio\proactor_events.py
   Compressing: F:\Kimi Work\视频工具箱\tools\python\Lib\asyncio\protocols.py
   Compressing: F:\Kimi Work\视频工具箱\tools\python\Lib\asyncio\queues.py
   Compressing: F:\Kimi Work\视频工具箱\tools\python\Lib\asyncio\runners.py
   Compressing: F:\Kimi Work\视频工具箱\tools\python\Lib\asyncio\selector_events.py
   Compressing: F:\Kimi Work\视频工具箱\tools\python\Lib\asyncio\sslproto.py
   Compressing: F:\Kimi Work\视频工具箱\tools\python\Lib\asyncio\staggered.py
   Compressing: F:\Kimi Work\视频工具箱\tools\python\Lib\asyncio\streams.py
   Compressing: F:\Kimi Work\视频工具箱\tools\python\Lib\asyncio\subprocess.py
   Compressing: F:\Kimi Work\视频工具箱\tools\python\Lib\asyncio\taskgroups.py
   Compressing: F:\Kimi Work\视频工具箱\tools\python\Lib\asyncio\tasks.py
   Compressing: F:\Kimi Work\视频工具箱\tools\python\Lib\asyncio\threads.py
   Compressing: F:\Kimi Work\视频工具箱\tools\python\Lib\asyncio\timeouts.py
   Compressing: F:\Kimi Work\视频工具箱\tools\python\Lib\asyncio\transports.py
   Compressing: F:\Kimi Work\视频工具箱\tools\python\Lib\asyncio\trsock.py
   Compressing: F:\Kimi Work\视频工具箱\tools\python\Lib\asyncio\unix_events.py
   Compressing: F:\Kimi Work\视频工具箱\tools\python\Lib\asyncio\windows_events.py
   Compressing: F:\Kimi Work\视频工具箱\tools\python\Lib\asyncio\windows_utils.py
   Compressing: F:\Kimi Work\视频工具箱\tools\python\Lib\asyncio\__init__.py
   Compressing: F:\Kimi Work\视频工具箱\tools\python\Lib\asyncio\__main__.py
   Compressing: F:\Kimi Work\视频工具箱\tools\python\Lib\collections\abc.py
   Compressing: F:\Kimi Work\视频工具箱\tools\python\Lib\collections\__init__.py
   Compressing: F:\Kimi Work\视频工具箱\tools\python\Lib\concurrent\__init__.py
   Compressing: F:\Kimi Work\视频工具箱\tools\python\Lib\concurrent\futures\process.py
   Compressing: F:\Kimi Work\视频工具箱\tools\python\Lib\concurrent\futures\thread.py
   Compressing: F:\Kimi Work\视频工具箱\tools\python\Lib\concurrent\futures\_base.py
   Compressing: F:\Kimi Work\视频工具箱\tools\python\Lib\concurrent\futures\__init__.py
   Compressing: F:\Kimi Work\视频工具箱\tools\python\Lib\ctypes\util.py
   Compressing: F:\Kimi Work\视频工具箱\tools\python\Lib\ctypes\wintypes.py
   Compressing: F:\Kimi Work\视频工具箱\tools\python\Lib\ctypes\_aix.py
   Compressing: F:\Kimi Work\视频工具箱\tools\python\Lib\ctypes\_endian.py
   Compressing: F:\Kimi Work\视频工具箱\tools\python\Lib\ctypes\__init__.py
   Compressing: F:\Kimi Work\视频工具箱\tools\python\Lib\ctypes\macholib\dyld.py
   Compressing: F:\Kimi Work\视频工具箱\tools\python\Lib\ctypes\macholib\dylib.py
   Compressing: F:\Kimi Work\视频工具箱\tools\python\Lib\ctypes\macholib\fetch_macholib
   Compressing: F:\Kimi Work\视频工具箱\tools\python\Lib\ctypes\macholib\fetch_macholib.bat
   Compressing: F:\Kimi Work\视频工具箱\tools\python\Lib\ctypes\macholib\framework.py
   Compressing: F:\Kimi Work\视频工具箱\tools\python\Lib\ctypes\macholib\README.ctypes
   Compressing: F:\Kimi Work\视频工具箱\tools\python\Lib\ctypes\macholib\__init__.py
   Compressing: F:\Kimi Work\视频工具箱\tools\python\Lib\curses\ascii.py
   Compressing: F:\Kimi Work\视频工具箱\tools\python\Lib\curses\has_key.py
   Compressing: F:\Kimi Work\视频工具箱\tools\python\Lib\curses\panel.py
   Compressing: F:\Kimi Work\视频工具箱\tools\python\Lib\curses\textpad.py
   Compressing: F:\Kimi Work\视频工具箱\tools\python\Lib\curses\__init__.py
   Compressing: F:\Kimi Work\视频工具箱\tools\python\Lib\dbm\dumb.py
   Compressing: F:\Kimi Work\视频工具箱\tools\python\Lib\dbm\gnu.py
   Compressing: F:\Kimi Work\视频工具箱\tools\python\Lib\dbm\ndbm.py
   Compressing: F:\Kimi Work\视频工具箱\tools\python\Lib\dbm\__init__.py
   Compressing: F:\Kimi Work\视频工具箱\tools\python\Lib\email\architecture.rst
   Compressing: F:\Kimi Work\视频工具箱\tools\python\Lib\email\base64mime.py
   Compressing: F:\Kimi Work\视频工具箱\tools\python\Lib\email\charset.py
   Compressing: F:\Kimi Work\视频工具箱\tools\python\Lib\email\contentmanager.py
   Compressing: F:\Kimi Work\视频工具箱\tools\python\Lib\email\encoders.py
   Compressing: F:\Kimi Work\视频工具箱\tools\python\Lib\email\errors.py
   Compressing: F:\Kimi Work\视频工具箱\tools\python\Lib\email\feedparser.py
   Compressing: F:\Kimi Work\视频工具箱\tools\python\Lib\email\generator.py
   Compressing: F:\Kimi Work\视频工具箱\tools\python\Lib\email\header.py
   Compressing: F:\Kimi Work\视频工具箱\tools\python\Lib\email\headerregistry.py
   Compressing: F:\Kimi Work\视频工具箱\tools\python\Lib\email\iterators.py
   Compressing: F:\Kimi Work\视频工具箱\tools\python\Lib\email\message.py
   Compressing: F:\Kimi Work\视频工具箱\tools\python\Lib\email\parser.py
   Compressing: F:\Kimi Work\视频工具箱\tools\python\Lib\email\policy.py
   Compressing: F:\Kimi Work\视频工具箱\tools\python\Lib\email\quoprimime.py
   Compressing: F:\Kimi Work\视频工具箱\tools\python\Lib\email\utils.py
   Compressing: F:\Kimi Work\视频工具箱\tools\python\Lib\email\_encoded_words.py
   Compressing: F:\Kimi Work\视频工具箱\tools\python\Lib\email\_header_value_parser.py
   Compressing: F:\Kimi Work\视频工具箱\tools\python\Lib\email\_parseaddr.py
   Compressing: F:\Kimi Work\视频工具箱\tools\python\Lib\email\_policybase.py
   Compressing: F:\Kimi Work\视频工具箱\tools\python\Lib\email\__init__.py
   Compressing: F:\Kimi Work\视频工具箱\tools\python\Lib\email\mime\application.py
   Compressing: F:\Kimi Work\视频工具箱\tools\python\Lib\email\mime\audio.py
   Compressing: F:\Kimi Work\视频工具箱\tools\python\Lib\email\mime\base.py
   Compressing: F:\Kimi Work\视频工具箱\tools\python\Lib\email\mime\image.py
   Compressing: F:\Kimi Work\视频工具箱\tools\python\Lib\email\mime\message.py
   Compressing: F:\Kimi Work\视频工具箱\tools\python\Lib\email\mime\multipart.py
   Compressing: F:\Kimi Work\视频工具箱\tools\python\Lib\email\mime\nonmultipart.py
   Compressing: F:\Kimi Work\视频工具箱\tools\python\Lib\email\mime\text.py
   Compressing: F:\Kimi Work\视频工具箱\tools\python\Lib\email\mime\__init__.py
   Compressing: F:\Kimi Work\视频工具箱\tools\python\Lib\encodings\aliases.py
   Compressing: F:\Kimi Work\视频工具箱\tools\python\Lib\encodings\ascii.py
   Compressing: F:\Kimi Work\视频工具箱\tools\python\Lib\encodings\base64_codec.py
   Compressing: F:\Kimi Work\视频工具箱\tools\python\Lib\encodings\big5.py
   Compressing: F:\Kimi Work\视频工具箱\tools\python\Lib\encodings\big5hkscs.py
   Compressing: F:\Kimi Work\视频工具箱\tools\python\Lib\encodings\bz2_codec.py
   Compressing: F:\Kimi Work\视频工具箱\tools\python\Lib\encodings\charmap.py
   Compressing: F:\Kimi Work\视频工具箱\tools\python\Lib\encodings\cp037.py
   Compressing: F:\Kimi Work\视频工具箱\tools\python\Lib\encodings\cp1006.py
   Compressing: F:\Kimi Work\视频工具箱\tools\python\Lib\encodings\cp1026.py
   Compressing: F:\Kimi Work\视频工具箱\tools\python\Lib\encodings\cp1125.py
   Compressing: F:\Kimi Work\视频工具箱\tools\python\Lib\encodings\cp1140.py
   Compressing: F:\Kimi Work\视频工具箱\tools\python\Lib\encodings\cp1250.py
   Compressing: F:\Kimi Work\视频工具箱\tools\python\Lib\encodings\cp1251.py
   Compressing: F:\Kimi Work\视频工具箱\tools\python\Lib\encodings\cp1252.py
   Compressing: F:\Kimi Work\视频工具箱\tools\python\Lib\encodings\cp1253.py
   Compressing: F:\Kimi Work\视频工具箱\tools\python\Lib\encodings\cp1254.py
   Compressing: F:\Kimi Work\视频工具箱\tools\python\Lib\encodings\cp1255.py
   Compressing: F:\Kimi Work\视频工具箱\tools\python\Lib\encodings\cp1256.py
   Compressing: F:\Kimi Work\视频工具箱\tools\python\Lib\encodings\cp1257.py
   Compressing: F:\Kimi Work\视频工具箱\tools\python\Lib\encodings\cp1258.py
   Compressing: F:\Kimi Work\视频工具箱\tools\python\Lib\encodings\cp273.py
   Compressing: F:\Kimi Work\视频工具箱\tools\python\Lib\encodings\cp424.py
   Compressing: F:\Kimi Work\视频工具箱\tools\python\Lib\encodings\cp437.py
   Compressing: F:\Kimi Work\视频工具箱\tools\python\Lib\encodings\cp500.py
   Compressing: F:\Kimi Work\视频工具箱\tools\python\Lib\encodings\cp720.py
   Compressing: F:\Kimi Work\视频工具箱\tools\python\Lib\encodings\cp737.py
   Compressing: F:\Kimi Work\视频工具箱\tools\python\Lib\encodings\cp775.py
   Compressing: F:\Kimi Work\视频工具箱\tools\python\Lib\encodings\cp850.py
   Compressing: F:\Kimi Work\视频工具箱\tools\python\Lib\encodings\cp852.py
   Compressing: F:\Kimi Work\视频工具箱\tools\python\Lib\encodings\cp855.py
   Compressing: F:\Kimi Work\视频工具箱\tools\python\Lib\encodings\cp856.py
   Compressing: F:\Kimi Work\视频工具箱\tools\python\Lib\encodings\cp857.py
   Compressing: F:\Kimi Work\视频工具箱\tools\python\Lib\encodings\cp858.py
   Compressing: F:\Kimi Work\视频工具箱\tools\python\Lib\encodings\cp860.py
   Compressing: F:\Kimi Work\视频工具箱\tools\python\Lib\encodings\cp861.py
   Compressing: F:\Kimi Work\视频工具箱\tools\python\Lib\encodings\cp862.py
   Compressing: F:\Kimi Work\视频工具箱\tools\python\Lib\encodings\cp863.py
   Compressing: F:\Kimi Work\视频工具箱\tools\python\Lib\encodings\cp864.py
   Compressing: F:\Kimi Work\视频工具箱\tools\python\Lib\encodings\cp865.py
   Compressing: F:\Kimi Work\视频工具箱\tools\python\Lib\encodings\cp866.py
   Compressing: F:\Kimi Work\视频工具箱\tools\python\Lib\encodings\cp869.py
   Compressing: F:\Kimi Work\视频工具箱\tools\python\Lib\encodings\cp874.py
   Compressing: F:\Kimi Work\视频工具箱\tools\python\Lib\encodings\cp875.py
   Compressing: F:\Kimi Work\视频工具箱\tools\python\Lib\encodings\cp932.py
   Compressing: F:\Kimi Work\视频工具箱\tools\python\Lib\encodings\cp949.py
   Compressing: F:\Kimi Work\视频工具箱\tools\python\Lib\encodings\cp950.py
   Compressing: F:\Kimi Work\视频工具箱\tools\python\Lib\encodings\euc_jisx0213.py
   Compressing: F:\Kimi Work\视频工具箱\tools\python\Lib\encodings\euc_jis_2004.py
   Compressing: F:\Kimi Work\视频工具箱\tools\python\Lib\encodings\euc_jp.py
   Compressing: F:\Kimi Work\视频工具箱\tools\python\Lib\encodings\euc_kr.py
   Compressing: F:\Kimi Work\视频工具箱\tools\python\Lib\encodings\gb18030.py
   Compressing: F:\Kimi Work\视频工具箱\tools\python\Lib\encodings\gb2312.py
   Compressing: F:\Kimi Work\视频工具箱\tools\python\Lib\encodings\gbk.py
   Compressing: F:\Kimi Work\视频工具箱\tools\python\Lib\encodings\hex_codec.py
   Compressing: F:\Kimi Work\视频工具箱\tools\python\Lib\encodings\hp_roman8.py
   Compressing: F:\Kimi Work\视频工具箱\tools\python\Lib\encodings\hz.py
   Compressing: F:\Kimi Work\视频工具箱\tools\python\Lib\encodings\idna.py
   Compressing: F:\Kimi Work\视频工具箱\tools\python\Lib\encodings\iso2022_jp.py
   Compressing: F:\Kimi Work\视频工具箱\tools\python\Lib\encodings\iso2022_jp_1.py
   Compressing: F:\Kimi Work\视频工具箱\tools\python\Lib\encodings\iso2022_jp_2.py
   Compressing: F:\Kimi Work\视频工具箱\tools\python\Lib\encodings\iso2022_jp_2004.py
   Compressing: F:\Kimi Work\视频工具箱\tools\python\Lib\encodings\iso2022_jp_3.py
   Compressing: F:\Kimi Work\视频工具箱\tools\python\Lib\encodings\iso2022_jp_ext.py
   Compressing: F:\Kimi Work\视频工具箱\tools\python\Lib\encodings\iso2022_kr.py
   Compressing: F:\Kimi Work\视频工具箱\tools\python\Lib\encodings\iso8859_1.py
   Compressing: F:\Kimi Work\视频工具箱\tools\python\Lib\encodings\iso8859_10.py
   Compressing: F:\Kimi Work\视频工具箱\tools\python\Lib\encodings\iso8859_11.py
   Compressing: F:\Kimi Work\视频工具箱\tools\python\Lib\encodings\iso8859_13.py
   Compressing: F:\Kimi Work\视频工具箱\tools\python\Lib\encodings\iso8859_14.py
   Compressing: F:\Kimi Work\视频工具箱\tools\python\Lib\encodings\iso8859_15.py
   Compressing: F:\Kimi Work\视频工具箱\tools\python\Lib\encodings\iso8859_16.py
   Compressing: F:\Kimi Work\视频工具箱\tools\python\Lib\encodings\iso8859_2.py
   Compressing: F:\Kimi Work\视频工具箱\tools\python\Lib\encodings\iso8859_3.py
   Compressing: F:\Kimi Work\视频工具箱\tools\python\Lib\encodings\iso8859_4.py
   Compressing: F:\Kimi Work\视频工具箱\tools\python\Lib\encodings\iso8859_5.py
   Compressing: F:\Kimi Work\视频工具箱\tools\python\Lib\encodings\iso8859_6.py
   Compressing: F:\Kimi Work\视频工具箱\tools\python\Lib\encodings\iso8859_7.py
   Compressing: F:\Kimi Work\视频工具箱\tools\python\Lib\encodings\iso8859_8.py
   Compressing: F:\Kimi Work\视频工具箱\tools\python\Lib\encodings\iso8859_9.py
   Compressing: F:\Kimi Work\视频工具箱\tools\python\Lib\encodings\johab.py
   Compressing: F:\Kimi Work\视频工具箱\tools\python\Lib\encodings\koi8_r.py
   Compressing: F:\Kimi Work\视频工具箱\tools\python\Lib\encodings\koi8_t.py
   Compressing: F:\Kimi Work\视频工具箱\tools\python\Lib\encodings\koi8_u.py
   Compressing: F:\Kimi Work\视频工具箱\tools\python\Lib\encodings\kz1048.py
   Compressing: F:\Kimi Work\视频工具箱\tools\python\Lib\encodings\latin_1.py
   Compressing: F:\Kimi Work\视频工具箱\tools\python\Lib\encodings\mac_arabic.py
   Compressing: F:\Kimi Work\视频工具箱\tools\python\Lib\encodings\mac_croatian.py
   Compressing: F:\Kimi Work\视频工具箱\tools\python\Lib\encodings\mac_cyrillic.py
   Compressing: F:\Kimi Work\视频工具箱\tools\python\Lib\encodings\mac_farsi.py
   Compressing: F:\Kimi Work\视频工具箱\tools\python\Lib\encodings\mac_greek.py
   Compressing: F:\Kimi Work\视频工具箱\tools\python\Lib\encodings\mac_iceland.py
   Compressing: F:\Kimi Work\视频工具箱\tools\python\Lib\encodings\mac_latin2.py
   Compressing: F:\Kimi Work\视频工具箱\tools\python\Lib\encodings\mac_roman.py
   Compressing: F:\Kimi Work\视频工具箱\tools\python\Lib\encodings\mac_romanian.py
   Compressing: F:\Kimi Work\视频工具箱\tools\python\Lib\encodings\mac_turkish.py
   Compressing: F:\Kimi Work\视频工具箱\tools\python\Lib\encodings\mbcs.py
   Compressing: F:\Kimi Work\视频工具箱\tools\python\Lib\encodings\oem.py
   Compressing: F:\Kimi Work\视频工具箱\tools\python\Lib\encodings\palmos.py
   Compressing: F:\Kimi Work\视频工具箱\tools\python\Lib\encodings\ptcp154.py
   Compressing: F:\Kimi Work\视频工具箱\tools\python\Lib\encodings\punycode.py
   Compressing: F:\Kimi Work\视频工具箱\tools\python\Lib\encodings\quopri_codec.py
   Compressing: F:\Kimi Work\视频工具箱\tools\python\Lib\encodings\raw_unicode_escape.py
   Compressing: F:\Kimi Work\视频工具箱\tools\python\Lib\encodings\rot_13.py
   Compressing: F:\Kimi Work\视频工具箱\tools\python\Lib\encodings\shift_jis.py
   Compressing: F:\Kimi Work\视频工具箱\tools\python\Lib\encodings\shift_jisx0213.py
   Compressing: F:\Kimi Work\视频工具箱\tools\python\Lib\encodings\shift_jis_2004.py
   Compressing: F:\Kimi Work\视频工具箱\tools\python\Lib\encodings\tis_620.py
   Compressing: F:\Kimi Work\视频工具箱\tools\python\Lib\encodings\undefined.py
   Compressing: F:\Kimi Work\视频工具箱\tools\python\Lib\encodings\unicode_escape.py
   Compressing: F:\Kimi Work\视频工具箱\tools\python\Lib\encodings\utf_16.py
   Compressing: F:\Kimi Work\视频工具箱\tools\python\Lib\encodings\utf_16_be.py
   Compressing: F:\Kimi Work\视频工具箱\tools\python\Lib\encodings\utf_16_le.py
   Compressing: F:\Kimi Work\视频工具箱\tools\python\Lib\encodings\utf_32.py
   Compressing: F:\Kimi Work\视频工具箱\tools\python\Lib\encodings\utf_32_be.py
   Compressing: F:\Kimi Work\视频工具箱\tools\python\Lib\encodings\utf_32_le.py
   Compressing: F:\Kimi Work\视频工具箱\tools\python\Lib\encodings\utf_7.py
   Compressing: F:\Kimi Work\视频工具箱\tools\python\Lib\encodings\utf_8.py
   Compressing: F:\Kimi Work\视频工具箱\tools\python\Lib\encodings\utf_8_sig.py
   Compressing: F:\Kimi Work\视频工具箱\tools\python\Lib\encodings\uu_codec.py
   Compressing: F:\Kimi Work\视频工具箱\tools\python\Lib\encodings\zlib_codec.py
   Compressing: F:\Kimi Work\视频工具箱\tools\python\Lib\encodings\__init__.py
   Compressing: F:\Kimi Work\视频工具箱\tools\python\Lib\ensurepip\_uninstall.py
   Compressing: F:\Kimi Work\视频工具箱\tools\python\Lib\ensurepip\__init__.py
   Compressing: F:\Kimi Work\视频工具箱\tools\python\Lib\ensurepip\__main__.py
   Compressing: F:\Kimi Work\视频工具箱\tools\python\Lib\ensurepip\_bundled\pip-25.0.1-py3-none-any.whl
   Compressing: F:\Kimi Work\视频工具箱\tools\python\Lib\html\entities.py
   Compressing: F:\Kimi Work\视频工具箱\tools\python\Lib\html\parser.py
   Compressing: F:\Kimi Work\视频工具箱\tools\python\Lib\html\__init__.py
   Compressing: F:\Kimi Work\视频工具箱\tools\python\Lib\http\client.py
   Compressing: F:\Kimi Work\视频工具箱\tools\python\Lib\http\cookiejar.py
   Compressing: F:\Kimi Work\视频工具箱\tools\python\Lib\http\cookies.py
   Compressing: F:\Kimi Work\视频工具箱\tools\python\Lib\http\server.py
   Compressing: F:\Kimi Work\视频工具箱\tools\python\Lib\http\__init__.py
   Compressing: F:\Kimi Work\视频工具箱\tools\python\Lib\importlib\abc.py
   Compressing: F:\Kimi Work\视频工具箱\tools\python\Lib\importlib\machinery.py
   Compressing: F:\Kimi Work\视频工具箱\tools\python\Lib\importlib\readers.py
   Compressing: F:\Kimi Work\视频工具箱\tools\python\Lib\importlib\simple.py
   Compressing: F:\Kimi Work\视频工具箱\tools\python\Lib\importlib\util.py
   Compressing: F:\Kimi Work\视频工具箱\tools\python\Lib\importlib\_abc.py
   Compressing: F:\Kimi Work\视频工具箱\tools\python\Lib\importlib\_bootstrap.py
   Compressing: F:\Kimi Work\视频工具箱\tools\python\Lib\importlib\_bootstrap_external.py
   Compressing: F:\Kimi Work\视频工具箱\tools\python\Lib\importlib\__init__.py
   Compressing: F:\Kimi Work\视频工具箱\tools\python\Lib\importlib\metadata\_adapters.py
   Compressing: F:\Kimi Work\视频工具箱\tools\python\Lib\importlib\metadata\_collections.py
   Compressing: F:\Kimi Work\视频工具箱\tools\python\Lib\importlib\metadata\_functools.py
   Compressing: F:\Kimi Work\视频工具箱\tools\python\Lib\importlib\metadata\_itertools.py
   Compressing: F:\Kimi Work\视频工具箱\tools\python\Lib\importlib\metadata\_meta.py
   Compressing: F:\Kimi Work\视频工具箱\tools\python\Lib\importlib\metadata\_text.py
   Compressing: F:\Kimi Work\视频工具箱\tools\python\Lib\importlib\metadata\__init__.py
   Compressing: F:\Kimi Work\视频工具箱\tools\python\Lib\importlib\resources\abc.py
   Compressing: F:\Kimi Work\视频工具箱\tools\python\Lib\importlib\resources\readers.py
   Compressing: F:\Kimi Work\视频工具箱\tools\python\Lib\importlib\resources\simple.py
   Compressing: F:\Kimi Work\视频工具箱\tools\python\Lib\importlib\resources\_adapters.py
   Compressing: F:\Kimi Work\视频工具箱\tools\python\Lib\importlib\resources\_common.py
   Compressing: F:\Kimi Work\视频工具箱\tools\python\Lib\importlib\resources\_itertools.py
   Compressing: F:\Kimi Work\视频工具箱\tools\python\Lib\importlib\resources\_legacy.py
   Compressing: F:\Kimi Work\视频工具箱\tools\python\Lib\importlib\resources\__init__.py
   Compressing: F:\Kimi Work\视频工具箱\tools\python\Lib\json\decoder.py
   Compressing: F:\Kimi Work\视频工具箱\tools\python\Lib\json\encoder.py
   Compressing: F:\Kimi Work\视频工具箱\tools\python\Lib\json\scanner.py
   Compressing: F:\Kimi Work\视频工具箱\tools\python\Lib\json\tool.py
   Compressing: F:\Kimi Work\视频工具箱\tools\python\Lib\json\__init__.py
   Compressing: F:\Kimi Work\视频工具箱\tools\python\Lib\lib2to3\btm_matcher.py
   Compressing: F:\Kimi Work\视频工具箱\tools\python\Lib\lib2to3\btm_utils.py
   Compressing: F:\Kimi Work\视频工具箱\tools\python\Lib\lib2to3\fixer_base.py
   Compressing: F:\Kimi Work\视频工具箱\tools\python\Lib\lib2to3\fixer_util.py
   Compressing: F:\Kimi Work\视频工具箱\tools\python\Lib\lib2to3\Grammar.txt
   Compressing: F:\Kimi Work\视频工具箱\tools\python\Lib\lib2to3\main.py
   Compressing: F:\Kimi Work\视频工具箱\tools\python\Lib\lib2to3\patcomp.py
   Compressing: F:\Kimi Work\视频工具箱\tools\python\Lib\lib2to3\PatternGrammar.txt
   Compressing: F:\Kimi Work\视频工具箱\tools\python\Lib\lib2to3\pygram.py
   Compressing: F:\Kimi Work\视频工具箱\tools\python\Lib\lib2to3\pytree.py
   Compressing: F:\Kimi Work\视频工具箱\tools\python\Lib\lib2to3\refactor.py
   Compressing: F:\Kimi Work\视频工具箱\tools\python\Lib\lib2to3\__init__.py
   Compressing: F:\Kimi Work\视频工具箱\tools\python\Lib\lib2to3\__main__.py
   Compressing: F:\Kimi Work\视频工具箱\tools\python\Lib\lib2to3\fixes\fix_apply.py
   Compressing: F:\Kimi Work\视频工具箱\tools\python\Lib\lib2to3\fixes\fix_asserts.py
   Compressing: F:\Kimi Work\视频工具箱\tools\python\Lib\lib2to3\fixes\fix_basestring.py
   Compressing: F:\Kimi Work\视频工具箱\tools\python\Lib\lib2to3\fixes\fix_buffer.py
   Compressing: F:\Kimi Work\视频工具箱\tools\python\Lib\lib2to3\fixes\fix_dict.py
   Compressing: F:\Kimi Work\视频工具箱\tools\python\Lib\lib2to3\fixes\fix_except.py
   Compressing: F:\Kimi Work\视频工具箱\tools\python\Lib\lib2to3\fixes\fix_exec.py
   Compressing: F:\Kimi Work\视频工具箱\tools\python\Lib\lib2to3\fixes\fix_execfile.py
   Compressing: F:\Kimi Work\视频工具箱\tools\python\Lib\lib2to3\fixes\fix_exitfunc.py
   Compressing: F:\Kimi Work\视频工具箱\tools\python\Lib\lib2to3\fixes\fix_filter.py
   Compressing: F:\Kimi Work\视频工具箱\tools\python\Lib\lib2to3\fixes\fix_funcattrs.py
   Compressing: F:\Kimi Work\视频工具箱\tools\python\Lib\lib2to3\fixes\fix_future.py
   Compressing: F:\Kimi Work\视频工具箱\tools\python\Lib\lib2to3\fixes\fix_getcwdu.py
   Compressing: F:\Kimi Work\视频工具箱\tools\python\Lib\lib2to3\fixes\fix_has_key.py
   Compressing: F:\Kimi Work\视频工具箱\tools\python\Lib\lib2to3\fixes\fix_idioms.py
   Compressing: F:\Kimi Work\视频工具箱\tools\python\Lib\lib2to3\fixes\fix_import.py
   Compressing: F:\Kimi Work\视频工具箱\tools\python\Lib\lib2to3\fixes\fix_imports.py
   Compressing: F:\Kimi Work\视频工具箱\tools\python\Lib\lib2to3\fixes\fix_imports2.py
   Compressing: F:\Kimi Work\视频工具箱\tools\python\Lib\lib2to3\fixes\fix_input.py
   Compressing: F:\Kimi Work\视频工具箱\tools\python\Lib\lib2to3\fixes\fix_intern.py
   Compressing: F:\Kimi Work\视频工具箱\tools\python\Lib\lib2to3\fixes\fix_isinstance.py
   Compressing: F:\Kimi Work\视频工具箱\tools\python\Lib\lib2to3\fixes\fix_itertools.py
   Compressing: F:\Kimi Work\视频工具箱\tools\python\Lib\lib2to3\fixes\fix_itertools_imports.py
   Compressing: F:\Kimi Work\视频工具箱\tools\python\Lib\lib2to3\fixes\fix_long.py
   Compressing: F:\Kimi Work\视频工具箱\tools\python\Lib\lib2to3\fixes\fix_map.py
   Compressing: F:\Kimi Work\视频工具箱\tools\python\Lib\lib2to3\fixes\fix_metaclass.py
   Compressing: F:\Kimi Work\视频工具箱\tools\python\Lib\lib2to3\fixes\fix_methodattrs.py
   Compressing: F:\Kimi Work\视频工具箱\tools\python\Lib\lib2to3\fixes\fix_ne.py
   Compressing: F:\Kimi Work\视频工具箱\tools\python\Lib\lib2to3\fixes\fix_next.py
   Compressing: F:\Kimi Work\视频工具箱\tools\python\Lib\lib2to3\fixes\fix_nonzero.py
   Compressing: F:\Kimi Work\视频工具箱\tools\python\Lib\lib2to3\fixes\fix_numliterals.py
   Compressing: F:\Kimi Work\视频工具箱\tools\python\Lib\lib2to3\fixes\fix_operator.py
   Compressing: F:\Kimi Work\视频工具箱\tools\python\Lib\lib2to3\fixes\fix_paren.py
   Compressing: F:\Kimi Work\视频工具箱\tools\python\Lib\lib2to3\fixes\fix_print.py
   Compressing: F:\Kimi Work\视频工具箱\tools\python\Lib\lib2to3\fixes\fix_raise.py
   Compressing: F:\Kimi Work\视频工具箱\tools\python\Lib\lib2to3\fixes\fix_raw_input.py
   Compressing: F:\Kimi Work\视频工具箱\tools\python\Lib\lib2to3\fixes\fix_reduce.py
   Compressing: F:\Kimi Work\视频工具箱\tools\python\Lib\lib2to3\fixes\fix_reload.py
   Compressing: F:\Kimi Work\视频工具箱\tools\python\Lib\lib2to3\fixes\fix_renames.py
   Compressing: F:\Kimi Work\视频工具箱\tools\python\Lib\lib2to3\fixes\fix_repr.py
   Compressing: F:\Kimi Work\视频工具箱\tools\python\Lib\lib2to3\fixes\fix_set_literal.py
   Compressing: F:\Kimi Work\视频工具箱\tools\python\Lib\lib2to3\fixes\fix_standarderror.py
   Compressing: F:\Kimi Work\视频工具箱\tools\python\Lib\lib2to3\fixes\fix_sys_exc.py
   Compressing: F:\Kimi Work\视频工具箱\tools\python\Lib\lib2to3\fixes\fix_throw.py
   Compressing: F:\Kimi Work\视频工具箱\tools\python\Lib\lib2to3\fixes\fix_tuple_params.py
   Compressing: F:\Kimi Work\视频工具箱\tools\python\Lib\lib2to3\fixes\fix_types.py
   Compressing: F:\Kimi Work\视频工具箱\tools\python\Lib\lib2to3\fixes\fix_unicode.py
   Compressing: F:\Kimi Work\视频工具箱\tools\python\Lib\lib2to3\fixes\fix_urllib.py
   Compressing: F:\Kimi Work\视频工具箱\tools\python\Lib\lib2to3\fixes\fix_ws_comma.py
   Compressing: F:\Kimi Work\视频工具箱\tools\python\Lib\lib2to3\fixes\fix_xrange.py
   Compressing: F:\Kimi Work\视频工具箱\tools\python\Lib\lib2to3\fixes\fix_xreadlines.py
   Compressing: F:\Kimi Work\视频工具箱\tools\python\Lib\lib2to3\fixes\fix_zip.py
   Compressing: F:\Kimi Work\视频工具箱\tools\python\Lib\lib2to3\fixes\__init__.py
   Compressing: F:\Kimi Work\视频工具箱\tools\python\Lib\lib2to3\pgen2\conv.py
   Compressing: F:\Kimi Work\视频工具箱\tools\python\Lib\lib2to3\pgen2\driver.py
   Compressing: F:\Kimi Work\视频工具箱\tools\python\Lib\lib2to3\pgen2\grammar.py
   Compressing: F:\Kimi Work\视频工具箱\tools\python\Lib\lib2to3\pgen2\literals.py
   Compressing: F:\Kimi Work\视频工具箱\tools\python\Lib\lib2to3\pgen2\parse.py
   Compressing: F:\Kimi Work\视频工具箱\tools\python\Lib\lib2to3\pgen2\pgen.py
   Compressing: F:\Kimi Work\视频工具箱\tools\python\Lib\lib2to3\pgen2\token.py
   Compressing: F:\Kimi Work\视频工具箱\tools\python\Lib\lib2to3\pgen2\tokenize.py
   Compressing: F:\Kimi Work\视频工具箱\tools\python\Lib\lib2to3\pgen2\__init__.py
   Compressing: F:\Kimi Work\视频工具箱\tools\python\Lib\logging\config.py
   Compressing: F:\Kimi Work\视频工具箱\tools\python\Lib\logging\handlers.py
   Compressing: F:\Kimi Work\视频工具箱\tools\python\Lib\logging\__init__.py
   Compressing: F:\Kimi Work\视频工具箱\tools\python\Lib\msilib\schema.py
   Compressing: F:\Kimi Work\视频工具箱\tools\python\Lib\msilib\sequence.py
   Compressing: F:\Kimi Work\视频工具箱\tools\python\Lib\msilib\text.py
   Compressing: F:\Kimi Work\视频工具箱\tools\python\Lib\msilib\__init__.py
   Compressing: F:\Kimi Work\视频工具箱\tools\python\Lib\multiprocessing\connection.py
   Compressing: F:\Kimi Work\视频工具箱\tools\python\Lib\multiprocessing\context.py
   Compressing: F:\Kimi Work\视频工具箱\tools\python\Lib\multiprocessing\forkserver.py
   Compressing: F:\Kimi Work\视频工具箱\tools\python\Lib\multiprocessing\heap.py
   Compressing: F:\Kimi Work\视频工具箱\tools\python\Lib\multiprocessing\managers.py
   Compressing: F:\Kimi Work\视频工具箱\tools\python\Lib\multiprocessing\pool.py
   Compressing: F:\Kimi Work\视频工具箱\tools\python\Lib\multiprocessing\popen_fork.py
   Compressing: F:\Kimi Work\视频工具箱\tools\python\Lib\multiprocessing\popen_forkserver.py
   Compressing: F:\Kimi Work\视频工具箱\tools\python\Lib\multiprocessing\popen_spawn_posix.py
   Compressing: F:\Kimi Work\视频工具箱\tools\python\Lib\multiprocessing\popen_spawn_win32.py
   Compressing: F:\Kimi Work\视频工具箱\tools\python\Lib\multiprocessing\process.py
   Compressing: F:\Kimi Work\视频工具箱\tools\python\Lib\multiprocessing\queues.py
   Compressing: F:\Kimi Work\视频工具箱\tools\python\Lib\multiprocessing\reduction.py
   Compressing: F:\Kimi Work\视频工具箱\tools\python\Lib\multiprocessing\resource_sharer.py
   Compressing: F:\Kimi Work\视频工具箱\tools\python\Lib\multiprocessing\resource_tracker.py
   Compressing: F:\Kimi Work\视频工具箱\tools\python\Lib\multiprocessing\sharedctypes.py
   Compressing: F:\Kimi Work\视频工具箱\tools\python\Lib\multiprocessing\shared_memory.py
   Compressing: F:\Kimi Work\视频工具箱\tools\python\Lib\multiprocessing\spawn.py
   Compressing: F:\Kimi Work\视频工具箱\tools\python\Lib\multiprocessing\synchronize.py
   Compressing: F:\Kimi Work\视频工具箱\tools\python\Lib\multiprocessing\util.py
   Compressing: F:\Kimi Work\视频工具箱\tools\python\Lib\multiprocessing\__init__.py
   Compressing: F:\Kimi Work\视频工具箱\tools\python\Lib\multiprocessing\dummy\connection.py
   Compressing: F:\Kimi Work\视频工具箱\tools\python\Lib\multiprocessing\dummy\__init__.py
   Compressing: F:\Kimi Work\视频工具箱\tools\python\Lib\pydoc_data\topics.py
   Compressing: F:\Kimi Work\视频工具箱\tools\python\Lib\pydoc_data\_pydoc.css
   Compressing: F:\Kimi Work\视频工具箱\tools\python\Lib\pydoc_data\__init__.py
   Compressing: F:\Kimi Work\视频工具箱\tools\python\Lib\re\_casefix.py
   Compressing: F:\Kimi Work\视频工具箱\tools\python\Lib\re\_compiler.py
   Compressing: F:\Kimi Work\视频工具箱\tools\python\Lib\re\_constants.py
   Compressing: F:\Kimi Work\视频工具箱\tools\python\Lib\re\_parser.py
   Compressing: F:\Kimi Work\视频工具箱\tools\python\Lib\re\__init__.py
   Compressing: F:\Kimi Work\视频工具箱\tools\python\Lib\site-packages\NEWS.txt
   Compressing: F:\Kimi Work\视频工具箱\tools\python\Lib\site-packages\typing_extensions.py
   Compressing: F:\Kimi Work\视频工具箱\tools\python\Lib\site-packages\anyio\from_thread.py
   Compressing: F:\Kimi Work\视频工具箱\tools\python\Lib\site-packages\anyio\functools.py
   Compressing: F:\Kimi Work\视频工具箱\tools\python\Lib\site-packages\anyio\itertools.py
   Compressing: F:\Kimi Work\视频工具箱\tools\python\Lib\site-packages\anyio\lowlevel.py
   Compressing: F:\Kimi Work\视频工具箱\tools\python\Lib\site-packages\anyio\py.typed
   Compressing: F:\Kimi Work\视频工具箱\tools\python\Lib\site-packages\anyio\pytest_plugin.py
   Compressing: F:\Kimi Work\视频工具箱\tools\python\Lib\site-packages\anyio\to_interpreter.py
   Compressing: F:\Kimi Work\视频工具箱\tools\python\Lib\site-packages\anyio\to_process.py
   Compressing: F:\Kimi Work\视频工具箱\tools\python\Lib\site-packages\anyio\to_thread.py
   Compressing: F:\Kimi Work\视频工具箱\tools\python\Lib\site-packages\anyio\_lazyimport.py
   Compressing: F:\Kimi Work\视频工具箱\tools\python\Lib\site-packages\anyio\__init__.py
   Compressing: F:\Kimi Work\视频工具箱\tools\python\Lib\site-packages\anyio\abc\_eventloop.py
   Compressing: F:\Kimi Work\视频工具箱\tools\python\Lib\site-packages\anyio\abc\_resources.py
   Compressing: F:\Kimi Work\视频工具箱\tools\python\Lib\site-packages\anyio\abc\_sockets.py
   Compressing: F:\Kimi Work\视频工具箱\tools\python\Lib\site-packages\anyio\abc\_streams.py
   Compressing: F:\Kimi Work\视频工具箱\tools\python\Lib\site-packages\anyio\abc\_subprocesses.py
   Compressing: F:\Kimi Work\视频工具箱\tools\python\Lib\site-packages\anyio\abc\_tasks.py
   Compressing: F:\Kimi Work\视频工具箱\tools\python\Lib\site-packages\anyio\abc\_testing.py
   Compressing: F:\Kimi Work\视频工具箱\tools\python\Lib\site-packages\anyio\abc\__init__.py
   Compressing: F:\Kimi Work\视频工具箱\tools\python\Lib\site-packages\anyio\streams\buffered.py
   Compressing: F:\Kimi Work\视频工具箱\tools\python\Lib\site-packages\anyio\streams\file.py
   Compressing: F:\Kimi Work\视频工具箱\tools\python\Lib\site-packages\anyio\streams\memory.py
   Compressing: F:\Kimi Work\视频工具箱\tools\python\Lib\site-packages\anyio\streams\stapled.py
   Compressing: F:\Kimi Work\视频工具箱\tools\python\Lib\site-packages\anyio\streams\text.py
   Compressing: F:\Kimi Work\视频工具箱\tools\python\Lib\site-packages\anyio\streams\tls.py
   Compressing: F:\Kimi Work\视频工具箱\tools\python\Lib\site-packages\anyio\streams\__init__.py
   Compressing: F:\Kimi Work\视频工具箱\tools\python\Lib\site-packages\anyio\_backends\_asyncio.py
   Compressing: F:\Kimi Work\视频工具箱\tools\python\Lib\site-packages\anyio\_backends\_trio.py
   Compressing: F:\Kimi Work\视频工具箱\tools\python\Lib\site-packages\anyio\_backends\__init__.py
   Compressing: F:\Kimi Work\视频工具箱\tools\python\Lib\site-packages\anyio\_core\_asyncio_selector_thread.py
   Compressing: F:\Kimi Work\视频工具箱\tools\python\Lib\site-packages\anyio\_core\_concurrency_utils.py
   Compressing: F:\Kimi Work\视频工具箱\tools\python\Lib\site-packages\anyio\_core\_contextmanagers.py
   Compressing: F:\Kimi Work\视频工具箱\tools\python\Lib\site-packages\anyio\_core\_eventloop.py
   Compressing: F:\Kimi Work\视频工具箱\tools\python\Lib\site-packages\anyio\_core\_exceptions.py
   Compressing: F:\Kimi Work\视频工具箱\tools\python\Lib\site-packages\anyio\_core\_fileio.py
   Compressing: F:\Kimi Work\视频工具箱\tools\python\Lib\site-packages\anyio\_core\_futures.py
   Compressing: F:\Kimi Work\视频工具箱\tools\python\Lib\site-packages\anyio\_core\_resources.py
   Compressing: F:\Kimi Work\视频工具箱\tools\python\Lib\site-packages\anyio\_core\_signals.py
   Compressing: F:\Kimi Work\视频工具箱\tools\python\Lib\site-packages\anyio\_core\_sockets.py
   Compressing: F:\Kimi Work\视频工具箱\tools\python\Lib\site-packages\anyio\_core\_streams.py
   Compressing: F:\Kimi Work\视频工具箱\tools\python\Lib\site-packages\anyio\_core\_subprocesses.py
   Compressing: F:\Kimi Work\视频工具箱\tools\python\Lib\site-packages\anyio\_core\_synchronization.py
   Compressing: F:\Kimi Work\视频工具箱\tools\python\Lib\site-packages\anyio\_core\_tasks.py
   Compressing: F:\Kimi Work\视频工具箱\tools\python\Lib\site-packages\anyio\_core\_tempfile.py
   Compressing: F:\Kimi Work\视频工具箱\tools\python\Lib\site-packages\anyio\_core\_testing.py
   Compressing: F:\Kimi Work\视频工具箱\tools\python\Lib\site-packages\anyio\_core\_typedattr.py
   Compressing: F:\Kimi Work\视频工具箱\tools\python\Lib\site-packages\anyio\_core\__init__.py
   Compressing: F:\Kimi Work\视频工具箱\tools\python\Lib\site-packages\anyio-4.15.0.dist-info\entry_points.txt
   Compressing: F:\Kimi Work\视频工具箱\tools\python\Lib\site-packages\anyio-4.15.0.dist-info\INSTALLER
   Compressing: F:\Kimi Work\视频工具箱\tools\python\Lib\site-packages\anyio-4.15.0.dist-info\METADATA
   Compressing: F:\Kimi Work\视频工具箱\tools\python\Lib\site-packages\anyio-4.15.0.dist-info\RECORD
   Compressing: F:\Kimi Work\视频工具箱\tools\python\Lib\site-packages\anyio-4.15.0.dist-info\top_level.txt
   Compressing: F:\Kimi Work\视频工具箱\tools\python\Lib\site-packages\anyio-4.15.0.dist-info\WHEEL
   Compressing: F:\Kimi Work\视频工具箱\tools\python\Lib\site-packages\anyio-4.15.0.dist-info\licenses\LICENSE
   Compressing: F:\Kimi Work\视频工具箱\tools\python\Lib\site-packages\anyio-4.15.1.dist-info\entry_points.txt
   Compressing: F:\Kimi Work\视频工具箱\tools\python\Lib\site-packages\anyio-4.15.1.dist-info\INSTALLER
   Compressing: F:\Kimi Work\视频工具箱\tools\python\Lib\site-packages\anyio-4.15.1.dist-info\METADATA
   Compressing: F:\Kimi Work\视频工具箱\tools\python\Lib\site-packages\anyio-4.15.1.dist-info\RECORD
   Compressing: F:\Kimi Work\视频工具箱\tools\python\Lib\site-packages\anyio-4.15.1.dist-info\top_level.txt
   Compressing: F:\Kimi Work\视频工具箱\tools\python\Lib\site-packages\anyio-4.15.1.dist-info\WHEEL
   Compressing: F:\Kimi Work\视频工具箱\tools\python\Lib\site-packages\anyio-4.15.1.dist-info\licenses\LICENSE
   Compressing: F:\Kimi Work\视频工具箱\tools\python\Lib\site-packages\av\about.py
   Compressing: F:\Kimi Work\视频工具箱\tools\python\Lib\site-packages\av\bitstream.pxd
   Compressing: F:\Kimi Work\视频工具箱\tools\python\Lib\site-packages\av\bitstream.py
   Compressing: F:\Kimi Work\视频工具箱\tools\python\Lib\site-packages\av\bitstream.pyd
   Compressing: F:\Kimi Work\视频工具箱\tools\python\Lib\site-packages\av\bitstream.pyi
   Compressing: F:\Kimi Work\视频工具箱\tools\python\Lib\site-packages\av\buffer.pxd
   Compressing: F:\Kimi Work\视频工具箱\tools\python\Lib\site-packages\av\buffer.py
   Compressing: F:\Kimi Work\视频工具箱\tools\python\Lib\site-packages\av\buffer.pyd
   Compressing: F:\Kimi Work\视频工具箱\tools\python\Lib\site-packages\av\buffer.pyi
   Compressing: F:\Kimi Work\视频工具箱\tools\python\Lib\site-packages\av\datasets.py
   Compressing: F:\Kimi Work\视频工具箱\tools\python\Lib\site-packages\av\device.py
   Compressing: F:\Kimi Work\视频工具箱\tools\python\Lib\site-packages\av\device.pyd
   Compressing: F:\Kimi Work\视频工具箱\tools\python\Lib\site-packages\av\device.pyi
   Compressing: F:\Kimi Work\视频工具箱\tools\python\Lib\site-packages\av\dictionary.pxd
   Compressing: F:\Kimi Work\视频工具箱\tools\python\Lib\site-packages\av\dictionary.py
   Compressing: F:\Kimi Work\视频工具箱\tools\python\Lib\site-packages\av\dictionary.pyd
   Compressing: F:\Kimi Work\视频工具箱\tools\python\Lib\site-packages\av\dictionary.pyi
   Compressing: F:\Kimi Work\视频工具箱\tools\python\Lib\site-packages\av\error.pxd
   Compressing: F:\Kimi Work\视频工具箱\tools\python\Lib\site-packages\av\error.py
   Compressing: F:\Kimi Work\视频工具箱\tools\python\Lib\site-packages\av\error.pyd
   Compressing: F:\Kimi Work\视频工具箱\tools\python\Lib\site-packages\av\error.pyi
   Compressing: F:\Kimi Work\视频工具箱\tools\python\Lib\site-packages\av\format.pxd
   Compressing: F:\Kimi Work\视频工具箱\tools\python\Lib\site-packages\av\format.py
   Compressing: F:\Kimi Work\视频工具箱\tools\python\Lib\site-packages\av\format.pyd
   Compressing: F:\Kimi Work\视频工具箱\tools\python\Lib\site-packages\av\format.pyi
   Compressing: F:\Kimi Work\视频工具箱\tools\python\Lib\site-packages\av\frame.pxd
   Compressing: F:\Kimi Work\视频工具箱\tools\python\Lib\site-packages\av\frame.py
   Compressing: F:\Kimi Work\视频工具箱\tools\python\Lib\site-packages\av\frame.pyd
   Compressing: F:\Kimi Work\视频工具箱\tools\python\Lib\site-packages\av\frame.pyi
   Compressing: F:\Kimi Work\视频工具箱\tools\python\Lib\site-packages\av\index.pxd
   Compressing: F:\Kimi Work\视频工具箱\tools\python\Lib\site-packages\av\index.py
   Compressing: F:\Kimi Work\视频工具箱\tools\python\Lib\site-packages\av\index.pyd
   Compressing: F:\Kimi Work\视频工具箱\tools\python\Lib\site-packages\av\index.pyi
   Compressing: F:\Kimi Work\视频工具箱\tools\python\Lib\site-packages\av\logging.pxd
   Compressing: F:\Kimi Work\视频工具箱\tools\python\Lib\site-packages\av\logging.py
   Compressing: F:\Kimi Work\视频工具箱\tools\python\Lib\site-packages\av\logging.pyd
   Compressing: F:\Kimi Work\视频工具箱\tools\python\Lib\site-packages\av\logging.pyi
   Compressing: F:\Kimi Work\视频工具箱\tools\python\Lib\site-packages\av\opaque.pxd
   Compressing: F:\Kimi Work\视频工具箱\tools\python\Lib\site-packages\av\opaque.py
   Compressing: F:\Kimi Work\视频工具箱\tools\python\Lib\site-packages\av\opaque.pyd
   Compressing: F:\Kimi Work\视频工具箱\tools\python\Lib\site-packages\av\packet.pxd
   Compressing: F:\Kimi Work\视频工具箱\tools\python\Lib\site-packages\av\packet.py
   Compressing: F:\Kimi Work\视频工具箱\tools\python\Lib\site-packages\av\packet.pyd
   Compressing: F:\Kimi Work\视频工具箱\tools\python\Lib\site-packages\av\packet.pyi
   Compressing: F:\Kimi Work\视频工具箱\tools\python\Lib\site-packages\av\plane.pxd
   Compressing: F:\Kimi Work\视频工具箱\tools\python\Lib\site-packages\av\plane.py
   Compressing: F:\Kimi Work\视频工具箱\tools\python\Lib\site-packages\av\plane.pyd
   Compressing: F:\Kimi Work\视频工具箱\tools\python\Lib\site-packages\av\plane.pyi
   Compressing: F:\Kimi Work\视频工具箱\tools\python\Lib\site-packages\av\py.typed
   Compressing: F:\Kimi Work\视频工具箱\tools\python\Lib\site-packages\av\rational.pxd
   Compressing: F:\Kimi Work\视频工具箱\tools\python\Lib\site-packages\av\rational.py
   Compressing: F:\Kimi Work\视频工具箱\tools\python\Lib\site-packages\av\rational.pyd
   Compressing: F:\Kimi Work\视频工具箱\tools\python\Lib\site-packages\av\rational.pyi
   Compressing: F:\Kimi Work\视频工具箱\tools\python\Lib\site-packages\av\stream.pxd
   Compressing: F:\Kimi Work\视频工具箱\tools\python\Lib\site-packages\av\stream.py
   Compressing: F:\Kimi Work\视频工具箱\tools\python\Lib\site-packages\av\stream.pyd
   Compressing: F:\Kimi Work\视频工具箱\tools\python\Lib\site-packages\av\stream.pyi
   Compressing: F:\Kimi Work\视频工具箱\tools\python\Lib\site-packages\av\utils.pxd
   Compressing: F:\Kimi Work\视频工具箱\tools\python\Lib\site-packages\av\utils.py
   Compressing: F:\Kimi Work\视频工具箱\tools\python\Lib\site-packages\av\utils.pyd
   Compressing: F:\Kimi Work\视频工具箱\tools\python\Lib\site-packages\av\_core.pxd
   Compressing: F:\Kimi Work\视频工具箱\tools\python\Lib\site-packages\av\_core.py
   Compressing: F:\Kimi Work\视频工具箱\tools\python\Lib\site-packages\av\_core.pyd
   Compressing: F:\Kimi Work\视频工具箱\tools\python\Lib\site-packages\av\_core.pyi
   Compressing: F:\Kimi Work\视频工具箱\tools\python\Lib\site-packages\av\__init__.pxd
   Compressing: F:\Kimi Work\视频工具箱\tools\python\Lib\site-packages\av\__init__.py
   Compressing: F:\Kimi Work\视频工具箱\tools\python\Lib\site-packages\av\__main__.py
   Compressing: F:\Kimi Work\视频工具箱\tools\python\Lib\site-packages\av\audio\codeccontext.pxd
   Compressing: F:\Kimi Work\视频工具箱\tools\python\Lib\site-packages\av\audio\codeccontext.py
   Compressing: F:\Kimi Work\视频工具箱\tools\python\Lib\site-packages\av\audio\codeccontext.pyd
   Compressing: F:\Kimi Work\视频工具箱\tools\python\Lib\site-packages\av\audio\codeccontext.pyi
   Compressing: F:\Kimi Work\视频工具箱\tools\python\Lib\site-packages\av\audio\fifo.pxd
   Compressing: F:\Kimi Work\视频工具箱\tools\python\Lib\site-packages\av\audio\fifo.py
   Compressing: F:\Kimi Work\视频工具箱\tools\python\Lib\site-packages\av\audio\fifo.pyd
   Compressing: F:\Kimi Work\视频工具箱\tools\python\Lib\site-packages\av\audio\fifo.pyi
   Compressing: F:\Kimi Work\视频工具箱\tools\python\Lib\site-packages\av\audio\format.pxd
   Compressing: F:\Kimi Work\视频工具箱\tools\python\Lib\site-packages\av\audio\format.py
   Compressing: F:\Kimi Work\视频工具箱\tools\python\Lib\site-packages\av\audio\format.pyd
   Compressing: F:\Kimi Work\视频工具箱\tools\python\Lib\site-packages\av\audio\format.pyi
   Compressing: F:\Kimi Work\视频工具箱\tools\python\Lib\site-packages\av\audio\frame.pxd
   Compressing: F:\Kimi Work\视频工具箱\tools\python\Lib\site-packages\av\audio\frame.py
   Compressing: F:\Kimi Work\视频工具箱\tools\python\Lib\site-packages\av\audio\frame.pyd
   Compressing: F:\Kimi Work\视频工具箱\tools\python\Lib\site-packages\av\audio\frame.pyi
   Compressing: F:\Kimi Work\视频工具箱\tools\python\Lib\site-packages\av\audio\layout.pxd
   Compressing: F:\Kimi Work\视频工具箱\tools\python\Lib\site-packages\av\audio\layout.py
   Compressing: F:\Kimi Work\视频工具箱\tools\python\Lib\site-packages\av\audio\layout.pyd
   Compressing: F:\Kimi Work\视频工具箱\tools\python\Lib\site-packages\av\audio\layout.pyi
   Compressing: F:\Kimi Work\视频工具箱\tools\python\Lib\site-packages\av\audio\plane.pxd
   Compressing: F:\Kimi Work\视频工具箱\tools\python\Lib\site-packages\av\audio\plane.py
   Compressing: F:\Kimi Work\视频工具箱\tools\python\Lib\site-packages\av\audio\plane.pyd
   Compressing: F:\Kimi Work\视频工具箱\tools\python\Lib\site-packages\av\audio\plane.pyi
   Compressing: F:\Kimi Work\视频工具箱\tools\python\Lib\site-packages\av\audio\resampler.pxd
   Compressing: F:\Kimi Work\视频工具箱\tools\python\Lib\site-packages\av\audio\resampler.py
   Compressing: F:\Kimi Work\视频工具箱\tools\python\Lib\site-packages\av\audio\resampler.pyd
   Compressing: F:\Kimi Work\视频工具箱\tools\python\Lib\site-packages\av\audio\resampler.pyi
   Compressing: F:\Kimi Work\视频工具箱\tools\python\Lib\site-packages\av\audio\stream.pxd
   Compressing: F:\Kimi Work\视频工具箱\tools\python\Lib\site-packages\av\audio\stream.py
   Compressing: F:\Kimi Work\视频工具箱\tools\python\Lib\site-packages\av\audio\stream.pyd
   Compressing: F:\Kimi Work\视频工具箱\tools\python\Lib\site-packages\av\audio\stream.pyi
   Compressing: F:\Kimi Work\视频工具箱\tools\python\Lib\site-packages\av\audio\__init__.pxd
   Compressing: F:\Kimi Work\视频工具箱\tools\python\Lib\site-packages\av\audio\__init__.py
   Compressing: F:\Kimi Work\视频工具箱\tools\python\Lib\site-packages\av\audio\__init__.pyi
   Compressing: F:\Kimi Work\视频工具箱\tools\python\Lib\site-packages\av\codec\codec.pxd
   Compressing: F:\Kimi Work\视频工具箱\tools\python\Lib\site-packages\av\codec\codec.py
   Compressing: F:\Kimi Work\视频工具箱\tools\python\Lib\site-packages\av\codec\codec.pyd
   Compressing: F:\Kimi Work\视频工具箱\tools\python\Lib\site-packages\av\codec\codec.pyi
   Compressing: F:\Kimi Work\视频工具箱\tools\python\Lib\site-packages\av\codec\context.pxd
   Compressing: F:\Kimi Work\视频工具箱\tools\python\Lib\site-packages\av\codec\context.py
   Compressing: F:\Kimi Work\视频工具箱\tools\python\Lib\site-packages\av\codec\context.pyd
   Compressing: F:\Kimi Work\视频工具箱\tools\python\Lib\site-packages\av\codec\context.pyi
   Compressing: F:\Kimi Work\视频工具箱\tools\python\Lib\site-packages\av\codec\hwaccel.pxd
   Compressing: F:\Kimi Work\视频工具箱\tools\python\Lib\site-packages\av\codec\hwaccel.py
   Compressing: F:\Kimi Work\视频工具箱\tools\python\Lib\site-packages\av\codec\hwaccel.pyd
   Compressing: F:\Kimi Work\视频工具箱\tools\python\Lib\site-packages\av\codec\hwaccel.pyi
   Compressing: F:\Kimi Work\视频工具箱\tools\python\Lib\site-packages\av\codec\__init__.pxd
   Compressing: F:\Kimi Work\视频工具箱\tools\python\Lib\site-packages\av\codec\__init__.py
   Compressing: F:\Kimi Work\视频工具箱\tools\python\Lib\site-packages\av\container\core.pxd
   Compressing: F:\Kimi Work\视频工具箱\tools\python\Lib\site-packages\av\container\core.py
   Compressing: F:\Kimi Work\视频工具箱\tools\python\Lib\site-packages\av\container\core.pyd
   Compressing: F:\Kimi Work\视频工具箱\tools\python\Lib\site-packages\av\container\core.pyi
   Compressing: F:\Kimi Work\视频工具箱\tools\python\Lib\site-packages\av\container\input.pxd
   Compressing: F:\Kimi Work\视频工具箱\tools\python\Lib\site-packages\av\container\input.py
   Compressing: F:\Kimi Work\视频工具箱\tools\python\Lib\site-packages\av\container\input.pyd
   Compressing: F:\Kimi Work\视频工具箱\tools\python\Lib\site-packages\av\container\input.pyi
   Compressing: F:\Kimi Work\视频工具箱\tools\python\Lib\site-packages\av\container\output.pxd
   Compressing: F:\Kimi Work\视频工具箱\tools\python\Lib\site-packages\av\container\output.py
   Compressing: F:\Kimi Work\视频工具箱\tools\python\Lib\site-packages\av\container\output.pyd
   Compressing: F:\Kimi Work\视频工具箱\tools\python\Lib\site-packages\av\container\output.pyi
   Compressing: F:\Kimi Work\视频工具箱\tools\python\Lib\site-packages\av\container\pyio.pxd
   Compressing: F:\Kimi Work\视频工具箱\tools\python\Lib\site-packages\av\container\pyio.py
   Compressing: F:\Kimi Work\视频工具箱\tools\python\Lib\site-packages\av\container\pyio.pyd
   Compressing: F:\Kimi Work\视频工具箱\tools\python\Lib\site-packages\av\container\streams.pxd
   Compressing: F:\Kimi Work\视频工具箱\tools\python\Lib\site-packages\av\container\streams.py
   Compressing: F:\Kimi Work\视频工具箱\tools\python\Lib\site-packages\av\container\streams.pyd
   Compressing: F:\Kimi Work\视频工具箱\tools\python\Lib\site-packages\av\container\streams.pyi
   Compressing: F:\Kimi Work\视频工具箱\tools\python\Lib\site-packages\av\container\__init__.pxd
   Compressing: F:\Kimi Work\视频工具箱\tools\python\Lib\site-packages\av\container\__init__.py
   Compressing: F:\Kimi Work\视频工具箱\tools\python\Lib\site-packages\av\container\__init__.pyi
   Compressing: F:\Kimi Work\视频工具箱\tools\python\Lib\site-packages\av\filter\context.pxd
   Compressing: F:\Kimi Work\视频工具箱\tools\python\Lib\site-packages\av\filter\context.py
   Compressing: F:\Kimi Work\视频工具箱\tools\python\Lib\site-packages\av\filter\context.pyd
   Compressing: F:\Kimi Work\视频工具箱\tools\python\Lib\site-packages\av\filter\context.pyi
   Compressing: F:\Kimi Work\视频工具箱\tools\python\Lib\site-packages\av\filter\filter.pxd
   Compressing: F:\Kimi Work\视频工具箱\tools\python\Lib\site-packages\av\filter\filter.py
   Compressing: F:\Kimi Work\视频工具箱\tools\python\Lib\site-packages\av\filter\filter.pyd
   Compressing: F:\Kimi Work\视频工具箱\tools\python\Lib\site-packages\av\filter\filter.pyi
   Compressing: F:\Kimi Work\视频工具箱\tools\python\Lib\site-packages\av\filter\graph.pxd
   Compressing: F:\Kimi Work\视频工具箱\tools\python\Lib\site-packages\av\filter\graph.py
   Compressing: F:\Kimi Work\视频工具箱\tools\python\Lib\site-packages\av\filter\graph.pyd
   Compressing: F:\Kimi Work\视频工具箱\tools\python\Lib\site-packages\av\filter\graph.pyi
   Compressing: F:\Kimi Work\视频工具箱\tools\python\Lib\site-packages\av\filter\link.pxd
   Compressing: F:\Kimi Work\视频工具箱\tools\python\Lib\site-packages\av\filter\link.py
   Compressing: F:\Kimi Work\视频工具箱\tools\python\Lib\site-packages\av\filter\link.pyd
   Compressing: F:\Kimi Work\视频工具箱\tools\python\Lib\site-packages\av\filter\link.pyi
   Compressing: F:\Kimi Work\视频工具箱\tools\python\Lib\site-packages\av\filter\loudnorm.pxd
   Compressing: F:\Kimi Work\视频工具箱\tools\python\Lib\site-packages\av\filter\loudnorm.py
   Compressing: F:\Kimi Work\视频工具箱\tools\python\Lib\site-packages\av\filter\loudnorm.pyd
   Compressing: F:\Kimi Work\视频工具箱\tools\python\Lib\site-packages\av\filter\loudnorm.pyi
   Compressing: F:\Kimi Work\视频工具箱\tools\python\Lib\site-packages\av\filter\loudnorm_impl.c
   Compressing: F:\Kimi Work\视频工具箱\tools\python\Lib\site-packages\av\filter\loudnorm_impl.h
   Compressing: F:\Kimi Work\视频工具箱\tools\python\Lib\site-packages\av\filter\__init__.pxd
   Compressing: F:\Kimi Work\视频工具箱\tools\python\Lib\site-packages\av\filter\__init__.py
   Compressing: F:\Kimi Work\视频工具箱\tools\python\Lib\site-packages\av\filter\__init__.pyi
   Compressing: F:\Kimi Work\视频工具箱\tools\python\Lib\site-packages\av\sidedata\encparams.pxd
   Compressing: F:\Kimi Work\视频工具箱\tools\python\Lib\site-packages\av\sidedata\encparams.py
   Compressing: F:\Kimi Work\视频工具箱\tools\python\Lib\site-packages\av\sidedata\encparams.pyd
   Compressing: F:\Kimi Work\视频工具箱\tools\python\Lib\site-packages\av\sidedata\encparams.pyi
   Compressing: F:\Kimi Work\视频工具箱\tools\python\Lib\site-packages\av\sidedata\motionvectors.pxd
   Compressing: F:\Kimi Work\视频工具箱\tools\python\Lib\site-packages\av\sidedata\motionvectors.py
   Compressing: F:\Kimi Work\视频工具箱\tools\python\Lib\site-packages\av\sidedata\motionvectors.pyd
   Compressing: F:\Kimi Work\视频工具箱\tools\python\Lib\site-packages\av\sidedata\motionvectors.pyi
   Compressing: F:\Kimi Work\视频工具箱\tools\python\Lib\site-packages\av\sidedata\sidedata.pxd
   Compressing: F:\Kimi Work\视频工具箱\tools\python\Lib\site-packages\av\sidedata\sidedata.py
   Compressing: F:\Kimi Work\视频工具箱\tools\python\Lib\site-packages\av\sidedata\sidedata.pyd
   Compressing: F:\Kimi Work\视频工具箱\tools\python\Lib\site-packages\av\sidedata\sidedata.pyi
   Compressing: F:\Kimi Work\视频工具箱\tools\python\Lib\site-packages\av\sidedata\__init__.pxd
   Compressing: F:\Kimi Work\视频工具箱\tools\python\Lib\site-packages\av\sidedata\__init__.py
   Compressing: F:\Kimi Work\视频工具箱\tools\python\Lib\site-packages\av\subtitles\codeccontext.pxd
   Compressing: F:\Kimi Work\视频工具箱\tools\python\Lib\site-packages\av\subtitles\codeccontext.py
   Compressing: F:\Kimi Work\视频工具箱\tools\python\Lib\site-packages\av\subtitles\codeccontext.pyd
   Compressing: F:\Kimi Work\视频工具箱\tools\python\Lib\site-packages\av\subtitles\codeccontext.pyi
   Compressing: F:\Kimi Work\视频工具箱\tools\python\Lib\site-packages\av\subtitles\stream.pxd
   Compressing: F:\Kimi Work\视频工具箱\tools\python\Lib\site-packages\av\subtitles\stream.py
   Compressing: F:\Kimi Work\视频工具箱\tools\python\Lib\site-packages\av\subtitles\stream.pyd
   Compressing: F:\Kimi Work\视频工具箱\tools\python\Lib\site-packages\av\subtitles\stream.pyi
   Compressing: F:\Kimi Work\视频工具箱\tools\python\Lib\site-packages\av\subtitles\subtitle.pxd
   Compressing: F:\Kimi Work\视频工具箱\tools\python\Lib\site-packages\av\subtitles\subtitle.py
   Compressing: F:\Kimi Work\视频工具箱\tools\python\Lib\site-packages\av\subtitles\subtitle.pyd
   Compressing: F:\Kimi Work\视频工具箱\tools\python\Lib\site-packages\av\subtitles\subtitle.pyi
   Compressing: F:\Kimi Work\视频工具箱\tools\python\Lib\site-packages\av\subtitles\__init__.pxd
   Compressing: F:\Kimi Work\视频工具箱\tools\python\Lib\site-packages\av\subtitles\__init__.py
   Compressing: F:\Kimi Work\视频工具箱\tools\python\Lib\site-packages\av\subtitles\__init__.pyi
   Compressing: F:\Kimi Work\视频工具箱\tools\python\Lib\site-packages\av\video\codeccontext.pxd
   Compressing: F:\Kimi Work\视频工具箱\tools\python\Lib\site-packages\av\video\codeccontext.py
   Compressing: F:\Kimi Work\视频工具箱\tools\python\Lib\site-packages\av\video\codeccontext.pyd
   Compressing: F:\Kimi Work\视频工具箱\tools\python\Lib\site-packages\av\video\codeccontext.pyi
   Compressing: F:\Kimi Work\视频工具箱\tools\python\Lib\site-packages\av\video\format.pxd
   Compressing: F:\Kimi Work\视频工具箱\tools\python\Lib\site-packages\av\video\format.py
   Compressing: F:\Kimi Work\视频工具箱\tools\python\Lib\site-packages\av\video\format.pyd
   Compressing: F:\Kimi Work\视频工具箱\tools\python\Lib\site-packages\av\video\format.pyi
   Compressing: F:\Kimi Work\视频工具箱\tools\python\Lib\site-packages\av\video\frame.pxd
   Compressing: F:\Kimi Work\视频工具箱\tools\python\Lib\site-packages\av\video\frame.py
   Compressing: F:\Kimi Work\视频工具箱\tools\python\Lib\site-packages\av\video\frame.pyd
   Compressing: F:\Kimi Work\视频工具箱\tools\python\Lib\site-packages\av\video\frame.pyi
   Compressing: F:\Kimi Work\视频工具箱\tools\python\Lib\site-packages\av\video\plane.pxd
   Compressing: F:\Kimi Work\视频工具箱\tools\python\Lib\site-packages\av\video\plane.py
   Compressing: F:\Kimi Work\视频工具箱\tools\python\Lib\site-packages\av\video\plane.pyd
   Compressing: F:\Kimi Work\视频工具箱\tools\python\Lib\site-packages\av\video\plane.pyi
   Compressing: F:\Kimi Work\视频工具箱\tools\python\Lib\site-packages\av\video\reformatter.pxd
   Compressing: F:\Kimi Work\视频工具箱\tools\python\Lib\site-packages\av\video\reformatter.py
   Compressing: F:\Kimi Work\视频工具箱\tools\python\Lib\site-packages\av\video\reformatter.pyd
   Compressing: F:\Kimi Work\视频工具箱\tools\python\Lib\site-packages\av\video\reformatter.pyi
   Compressing: F:\Kimi Work\视频工具箱\tools\python\Lib\site-packages\av\video\stream.pxd
   Compressing: F:\Kimi Work\视频工具箱\tools\python\Lib\site-packages\av\video\stream.py
   Compressing: F:\Kimi Work\视频工具箱\tools\python\Lib\site-packages\av\video\stream.pyd
   Compressing: F:\Kimi Work\视频工具箱\tools\python\Lib\site-packages\av\video\stream.pyi
   Compressing: F:\Kimi Work\视频工具箱\tools\python\Lib\site-packages\av\video\__init__.pxd
   Compressing: F:\Kimi Work\视频工具箱\tools\python\Lib\site-packages\av\video\__init__.py
   Compressing: F:\Kimi Work\视频工具箱\tools\python\Lib\site-packages\av\video\__init__.pyi
   Compressing: F:\Kimi Work\视频工具箱\tools\python\Lib\site-packages\av-18.1.0.dist-info\DELVEWHEEL
   Compressing: F:\Kimi Work\视频工具箱\tools\python\Lib\site-packages\av-18.1.0.dist-info\entry_points.txt
   Compressing: F:\Kimi Work\视频工具箱\tools\python\Lib\site-packages\av-18.1.0.dist-info\INSTALLER
   Compressing: F:\Kimi Work\视频工具箱\tools\python\Lib\site-packages\av-18.1.0.dist-info\METADATA
   Compressing: F:\Kimi Work\视频工具箱\tools\python\Lib\site-packages\av-18.1.0.dist-info\RECORD
   Compressing: F:\Kimi Work\视频工具箱\tools\python\Lib\site-packages\av-18.1.0.dist-info\top_level.txt
   Compressing: F:\Kimi Work\视频工具箱\tools\python\Lib\site-packages\av-18.1.0.dist-info\WHEEL
   Compressing: F:\Kimi Work\视频工具箱\tools\python\Lib\site-packages\av-18.1.0.dist-info\licenses\AUTHORS.py
   Compressing: F:\Kimi Work\视频工具箱\tools\python\Lib\site-packages\av-18.1.0.dist-info\licenses\AUTHORS.rst
   Compressing: F:\Kimi Work\视频工具箱\tools\python\Lib\site-packages\av-18.1.0.dist-info\licenses\LICENSE.txt
   Compressing: F:\Kimi Work\视频工具箱\tools\python\Lib\site-packages\av.libs\avcodec-62-984de33114b7fa384296817dec999c9d.dll
   Compressing: F:\Kimi Work\视频工具箱\tools\python\Lib\site-packages\av.libs\avdevice-62-bf7a3ffbb6a4b577f24a39ea98a958d5.dll
   Compressing: F:\Kimi Work\视频工具箱\tools\python\Lib\site-packages\av.libs\avfilter-11-aef80fc767dc77e0319469b5bdcdf998.dll
   Compressing: F:\Kimi Work\视频工具箱\tools\python\Lib\site-packages\av.libs\avformat-62-b6d6bb16ff0b7753371e2d0b285c9dc0.dll
   Compressing: F:\Kimi Work\视频工具箱\tools\python\Lib\site-packages\av.libs\avutil-60-cc1777f859dcfd98b8019bdf459e774e.dll
   Compressing: F:\Kimi Work\视频工具箱\tools\python\Lib\site-packages\av.libs\libdav1d-959ebc1340f7dfcbcf8e299a26281738.dll
   Compressing: F:\Kimi Work\视频工具箱\tools\python\Lib\site-packages\av.libs\libgcc_s_seh-1-4c0a762e4178b574f72d1ef1f8bb5fc9.dll
   Compressing: F:\Kimi Work\视频工具箱\tools\python\Lib\site-packages\av.libs\libiconv-2-6ce5f4ff92ada49d6f23a8e413455502.dll
   Compressing: F:\Kimi Work\视频工具箱\tools\python\Lib\site-packages\av.libs\libmp3lame-0-da02696cc34a9bbc1d1d4f67a85cfbef.dll
   Compressing: F:\Kimi Work\视频工具箱\tools\python\Lib\site-packages\av.libs\libopencore-amrnb-0-b8933128305cd084d40426d0d2c0d9ef.dll
   Compressing: F:\Kimi Work\视频工具箱\tools\python\Lib\site-packages\av.libs\libopencore-amrwb-0-49da3acfc50704f92538d74aca03c3b8.dll
   Compressing: F:\Kimi Work\视频工具箱\tools\python\Lib\site-packages\av.libs\libopus-0-4369edc456631a3cc933d7918747e5d2.dll
   Compressing: F:\Kimi Work\视频工具箱\tools\python\Lib\site-packages\av.libs\libsharpyuv-8b869e30854bf3db317a2a93d0782c3d.dll
   Compressing: F:\Kimi Work\视频工具箱\tools\python\Lib\site-packages\av.libs\libstdc++-6-2d5c346d47ad531ef9f5185db0e8cef3.dll
   Compressing: F:\Kimi Work\视频工具箱\tools\python\Lib\site-packages\av.libs\libSvtAv1Enc-c4dd99c98ddcdb013e820dbd68a30e26.dll
   Compressing: F:\Kimi Work\视频工具箱\tools\python\Lib\site-packages\av.libs\libvpl-969a52d626b0390fc34f6a4fb0b08d7e.dll
   Compressing: F:\Kimi Work\视频工具箱\tools\python\Lib\site-packages\av.libs\libvpx-1-d869f8b2cb42d58b35545ffbfb0f7509.dll
   Compressing: F:\Kimi Work\视频工具箱\tools\python\Lib\site-packages\av.libs\libwebp-4bf4e57964c7a01c09ce39470d6b67ca.dll
   Compressing: F:\Kimi Work\视频工具箱\tools\python\Lib\site-packages\av.libs\libwebpmux-9cf6581f8709616d9591befbb1a2264b.dll
   Compressing: F:\Kimi Work\视频工具箱\tools\python\Lib\site-packages\av.libs\libwinpthread-1-02332fab016bf884a2a7a7b2ece22ffe.dll
   Compressing: F:\Kimi Work\视频工具箱\tools\python\Lib\site-packages\av.libs\libx264-165-f3a909470ddc2d85ed21eda3d0fb7954.dll
   Compressing: F:\Kimi Work\视频工具箱\tools\python\Lib\site-packages\av.libs\libx265-efe48a158520a59ef99c0a0b3eb835ae.dll
   Compressing: F:\Kimi Work\视频工具箱\tools\python\Lib\site-packages\av.libs\swresample-6-0158536d5c4197d7d623445553ce9472.dll
   Compressing: F:\Kimi Work\视频工具箱\tools\python\Lib\site-packages\av.libs\swscale-9-0c9886c118598c54e159ef2267ff99f3.dll
   Compressing: F:\Kimi Work\视频工具箱\tools\python\Lib\site-packages\av.libs\zlib1-79e0c4f9db71cb511398c504b832d395.dll
   Compressing: F:\Kimi Work\视频工具箱\tools\python\Lib\site-packages\bin\ct2-fairseq-converter.exe
   Compressing: F:\Kimi Work\视频工具箱\tools\python\Lib\site-packages\bin\ct2-marian-converter.exe
   Compressing: F:\Kimi Work\视频工具箱\tools\python\Lib\site-packages\bin\ct2-openai-gpt2-converter.exe
   Compressing: F:\Kimi Work\视频工具箱\tools\python\Lib\site-packages\bin\ct2-opennmt-py-converter.exe
   Compressing: F:\Kimi Work\视频工具箱\tools\python\Lib\site-packages\bin\ct2-opennmt-tf-converter.exe
   Compressing: F:\Kimi Work\视频工具箱\tools\python\Lib\site-packages\bin\ct2-opus-mt-converter.exe
   Compressing: F:\Kimi Work\视频工具箱\tools\python\Lib\site-packages\bin\ct2-transformers-converter.exe
   Compressing: F:\Kimi Work\视频工具箱\tools\python\Lib\site-packages\bin\f2py.exe
   Compressing: F:\Kimi Work\视频工具箱\tools\python\Lib\site-packages\bin\hf.exe
   Compressing: F:\Kimi Work\视频工具箱\tools\python\Lib\site-packages\bin\httpx.exe
   Compressing: F:\Kimi Work\视频工具箱\tools\python\Lib\site-packages\bin\huggingface-cli.exe
   Compressing: F:\Kimi Work\视频工具箱\tools\python\Lib\site-packages\bin\idna.exe
   Compressing: F:\Kimi Work\视频工具箱\tools\python\Lib\site-packages\bin\numpy-config.exe
   Compressing: F:\Kimi Work\视频工具箱\tools\python\Lib\site-packages\bin\onnxruntime_test.exe
   Compressing: F:\Kimi Work\视频工具箱\tools\python\Lib\site-packages\bin\pyav.exe
   Compressing: F:\Kimi Work\视频工具箱\tools\python\Lib\site-packages\bin\tiny-agents.exe
   Compressing: F:\Kimi Work\视频工具箱\tools\python\Lib\site-packages\bin\tqdm.exe
   Compressing: F:\Kimi Work\视频工具箱\tools\python\Lib\site-packages\certifi\cacert.pem
   Compressing: F:\Kimi Work\视频工具箱\tools\python\Lib\site-packages\certifi\core.py
   Compressing: F:\Kimi Work\视频工具箱\tools\python\Lib\site-packages\certifi\py.typed
   Compressing: F:\Kimi Work\视频工具箱\tools\python\Lib\site-packages\certifi\__init__.py
   Compressing: F:\Kimi Work\视频工具箱\tools\python\Lib\site-packages\certifi\__main__.py
   Compressing: F:\Kimi Work\视频工具箱\tools\python\Lib\site-packages\certifi\tests\test_certify.py
   Compressing: F:\Kimi Work\视频工具箱\tools\python\Lib\site-packages\certifi\tests\__init__.py
   Compressing: F:\Kimi Work\视频工具箱\tools\python\Lib\site-packages\certifi-2026.7.22.dist-info\INSTALLER
   Compressing: F:\Kimi Work\视频工具箱\tools\python\Lib\site-packages\certifi-2026.7.22.dist-info\METADATA
   Compressing: F:\Kimi Work\视频工具箱\tools\python\Lib\site-packages\certifi-2026.7.22.dist-info\RECORD
   Compressing: F:\Kimi Work\视频工具箱\tools\python\Lib\site-packages\certifi-2026.7.22.dist-info\top_level.txt
   Compressing: F:\Kimi Work\视频工具箱\tools\python\Lib\site-packages\certifi-2026.7.22.dist-info\WHEEL
   Compressing: F:\Kimi Work\视频工具箱\tools\python\Lib\site-packages\certifi-2026.7.22.dist-info\licenses\LICENSE
   Compressing: F:\Kimi Work\视频工具箱\tools\python\Lib\site-packages\charset_normalizer\api.py
   Compressing: F:\Kimi Work\视频工具箱\tools\python\Lib\site-packages\charset_normalizer\cd.cp312-win_amd64.pyd
   Compressing: F:\Kimi Work\视频工具箱\tools\python\Lib\site-packages\charset_normalizer\cd.py
   Compressing: F:\Kimi Work\视频工具箱\tools\python\Lib\site-packages\charset_normalizer\constant.py
   Compressing: F:\Kimi Work\视频工具箱\tools\python\Lib\site-packages\charset_normalizer\legacy.py
   Compressing: F:\Kimi Work\视频工具箱\tools\python\Lib\site-packages\charset_normalizer\md.cp312-win_amd64.pyd
   Compressing: F:\Kimi Work\视频工具箱\tools\python\Lib\site-packages\charset_normalizer\md.py
   Compressing: F:\Kimi Work\视频工具箱\tools\python\Lib\site-packages\charset_normalizer\models.py
   Compressing: F:\Kimi Work\视频工具箱\tools\python\Lib\site-packages\charset_normalizer\py.typed
   Compressing: F:\Kimi Work\视频工具箱\tools\python\Lib\site-packages\charset_normalizer\utils.py
   Compressing: F:\Kimi Work\视频工具箱\tools\python\Lib\site-packages\charset_normalizer\version.py
   Compressing: F:\Kimi Work\视频工具箱\tools\python\Lib\site-packages\charset_normalizer\__init__.py
   Compressing: F:\Kimi Work\视频工具箱\tools\python\Lib\site-packages\charset_normalizer\__main__.py
   Compressing: F:\Kimi Work\视频工具箱\tools\python\Lib\site-packages\charset_normalizer\cli\__init__.py
   Compressing: F:\Kimi Work\视频工具箱\tools\python\Lib\site-packages\charset_normalizer\cli\__main__.py
   Compressing: F:\Kimi Work\视频工具箱\tools\python\Lib\site-packages\charset_normalizer-3.5.0.dist-info\entry_points.txt
   Compressing: F:\Kimi Work\视频工具箱\tools\python\Lib\site-packages\charset_normalizer-3.5.0.dist-info\INSTALLER
   Compressing: F:\Kimi Work\视频工具箱\tools\python\Lib\site-packages\charset_normalizer-3.5.0.dist-info\METADATA
   Compressing: F:\Kimi Work\视频工具箱\tools\python\Lib\site-packages\charset_normalizer-3.5.0.dist-info\RECORD
   Compressing: F:\Kimi Work\视频工具箱\tools\python\Lib\site-packages\charset_normalizer-3.5.0.dist-info\top_level.txt
   Compressing: F:\Kimi Work\视频工具箱\tools\python\Lib\site-packages\charset_normalizer-3.5.0.dist-info\WHEEL
   Compressing: F:\Kimi Work\视频工具箱\tools\python\Lib\site-packages\charset_normalizer-3.5.0.dist-info\licenses\LICENSE
   Compressing: F:\Kimi Work\视频工具箱\tools\python\Lib\site-packages\click\core.py
   Compressing: F:\Kimi Work\视频工具箱\tools\python\Lib\site-packages\click\decorators.py
   Compressing: F:\Kimi Work\视频工具箱\tools\python\Lib\site-packages\click\exceptions.py
   Compressing: F:\Kimi Work\视频工具箱\tools\python\Lib\site-packages\click\formatting.py
   Compressing: F:\Kimi Work\视频工具箱\tools\python\Lib\site-packages\click\globals.py
   Compressing: F:\Kimi Work\视频工具箱\tools\python\Lib\site-packages\click\parser.py
   Compressing: F:\Kimi Work\视频工具箱\tools\python\Lib\site-packages\click\py.typed
   Compressing: F:\Kimi Work\视频工具箱\tools\python\Lib\site-packages\click\shell_completion.py
   Compressing: F:\Kimi Work\视频工具箱\tools\python\Lib\site-packages\click\termui.py
   Compressing: F:\Kimi Work\视频工具箱\tools\python\Lib\site-packages\click\testing.py
   Compressing: F:\Kimi Work\视频工具箱\tools\python\Lib\site-packages\click\types.py
   Compressing: F:\Kimi Work\视频工具箱\tools\python\Lib\site-packages\click\utils.py
   Compressing: F:\Kimi Work\视频工具箱\tools\python\Lib\site-packages\click\_compat.py
   Compressing: F:\Kimi Work\视频工具箱\tools\python\Lib\site-packages\click\_termui_impl.py
   Compressing: F:\Kimi Work\视频工具箱\tools\python\Lib\site-packages\click\_textwrap.py
   Compressing: F:\Kimi Work\视频工具箱\tools\python\Lib\site-packages\click\_utils.py
   Compressing: F:\Kimi Work\视频工具箱\tools\python\Lib\site-packages\click\_winconsole.py
   Compressing: F:\Kimi Work\视频工具箱\tools\python\Lib\site-packages\click\__init__.py
   Compressing: F:\Kimi Work\视频工具箱\tools\python\Lib\site-packages\click-8.5.0.dist-info\INSTALLER
   Compressing: F:\Kimi Work\视频工具箱\tools\python\Lib\site-packages\click-8.5.0.dist-info\METADATA
   Compressing: F:\Kimi Work\视频工具箱\tools\python\Lib\site-packages\click-8.5.0.dist-info\RECORD
   Compressing: F:\Kimi Work\视频工具箱\tools\python\Lib\site-packages\click-8.5.0.dist-info\WHEEL
   Compressing: F:\Kimi Work\视频工具箱\tools\python\Lib\site-packages\click-8.5.0.dist-info\licenses\LICENSE.txt
   Compressing: F:\Kimi Work\视频工具箱\tools\python\Lib\site-packages\colorama\ansi.py
   Compressing: F:\Kimi Work\视频工具箱\tools\python\Lib\site-packages\colorama\ansitowin32.py
   Compressing: F:\Kimi Work\视频工具箱\tools\python\Lib\site-packages\colorama\initialise.py
   Compressing: F:\Kimi Work\视频工具箱\tools\python\Lib\site-packages\colorama\win32.py
   Compressing: F:\Kimi Work\视频工具箱\tools\python\Lib\site-packages\colorama\winterm.py
   Compressing: F:\Kimi Work\视频工具箱\tools\python\Lib\site-packages\colorama\__init__.py
   Compressing: F:\Kimi Work\视频工具箱\tools\python\Lib\site-packages\colorama\tests\ansitowin32_test.py
   Compressing: F:\Kimi Work\视频工具箱\tools\python\Lib\site-packages\colorama\tests\ansi_test.py
   Compressing: F:\Kimi Work\视频工具箱\tools\python\Lib\site-packages\colorama\tests\initialise_test.py
   Compressing: F:\Kimi Work\视频工具箱\tools\python\Lib\site-packages\colorama\tests\isatty_test.py
   Compressing: F:\Kimi Work\视频工具箱\tools\python\Lib\site-packages\colorama\tests\utils.py
   Compressing: F:\Kimi Work\视频工具箱\tools\python\Lib\site-packages\colorama\tests\winterm_test.py
   Compressing: F:\Kimi Work\视频工具箱\tools\python\Lib\site-packages\colorama\tests\__init__.py
   Compressing: F:\Kimi Work\视频工具箱\tools\python\Lib\site-packages\colorama-0.4.6.dist-info\INSTALLER
   Compressing: F:\Kimi Work\视频工具箱\tools\python\Lib\site-packages\colorama-0.4.6.dist-info\METADATA
   Compressing: F:\Kimi Work\视频工具箱\tools\python\Lib\site-packages\colorama-0.4.6.dist-info\RECORD
   Compressing: F:\Kimi Work\视频工具箱\tools\python\Lib\site-packages\colorama-0.4.6.dist-info\WHEEL
   Compressing: F:\Kimi Work\视频工具箱\tools\python\Lib\site-packages\colorama-0.4.6.dist-info\licenses\LICENSE.txt
   Compressing: F:\Kimi Work\视频工具箱\tools\python\Lib\site-packages\ctranslate2\ctranslate2.dll
   Compressing: F:\Kimi Work\视频工具箱\tools\python\Lib\site-packages\ctranslate2\cudnn64_9.dll
   Compressing: F:\Kimi Work\视频工具箱\tools\python\Lib\site-packages\ctranslate2\extensions.py
   Compressing: F:\Kimi Work\视频工具箱\tools\python\Lib\site-packages\ctranslate2\libiomp5md.dll
   Compressing: F:\Kimi Work\视频工具箱\tools\python\Lib\site-packages\ctranslate2\logging.py
   Compressing: F:\Kimi Work\视频工具箱\tools\python\Lib\site-packages\ctranslate2\version.py
   Compressing: F:\Kimi Work\视频工具箱\tools\python\Lib\site-packages\ctranslate2\_ext.cp312-win_amd64.pyd
   Compressing: F:\Kimi Work\视频工具箱\tools\python\Lib\site-packages\ctranslate2\__init__.py
   Compressing: F:\Kimi Work\视频工具箱\tools\python\Lib\site-packages\ctranslate2\converters\converter.py
   Compressing: F:\Kimi Work\视频工具箱\tools\python\Lib\site-packages\ctranslate2\converters\eole_ct2.py
   Compressing: F:\Kimi Work\视频工具箱\tools\python\Lib\site-packages\ctranslate2\converters\fairseq.py
   Compressing: F:\Kimi Work\视频工具箱\tools\python\Lib\site-packages\ctranslate2\converters\marian.py
   Compressing: F:\Kimi Work\视频工具箱\tools\python\Lib\site-packages\ctranslate2\converters\openai_gpt2.py
   Compressing: F:\Kimi Work\视频工具箱\tools\python\Lib\site-packages\ctranslate2\converters\opennmt_py.py
   Compressing: F:\Kimi Work\视频工具箱\tools\python\Lib\site-packages\ctranslate2\converters\opennmt_tf.py
   Compressing: F:\Kimi Work\视频工具箱\tools\python\Lib\site-packages\ctranslate2\converters\opus_mt.py
   Compressing: F:\Kimi Work\视频工具箱\tools\python\Lib\site-packages\ctranslate2\converters\transformers.py
   Compressing: F:\Kimi Work\视频工具箱\tools\python\Lib\site-packages\ctranslate2\converters\utils.py
   Compressing: F:\Kimi Work\视频工具箱\tools\python\Lib\site-packages\ctranslate2\converters\__init__.py
   Compressing: F:\Kimi Work\视频工具箱\tools\python\Lib\site-packages\ctranslate2\models\__init__.py
   Compressing: F:\Kimi Work\视频工具箱\tools\python\Lib\site-packages\ctranslate2\specs\attention_spec.py
   Compressing: F:\Kimi Work\视频工具箱\tools\python\Lib\site-packages\ctranslate2\specs\common_spec.py
   Compressing: F:\Kimi Work\视频工具箱\tools\python\Lib\site-packages\ctranslate2\specs\model_spec.py
   Compressing: F:\Kimi Work\视频工具箱\tools\python\Lib\site-packages\ctranslate2\specs\transformer_spec.py
   Compressing: F:\Kimi Work\视频工具箱\tools\python\Lib\site-packages\ctranslate2\specs\wav2vec2bert_spec.py
   Compressing: F:\Kimi Work\视频工具箱\tools\python\Lib\site-packages\ctranslate2\specs\wav2vec2_spec.py
   Compressing: F:\Kimi Work\视频工具箱\tools\python\Lib\site-packages\ctranslate2\specs\whisper_spec.py
   Compressing: F:\Kimi Work\视频工具箱\tools\python\Lib\site-packages\ctranslate2\specs\__init__.py
   Compressing: F:\Kimi Work\视频工具箱\tools\python\Lib\site-packages\ctranslate2-4.8.2.dist-info\entry_points.txt
   Compressing: F:\Kimi Work\视频工具箱\tools\python\Lib\site-packages\ctranslate2-4.8.2.dist-info\INSTALLER
   Compressing: F:\Kimi Work\视频工具箱\tools\python\Lib\site-packages\ctranslate2-4.8.2.dist-info\METADATA
   Compressing: F:\Kimi Work\视频工具箱\tools\python\Lib\site-packages\ctranslate2-4.8.2.dist-info\RECORD
   Compressing: F:\Kimi Work\视频工具箱\tools\python\Lib\site-packages\ctranslate2-4.8.2.dist-info\top_level.txt
   Compressing: F:\Kimi Work\视频工具箱\tools\python\Lib\site-packages\ctranslate2-4.8.2.dist-info\WHEEL
   Compressing: F:\Kimi Work\视频工具箱\tools\python\Lib\site-packages\faster_whisper\audio.py
   Compressing: F:\Kimi Work\视频工具箱\tools\python\Lib\site-packages\faster_whisper\feature_extractor.py
   Compressing: F:\Kimi Work\视频工具箱\tools\python\Lib\site-packages\faster_whisper\tokenizer.py
   Compressing: F:\Kimi Work\视频工具箱\tools\python\Lib\site-packages\faster_whisper\transcribe.py
   Compressing: F:\Kimi Work\视频工具箱\tools\python\Lib\site-packages\faster_whisper\utils.py
   Compressing: F:\Kimi Work\视频工具箱\tools\python\Lib\site-packages\faster_whisper\vad.py
   Compressing: F:\Kimi Work\视频工具箱\tools\python\Lib\site-packages\faster_whisper\version.py
   Compressing: F:\Kimi Work\视频工具箱\tools\python\Lib\site-packages\faster_whisper\__init__.py
   Compressing: F:\Kimi Work\视频工具箱\tools\python\Lib\site-packages\faster_whisper\assets\silero_decoder_v5.onnx
   Compressing: F:\Kimi Work\视频工具箱\tools\python\Lib\site-packages\faster_whisper\assets\silero_encoder_v5.onnx
   Compressing: F:\Kimi Work\视频工具箱\tools\python\Lib\site-packages\faster_whisper\assets\__init__.py
   Compressing: F:\Kimi Work\视频工具箱\tools\python\Lib\site-packages\faster_whisper-1.1.1.dist-info\INSTALLER
   Compressing: F:\Kimi Work\视频工具箱\tools\python\Lib\site-packages\faster_whisper-1.1.1.dist-info\LICENSE
   Compressing: F:\Kimi Work\视频工具箱\tools\python\Lib\site-packages\faster_whisper-1.1.1.dist-info\METADATA
   Compressing: F:\Kimi Work\视频工具箱\tools\python\Lib\site-packages\faster_whisper-1.1.1.dist-info\RECORD
   Compressing: F:\Kimi Work\视频工具箱\tools\python\Lib\site-packages\faster_whisper-1.1.1.dist-info\REQUESTED
   Compressing: F:\Kimi Work\视频工具箱\tools\python\Lib\site-packages\faster_whisper-1.1.1.dist-info\top_level.txt
   Compressing: F:\Kimi Work\视频工具箱\tools\python\Lib\site-packages\faster_whisper-1.1.1.dist-info\WHEEL
   Compressing: F:\Kimi Work\视频工具箱\tools\python\Lib\site-packages\filelock\asyncio.py
   Compressing: F:\Kimi Work\视频工具箱\tools\python\Lib\site-packages\filelock\py.typed
   Compressing: F:\Kimi Work\视频工具箱\tools\python\Lib\site-packages\filelock\version.py
   Compressing: F:\Kimi Work\视频工具箱\tools\python\Lib\site-packages\filelock\_api.py
   Compressing: F:\Kimi Work\视频工具箱\tools\python\Lib\site-packages\filelock\_async.py
   Compressing: F:\Kimi Work\视频工具箱\tools\python\Lib\site-packages\filelock\_async_read_write.py
   Compressing: F:\Kimi Work\视频工具箱\tools\python\Lib\site-packages\filelock\_descriptor.py
   Compressing: F:\Kimi Work\视频工具箱\tools\python\Lib\site-packages\filelock\_error.py
   Compressing: F:\Kimi Work\视频工具箱\tools\python\Lib\site-packages\filelock\_identity.py
   Compressing: F:\Kimi Work\视频工具箱\tools\python\Lib\site-packages\filelock\_lease.py
   Compressing: F:\Kimi Work\视频工具箱\tools\python\Lib\site-packages\filelock\_marker.py
   Compressing: F:\Kimi Work\视频工具箱\tools\python\Lib\site-packages\filelock\_read_write.py
   Compressing: F:\Kimi Work\视频工具箱\tools\python\Lib\site-packages\filelock\_soft.py
   Compressing: F:\Kimi Work\视频工具箱\tools\python\Lib\site-packages\filelock\_soft_protocol.py
   Compressing: F:\Kimi Work\视频工具箱\tools\python\Lib\site-packages\filelock\_strict.py
   Compressing: F:\Kimi Work\视频工具箱\tools\python\Lib\site-packages\filelock\_unix.py
   Compressing: F:\Kimi Work\视频工具箱\tools\python\Lib\site-packages\filelock\_util.py
   Compressing: F:\Kimi Work\视频工具箱\tools\python\Lib\site-packages\filelock\_windows.py
   Compressing: F:\Kimi Work\视频工具箱\tools\python\Lib\site-packages\filelock\__init__.py
   Compressing: F:\Kimi Work\视频工具箱\tools\python\Lib\site-packages\filelock\_soft_rw\_async.py
   Compressing: F:\Kimi Work\视频工具箱\tools\python\Lib\site-packages\filelock\_soft_rw\_sync.py
   Compressing: F:\Kimi Work\视频工具箱\tools\python\Lib\site-packages\filelock\_soft_rw\__init__.py
   Compressing: F:\Kimi Work\视频工具箱\tools\python\Lib\site-packages\filelock-3.32.5.dist-info\INSTALLER
   Compressing: F:\Kimi Work\视频工具箱\tools\python\Lib\site-packages\filelock-3.32.5.dist-info\METADATA
   Compressing: F:\Kimi Work\视频工具箱\tools\python\Lib\site-packages\filelock-3.32.5.dist-info\RECORD
   Compressing: F:\Kimi Work\视频工具箱\tools\python\Lib\site-packages\filelock-3.32.5.dist-info\WHEEL
   Compressing: F:\Kimi Work\视频工具箱\tools\python\Lib\site-packages\filelock-3.32.5.dist-info\licenses\LICENSE
   Compressing: F:\Kimi Work\视频工具箱\tools\python\Lib\site-packages\flatbuffers\builder.py
   Compressing: F:\Kimi Work\视频工具箱\tools\python\Lib\site-packages\flatbuffers\compat.py
   Compressing: F:\Kimi Work\视频工具箱\tools\python\Lib\site-packages\flatbuffers\encode.py
   Compressing: F:\Kimi Work\视频工具箱\tools\python\Lib\site-packages\flatbuffers\flexbuffers.py
   Compressing: F:\Kimi Work\视频工具箱\tools\python\Lib\site-packages\flatbuffers\number_types.py
   Compressing: F:\Kimi Work\视频工具箱\tools\python\Lib\site-packages\flatbuffers\packer.py
   Compressing: F:\Kimi Work\视频工具箱\tools\python\Lib\site-packages\flatbuffers\table.py
   Compressing: F:\Kimi Work\视频工具箱\tools\python\Lib\site-packages\flatbuffers\util.py
   Compressing: F:\Kimi Work\视频工具箱\tools\python\Lib\site-packages\flatbuffers\_version.py
   Compressing: F:\Kimi Work\视频工具箱\tools\python\Lib\site-packages\flatbuffers\__init__.py
   Compressing: F:\Kimi Work\视频工具箱\tools\python\Lib\site-packages\flatbuffers-25.12.19.dist-info\INSTALLER
   Compressing: F:\Kimi Work\视频工具箱\tools\python\Lib\site-packages\flatbuffers-25.12.19.dist-info\METADATA
   Compressing: F:\Kimi Work\视频工具箱\tools\python\Lib\site-packages\flatbuffers-25.12.19.dist-info\RECORD
   Compressing: F:\Kimi Work\视频工具箱\tools\python\Lib\site-packages\flatbuffers-25.12.19.dist-info\top_level.txt
   Compressing: F:\Kimi Work\视频工具箱\tools\python\Lib\site-packages\flatbuffers-25.12.19.dist-info\WHEEL
   Compressing: F:\Kimi Work\视频工具箱\tools\python\Lib\site-packages\fsspec\archive.py
   Compressing: F:\Kimi Work\视频工具箱\tools\python\Lib\site-packages\fsspec\asyn.py
   Compressing: F:\Kimi Work\视频工具箱\tools\python\Lib\site-packages\fsspec\caching.py
   Compressing: F:\Kimi Work\视频工具箱\tools\python\Lib\site-packages\fsspec\callbacks.py
   Compressing: F:\Kimi Work\视频工具箱\tools\python\Lib\site-packages\fsspec\compression.py
   Compressing: F:\Kimi Work\视频工具箱\tools\python\Lib\site-packages\fsspec\config.py
   Compressing: F:\Kimi Work\视频工具箱\tools\python\Lib\site-packages\fsspec\conftest.py
   Compressing: F:\Kimi Work\视频工具箱\tools\python\Lib\site-packages\fsspec\core.py
   Compressing: F:\Kimi Work\视频工具箱\tools\python\Lib\site-packages\fsspec\dircache.py
   Compressing: F:\Kimi Work\视频工具箱\tools\python\Lib\site-packages\fsspec\exceptions.py
   Compressing: F:\Kimi Work\视频工具箱\tools\python\Lib\site-packages\fsspec\fuse.py
   Compressing: F:\Kimi Work\视频工具箱\tools\python\Lib\site-packages\fsspec\generic.py
   Compressing: F:\Kimi Work\视频工具箱\tools\python\Lib\site-packages\fsspec\gui.py
   Compressing: F:\Kimi Work\视频工具箱\tools\python\Lib\site-packages\fsspec\json.py
   Compressing: F:\Kimi Work\视频工具箱\tools\python\Lib\site-packages\fsspec\mapping.py
   Compressing: F:\Kimi Work\视频工具箱\tools\python\Lib\site-packages\fsspec\parquet.py
   Compressing: F:\Kimi Work\视频工具箱\tools\python\Lib\site-packages\fsspec\registry.py
   Compressing: F:\Kimi Work\视频工具箱\tools\python\Lib\site-packages\fsspec\spec.py
   Compressing: F:\Kimi Work\视频工具箱\tools\python\Lib\site-packages\fsspec\transaction.py
   Compressing: F:\Kimi Work\视频工具箱\tools\python\Lib\site-packages\fsspec\utils.py
   Compressing: F:\Kimi Work\视频工具箱\tools\python\Lib\site-packages\fsspec\_version.py
   Compressing: F:\Kimi Work\视频工具箱\tools\python\Lib\site-packages\fsspec\__init__.py
   Compressing: F:\Kimi Work\视频工具箱\tools\python\Lib\site-packages\fsspec\implementations\arrow.py
   Compressing: F:\Kimi Work\视频工具箱\tools\python\Lib\site-packages\fsspec\implementations\asyn_wrapper.py
   Compressing: F:\Kimi Work\视频工具箱\tools\python\Lib\site-packages\fsspec\implementations\cached.py
   Compressing: F:\Kimi Work\视频工具箱\tools\python\Lib\site-packages\fsspec\implementations\cache_mapper.py
   Compressing: F:\Kimi Work\视频工具箱\tools\python\Lib\site-packages\fsspec\implementations\cache_metadata.py
   Compressing: F:\Kimi Work\视频工具箱\tools\python\Lib\site-packages\fsspec\implementations\chained.py
   Compressing: F:\Kimi Work\视频工具箱\tools\python\Lib\site-packages\fsspec\implementations\dask.py
   Compressing: F:\Kimi Work\视频工具箱\tools\python\Lib\site-packages\fsspec\implementations\data.py
   Compressing: F:\Kimi Work\视频工具箱\tools\python\Lib\site-packages\fsspec\implementations\dbfs.py
   Compressing: F:\Kimi Work\视频工具箱\tools\python\Lib\site-packages\fsspec\implementations\dirfs.py
   Compressing: F:\Kimi Work\视频工具箱\tools\python\Lib\site-packages\fsspec\implementations\ftp.py
   Compressing: F:\Kimi Work\视频工具箱\tools\python\Lib\site-packages\fsspec\implementations\gist.py
   Compressing: F:\Kimi Work\视频工具箱\tools\python\Lib\site-packages\fsspec\implementations\git.py
   Compressing: F:\Kimi Work\视频工具箱\tools\python\Lib\site-packages\fsspec\implementations\github.py
   Compressing: F:\Kimi Work\视频工具箱\tools\python\Lib\site-packages\fsspec\implementations\http.py
   Compressing: F:\Kimi Work\视频工具箱\tools\python\Lib\site-packages\fsspec\implementations\http_sync.py
   Compressing: F:\Kimi Work\视频工具箱\tools\python\Lib\site-packages\fsspec\implementations\jupyter.py
   Compressing: F:\Kimi Work\视频工具箱\tools\python\Lib\site-packages\fsspec\implementations\libarchive.py
   Compressing: F:\Kimi Work\视频工具箱\tools\python\Lib\site-packages\fsspec\implementations\local.py
   Compressing: F:\Kimi Work\视频工具箱\tools\python\Lib\site-packages\fsspec\implementations\memory.py
   Compressing: F:\Kimi Work\视频工具箱\tools\python\Lib\site-packages\fsspec\implementations\reference.py
   Compressing: F:\Kimi Work\视频工具箱\tools\python\Lib\site-packages\fsspec\implementations\sftp.py
   Compressing: F:\Kimi Work\视频工具箱\tools\python\Lib\site-packages\fsspec\implementations\smb.py
   Compressing: F:\Kimi Work\视频工具箱\tools\python\Lib\site-packages\fsspec\implementations\tar.py
   Compressing: F:\Kimi Work\视频工具箱\tools\python\Lib\site-packages\fsspec\implementations\webhdfs.py
   Compressing: F:\Kimi Work\视频工具箱\tools\python\Lib\site-packages\fsspec\implementations\zip.py
   Compressing: F:\Kimi Work\视频工具箱\tools\python\Lib\site-packages\fsspec\implementations\__init__.py
   Compressing: F:\Kimi Work\视频工具箱\tools\python\Lib\site-packages\fsspec\tests\abstract\common.py
   Compressing: F:\Kimi Work\视频工具箱\tools\python\Lib\site-packages\fsspec\tests\abstract\copy.py
   Compressing: F:\Kimi Work\视频工具箱\tools\python\Lib\site-packages\fsspec\tests\abstract\get.py
   Compressing: F:\Kimi Work\视频工具箱\tools\python\Lib\site-packages\fsspec\tests\abstract\mv.py
   Compressing: F:\Kimi Work\视频工具箱\tools\python\Lib\site-packages\fsspec\tests\abstract\open.py
   Compressing: F:\Kimi Work\视频工具箱\tools\python\Lib\site-packages\fsspec\tests\abstract\pipe.py
   Compressing: F:\Kimi Work\视频工具箱\tools\python\Lib\site-packages\fsspec\tests\abstract\put.py
   Compressing: F:\Kimi Work\视频工具箱\tools\python\Lib\site-packages\fsspec\tests\abstract\__init__.py
   Compressing: F:\Kimi Work\视频工具箱\tools\python\Lib\site-packages\fsspec-2026.7.0.dist-info\INSTALLER
   Compressing: F:\Kimi Work\视频工具箱\tools\python\Lib\site-packages\fsspec-2026.7.0.dist-info\METADATA
   Compressing: F:\Kimi Work\视频工具箱\tools\python\Lib\site-packages\fsspec-2026.7.0.dist-info\RECORD
   Compressing: F:\Kimi Work\视频工具箱\tools\python\Lib\site-packages\fsspec-2026.7.0.dist-info\WHEEL
   Compressing: F:\Kimi Work\视频工具箱\tools\python\Lib\site-packages\fsspec-2026.7.0.dist-info\licenses\LICENSE
   Compressing: F:\Kimi Work\视频工具箱\tools\python\Lib\site-packages\google\protobuf\any.py
   Compressing: F:\Kimi Work\视频工具箱\tools\python\Lib\site-packages\google\protobuf\any_pb2.py
   Compressing: F:\Kimi Work\视频工具箱\tools\python\Lib\site-packages\google\protobuf\api_pb2.py
   Compressing: F:\Kimi Work\视频工具箱\tools\python\Lib\site-packages\google\protobuf\descriptor.py
   Compressing: F:\Kimi Work\视频工具箱\tools\python\Lib\site-packages\google\protobuf\descriptor_database.py
   Compressing: F:\Kimi Work\视频工具箱\tools\python\Lib\site-packages\google\protobuf\descriptor_pb2.py
   Compressing: F:\Kimi Work\视频工具箱\tools\python\Lib\site-packages\google\protobuf\descriptor_pool.py
   Compressing: F:\Kimi Work\视频工具箱\tools\python\Lib\site-packages\google\protobuf\duration.py
   Compressing: F:\Kimi Work\视频工具箱\tools\python\Lib\site-packages\google\protobuf\duration_pb2.py
   Compressing: F:\Kimi Work\视频工具箱\tools\python\Lib\site-packages\google\protobuf\empty_pb2.py
   Compressing: F:\Kimi Work\视频工具箱\tools\python\Lib\site-packages\google\protobuf\field_mask_pb2.py
   Compressing: F:\Kimi Work\视频工具箱\tools\python\Lib\site-packages\google\protobuf\json_enumvalue_options_pb2.py
   Compressing: F:\Kimi Work\视频工具箱\tools\python\Lib\site-packages\google\protobuf\json_format.py
   Compressing: F:\Kimi Work\视频工具箱\tools\python\Lib\site-packages\google\protobuf\json_options_pb2.py
   Compressing: F:\Kimi Work\视频工具箱\tools\python\Lib\site-packages\google\protobuf\message.py
   Compressing: F:\Kimi Work\视频工具箱\tools\python\Lib\site-packages\google\protobuf\message_factory.py
   Compressing: F:\Kimi Work\视频工具箱\tools\python\Lib\site-packages\google\protobuf\proto.py
   Compressing: F:\Kimi Work\视频工具箱\tools\python\Lib\site-packages\google\protobuf\proto_builder.py
   Compressing: F:\Kimi Work\视频工具箱\tools\python\Lib\site-packages\google\protobuf\proto_json.py
   Compressing: F:\Kimi Work\视频工具箱\tools\python\Lib\site-packages\google\protobuf\proto_text.py
   Compressing: F:\Kimi Work\视频工具箱\tools\python\Lib\site-packages\google\protobuf\reflection.py
   Compressing: F:\Kimi Work\视频工具箱\tools\python\Lib\site-packages\google\protobuf\runtime_version.py
   Compressing: F:\Kimi Work\视频工具箱\tools\python\Lib\site-packages\google\protobuf\service_reflection.py
   Compressing: F:\Kimi Work\视频工具箱\tools\python\Lib\site-packages\google\protobuf\source_context_pb2.py
   Compressing: F:\Kimi Work\视频工具箱\tools\python\Lib\site-packages\google\protobuf\struct_pb2.py
   Compressing: F:\Kimi Work\视频工具箱\tools\python\Lib\site-packages\google\protobuf\symbol_database.py
   Compressing: F:\Kimi Work\视频工具箱\tools\python\Lib\site-packages\google\protobuf\text_encoding.py
   Compressing: F:\Kimi Work\视频工具箱\tools\python\Lib\site-packages\google\protobuf\text_format.py
   Compressing: F:\Kimi Work\视频工具箱\tools\python\Lib\site-packages\google\protobuf\timestamp.py
   Compressing: F:\Kimi Work\视频工具箱\tools\python\Lib\site-packages\google\protobuf\timestamp_pb2.py
   Compressing: F:\Kimi Work\视频工具箱\tools\python\Lib\site-packages\google\protobuf\type_pb2.py
   Compressing: F:\Kimi Work\视频工具箱\tools\python\Lib\site-packages\google\protobuf\unknown_fields.py
   Compressing: F:\Kimi Work\视频工具箱\tools\python\Lib\site-packages\google\protobuf\wrappers_pb2.py
   Compressing: F:\Kimi Work\视频工具箱\tools\python\Lib\site-packages\google\protobuf\__init__.py
   Compressing: F:\Kimi Work\视频工具箱\tools\python\Lib\site-packages\google\protobuf\compiler\plugin_pb2.py
   Compressing: F:\Kimi Work\视频工具箱\tools\python\Lib\site-packages\google\protobuf\compiler\__init__.py
   Compressing: F:\Kimi Work\视频工具箱\tools\python\Lib\site-packages\google\protobuf\internal\api_implementation.py
   Compressing: F:\Kimi Work\视频工具箱\tools\python\Lib\site-packages\google\protobuf\internal\builder.py
   Compressing: F:\Kimi Work\视频工具箱\tools\python\Lib\site-packages\google\protobuf\internal\containers.py
   Compressing: F:\Kimi Work\视频工具箱\tools\python\Lib\site-packages\google\protobuf\internal\decoder.py
   Compressing: F:\Kimi Work\视频工具箱\tools\python\Lib\site-packages\google\protobuf\internal\encoder.py
   Compressing: F:\Kimi Work\视频工具箱\tools\python\Lib\site-packages\google\protobuf\internal\enum_type_wrapper.py
   Compressing: F:\Kimi Work\视频工具箱\tools\python\Lib\site-packages\google\protobuf\internal\extension_dict.py
   Compressing: F:\Kimi Work\视频工具箱\tools\python\Lib\site-packages\google\protobuf\internal\field_mask.py
   Compressing: F:\Kimi Work\视频工具箱\tools\python\Lib\site-packages\google\protobuf\internal\json_format_benchmark.py
   Compressing: F:\Kimi Work\视频工具箱\tools\python\Lib\site-packages\google\protobuf\internal\message_benchmark.py
   Compressing: F:\Kimi Work\视频工具箱\tools\python\Lib\site-packages\google\protobuf\internal\message_listener.py
   Compressing: F:\Kimi Work\视频工具箱\tools\python\Lib\site-packages\google\protobuf\internal\python_edition_defaults.py
   Compressing: F:\Kimi Work\视频工具箱\tools\python\Lib\site-packages\google\protobuf\internal\python_message.py
   Compressing: F:\Kimi Work\视频工具箱\tools\python\Lib\site-packages\google\protobuf\internal\testing_refleaks.py
   Compressing: F:\Kimi Work\视频工具箱\tools\python\Lib\site-packages\google\protobuf\internal\type_checkers.py
   Compressing: F:\Kimi Work\视频工具箱\tools\python\Lib\site-packages\google\protobuf\internal\well_known_types.py
   Compressing: F:\Kimi Work\视频工具箱\tools\python\Lib\site-packages\google\protobuf\internal\wire_format.py
   Compressing: F:\Kimi Work\视频工具箱\tools\python\Lib\site-packages\google\protobuf\internal\__init__.py
   Compressing: F:\Kimi Work\视频工具箱\tools\python\Lib\site-packages\google\protobuf\pyext\cpp_message.py
   Compressing: F:\Kimi Work\视频工具箱\tools\python\Lib\site-packages\google\protobuf\pyext\__init__.py
   Compressing: F:\Kimi Work\视频工具箱\tools\python\Lib\site-packages\google\protobuf\testdata\__init__.py
   Compressing: F:\Kimi Work\视频工具箱\tools\python\Lib\site-packages\google\protobuf\util\__init__.py
   Compressing: F:\Kimi Work\视频工具箱\tools\python\Lib\site-packages\google\_upb\_message.pyd
   Compressing: F:\Kimi Work\视频工具箱\tools\python\Lib\site-packages\greenlet\CObjects.cpp
   Compressing: F:\Kimi Work\视频工具箱\tools\python\Lib\site-packages\greenlet\greenlet.cpp
   Compressing: F:\Kimi Work\视频工具箱\tools\python\Lib\site-packages\greenlet\greenlet.h
   Compressing: F:\Kimi Work\视频工具箱\tools\python\Lib\site-packages\greenlet\greenlet_allocator.hpp
   Compressing: F:\Kimi Work\视频工具箱\tools\python\Lib\site-packages\greenlet\greenlet_compiler_compat.hpp
   Compressing: F:\Kimi Work\视频工具箱\tools\python\Lib\site-packages\greenlet\greenlet_cpython_compat.hpp
   Compressing: F:\Kimi Work\视频工具箱\tools\python\Lib\site-packages\greenlet\greenlet_exceptions.hpp
   Compressing: F:\Kimi Work\视频工具箱\tools\python\Lib\site-packages\greenlet\greenlet_internal.hpp
   Compressing: F:\Kimi Work\视频工具箱\tools\python\Lib\site-packages\greenlet\greenlet_msvc_compat.hpp
   Compressing: F:\Kimi Work\视频工具箱\tools\python\Lib\site-packages\greenlet\greenlet_refs.hpp
   Compressing: F:\Kimi Work\视频工具箱\tools\python\Lib\site-packages\greenlet\greenlet_slp_switch.hpp
   Compressing: F:\Kimi Work\视频工具箱\tools\python\Lib\site-packages\greenlet\greenlet_thread_support.hpp
   Compressing: F:\Kimi Work\视频工具箱\tools\python\Lib\site-packages\greenlet\PyGreenlet.cpp
   Compressing: F:\Kimi Work\视频工具箱\tools\python\Lib\site-packages\greenlet\PyGreenlet.hpp
   Compressing: F:\Kimi Work\视频工具箱\tools\python\Lib\site-packages\greenlet\PyGreenletUnswitchable.cpp
   Compressing: F:\Kimi Work\视频工具箱\tools\python\Lib\site-packages\greenlet\PyModule.cpp
   Compressing: F:\Kimi Work\视频工具箱\tools\python\Lib\site-packages\greenlet\slp_platformselect.h
   Compressing: F:\Kimi Work\视频工具箱\tools\python\Lib\site-packages\greenlet\TBrokenGreenlet.cpp
   Compressing: F:\Kimi Work\视频工具箱\tools\python\Lib\site-packages\greenlet\TExceptionState.cpp
   Compressing: F:\Kimi Work\视频工具箱\tools\python\Lib\site-packages\greenlet\TGreenlet.cpp
   Compressing: F:\Kimi Work\视频工具箱\tools\python\Lib\site-packages\greenlet\TGreenlet.hpp
   Compressing: F:\Kimi Work\视频工具箱\tools\python\Lib\site-packages\greenlet\TGreenletGlobals.cpp
   Compressing: F:\Kimi Work\视频工具箱\tools\python\Lib\site-packages\greenlet\TMainGreenlet.cpp
   Compressing: F:\Kimi Work\视频工具箱\tools\python\Lib\site-packages\greenlet\TPythonState.cpp
   Compressing: F:\Kimi Work\视频工具箱\tools\python\Lib\site-packages\greenlet\TStackState.cpp
   Compressing: F:\Kimi Work\视频工具箱\tools\python\Lib\site-packages\greenlet\TThreadState.hpp
   Compressing: F:\Kimi Work\视频工具箱\tools\python\Lib\site-packages\greenlet\TThreadStateCreator.hpp
   Compressing: F:\Kimi Work\视频工具箱\tools\python\Lib\site-packages\greenlet\TThreadStateDestroy.cpp
   Compressing: F:\Kimi Work\视频工具箱\tools\python\Lib\site-packages\greenlet\TUserGreenlet.cpp
   Compressing: F:\Kimi Work\视频工具箱\tools\python\Lib\site-packages\greenlet\_greenlet.cp312-win_amd64.pyd
   Compressing: F:\Kimi Work\视频工具箱\tools\python\Lib\site-packages\greenlet\__init__.py
   Compressing: F:\Kimi Work\视频工具箱\tools\python\Lib\site-packages\greenlet\platform\setup_switch_x64_masm.cmd
   Compressing: F:\Kimi Work\视频工具箱\tools\python\Lib\site-packages\greenlet\platform\switch_aarch64_gcc.h
   Compressing: F:\Kimi Work\视频工具箱\tools\python\Lib\site-packages\greenlet\platform\switch_alpha_unix.h
   Compressing: F:\Kimi Work\视频工具箱\tools\python\Lib\site-packages\greenlet\platform\switch_amd64_unix.h
   Compressing: F:\Kimi Work\视频工具箱\tools\python\Lib\site-packages\greenlet\platform\switch_arm32_gcc.h
   Compressing: F:\Kimi Work\视频工具箱\tools\python\Lib\site-packages\greenlet\platform\switch_arm32_ios.h
   Compressing: F:\Kimi Work\视频工具箱\tools\python\Lib\site-packages\greenlet\platform\switch_arm64_masm.asm
   Compressing: F:\Kimi Work\视频工具箱\tools\python\Lib\site-packages\greenlet\platform\switch_arm64_masm.obj
   Compressing: F:\Kimi Work\视频工具箱\tools\python\Lib\site-packages\greenlet\platform\switch_arm64_msvc.h
   Compressing: F:\Kimi Work\视频工具箱\tools\python\Lib\site-packages\greenlet\platform\switch_csky_gcc.h
   Compressing: F:\Kimi Work\视频工具箱\tools\python\Lib\site-packages\greenlet\platform\switch_loongarch64_linux.h
   Compressing: F:\Kimi Work\视频工具箱\tools\python\Lib\site-packages\greenlet\platform\switch_m68k_gcc.h
   Compressing: F:\Kimi Work\视频工具箱\tools\python\Lib\site-packages\greenlet\platform\switch_mips_unix.h
   Compressing: F:\Kimi Work\视频工具箱\tools\python\Lib\site-packages\greenlet\platform\switch_ppc64_aix.h
   Compressing: F:\Kimi Work\视频工具箱\tools\python\Lib\site-packages\greenlet\platform\switch_ppc64_linux.h
   Compressing: F:\Kimi Work\视频工具箱\tools\python\Lib\site-packages\greenlet\platform\switch_ppc_aix.h
   Compressing: F:\Kimi Work\视频工具箱\tools\python\Lib\site-packages\greenlet\platform\switch_ppc_linux.h
   Compressing: F:\Kimi Work\视频工具箱\tools\python\Lib\site-packages\greenlet\platform\switch_ppc_macosx.h
   Compressing: F:\Kimi Work\视频工具箱\tools\python\Lib\site-packages\greenlet\platform\switch_ppc_unix.h
   Compressing: F:\Kimi Work\视频工具箱\tools\python\Lib\site-packages\greenlet\platform\switch_riscv_unix.h
   Compressing: F:\Kimi Work\视频工具箱\tools\python\Lib\site-packages\greenlet\platform\switch_s390_unix.h
   Compressing: F:\Kimi Work\视频工具箱\tools\python\Lib\site-packages\greenlet\platform\switch_sh_gcc.h
   Compressing: F:\Kimi Work\视频工具箱\tools\python\Lib\site-packages\greenlet\platform\switch_sparc_sun_gcc.h
   Compressing: F:\Kimi Work\视频工具箱\tools\python\Lib\site-packages\greenlet\platform\switch_x32_unix.h
   Compressing: F:\Kimi Work\视频工具箱\tools\python\Lib\site-packages\greenlet\platform\switch_x64_masm.asm
   Compressing: F:\Kimi Work\视频工具箱\tools\python\Lib\site-packages\greenlet\platform\switch_x64_masm.obj
   Compressing: F:\Kimi Work\视频工具箱\tools\python\Lib\site-packages\greenlet\platform\switch_x64_msvc.h
   Compressing: F:\Kimi Work\视频工具箱\tools\python\Lib\site-packages\greenlet\platform\switch_x86_msvc.h
   Compressing: F:\Kimi Work\视频工具箱\tools\python\Lib\site-packages\greenlet\platform\switch_x86_unix.h
   Compressing: F:\Kimi Work\视频工具箱\tools\python\Lib\site-packages\greenlet\platform\__init__.py
   Compressing: F:\Kimi Work\视频工具箱\tools\python\Lib\site-packages\greenlet\tests\fail_clearing_run_switches.py
   Compressing: F:\Kimi Work\视频工具箱\tools\python\Lib\site-packages\greenlet\tests\fail_cpp_exception.py
   Compressing: F:\Kimi Work\视频工具箱\tools\python\Lib\site-packages\greenlet\tests\fail_c_stack_refs_suspended_gc.py
   Compressing: F:\Kimi Work\视频工具箱\tools\python\Lib\site-packages\greenlet\tests\fail_initialstub_already_started.py
   Compressing: F:\Kimi Work\视频工具箱\tools\python\Lib\site-packages\greenlet\tests\fail_issue_515_freethread_gc.py
   Compressing: F:\Kimi Work\视频工具箱\tools\python\Lib\site-packages\greenlet\tests\fail_slp_switch.py
   Compressing: F:\Kimi Work\视频工具箱\tools\python\Lib\site-packages\greenlet\tests\fail_switch_critical_section.py
   Compressing: F:\Kimi Work\视频工具箱\tools\python\Lib\site-packages\greenlet\tests\fail_switch_three_greenlets.py
   Compressing: F:\Kimi Work\视频工具箱\tools\python\Lib\site-packages\greenlet\tests\fail_switch_three_greenlets2.py
   Compressing: F:\Kimi Work\视频工具箱\tools\python\Lib\site-packages\greenlet\tests\fail_switch_two_greenlets.py
   Compressing: F:\Kimi Work\视频工具箱\tools\python\Lib\site-packages\greenlet\tests\leakcheck.py
   Compressing: F:\Kimi Work\视频工具箱\tools\python\Lib\site-packages\greenlet\tests\test_contextvars.py
   Compressing: F:\Kimi Work\视频工具箱\tools\python\Lib\site-packages\greenlet\tests\test_cpp.py
   Compressing: F:\Kimi Work\视频工具箱\tools\python\Lib\site-packages\greenlet\tests\test_extension_interface.py
   Compressing: F:\Kimi Work\视频工具箱\tools\python\Lib\site-packages\greenlet\tests\test_gc.py
   Compressing: F:\Kimi Work\视频工具箱\tools\python\Lib\site-packages\greenlet\tests\test_generator.py
   Compressing: F:\Kimi Work\视频工具箱\tools\python\Lib\site-packages\greenlet\tests\test_generator_nested.py
   Compressing: F:\Kimi Work\视频工具箱\tools\python\Lib\site-packages\greenlet\tests\test_greenlet.py
   Compressing: F:\Kimi Work\视频工具箱\tools\python\Lib\site-packages\greenlet\tests\test_greenlet_trash.py
   Compressing: F:\Kimi Work\视频工具箱\tools\python\Lib\site-packages\greenlet\tests\test_interpreter_shutdown.py
   Compressing: F:\Kimi Work\视频工具箱\tools\python\Lib\site-packages\greenlet\tests\test_leaks.py
   Compressing: F:\Kimi Work\视频工具箱\tools\python\Lib\site-packages\greenlet\tests\test_stack_saved.py
   Compressing: F:\Kimi Work\视频工具箱\tools\python\Lib\site-packages\greenlet\tests\test_throw.py
   Compressing: F:\Kimi Work\视频工具箱\tools\python\Lib\site-packages\greenlet\tests\test_tracing.py
   Compressing: F:\Kimi Work\视频工具箱\tools\python\Lib\site-packages\greenlet\tests\test_version.py
   Compressing: F:\Kimi Work\视频工具箱\tools\python\Lib\site-packages\greenlet\tests\test_weakref.py
   Compressing: F:\Kimi Work\视频工具箱\tools\python\Lib\site-packages\greenlet\tests\_test_extension.c
   Compressing: F:\Kimi Work\视频工具箱\tools\python\Lib\site-packages\greenlet\tests\_test_extension.cp312-win_amd64.pyd
   Compressing: F:\Kimi Work\视频工具箱\tools\python\Lib\site-packages\greenlet\tests\_test_extension_cpp.cp312-win_amd64.pyd
   Compressing: F:\Kimi Work\视频工具箱\tools\python\Lib\site-packages\greenlet\tests\_test_extension_cpp.cpp
   Compressing: F:\Kimi Work\视频工具箱\tools\python\Lib\site-packages\greenlet\tests\__init__.py
   Compressing: F:\Kimi Work\视频工具箱\tools\python\Lib\site-packages\greenlet-3.5.5.dist-info\INSTALLER
   Compressing: F:\Kimi Work\视频工具箱\tools\python\Lib\site-packages\greenlet-3.5.5.dist-info\METADATA
   Compressing: F:\Kimi Work\视频工具箱\tools\python\Lib\site-packages\greenlet-3.5.5.dist-info\RECORD
   Compressing: F:\Kimi Work\视频工具箱\tools\python\Lib\site-packages\greenlet-3.5.5.dist-info\top_level.txt
   Compressing: F:\Kimi Work\视频工具箱\tools\python\Lib\site-packages\greenlet-3.5.5.dist-info\WHEEL
   Compressing: F:\Kimi Work\视频工具箱\tools\python\Lib\site-packages\greenlet-3.5.5.dist-info\licenses\LICENSE
   Compressing: F:\Kimi Work\视频工具箱\tools\python\Lib\site-packages\greenlet-3.5.5.dist-info\licenses\LICENSE.PSF
   Compressing: F:\Kimi Work\视频工具箱\tools\python\Lib\site-packages\h11\py.typed
   Compressing: F:\Kimi Work\视频工具箱\tools\python\Lib\site-packages\h11\_abnf.py
   Compressing: F:\Kimi Work\视频工具箱\tools\python\Lib\site-packages\h11\_connection.py
   Compressing: F:\Kimi Work\视频工具箱\tools\python\Lib\site-packages\h11\_events.py
   Compressing: F:\Kimi Work\视频工具箱\tools\python\Lib\site-packages\h11\_headers.py
   Compressing: F:\Kimi Work\视频工具箱\tools\python\Lib\site-packages\h11\_readers.py
   Compressing: F:\Kimi Work\视频工具箱\tools\python\Lib\site-packages\h11\_receivebuffer.py
   Compressing: F:\Kimi Work\视频工具箱\tools\python\Lib\site-packages\h11\_state.py
   Compressing: F:\Kimi Work\视频工具箱\tools\python\Lib\site-packages\h11\_util.py
   Compressing: F:\Kimi Work\视频工具箱\tools\python\Lib\site-packages\h11\_version.py
   Compressing: F:\Kimi Work\视频工具箱\tools\python\Lib\site-packages\h11\_writers.py
   Compressing: F:\Kimi Work\视频工具箱\tools\python\Lib\site-packages\h11\__init__.py
   Compressing: F:\Kimi Work\视频工具箱\tools\python\Lib\site-packages\h11-0.16.0.dist-info\INSTALLER
   Compressing: F:\Kimi Work\视频工具箱\tools\python\Lib\site-packages\h11-0.16.0.dist-info\METADATA
   Compressing: F:\Kimi Work\视频工具箱\tools\python\Lib\site-packages\h11-0.16.0.dist-info\RECORD
   Compressing: F:\Kimi Work\视频工具箱\tools\python\Lib\site-packages\h11-0.16.0.dist-info\top_level.txt
   Compressing: F:\Kimi Work\视频工具箱\tools\python\Lib\site-packages\h11-0.16.0.dist-info\WHEEL
   Compressing: F:\Kimi Work\视频工具箱\tools\python\Lib\site-packages\h11-0.16.0.dist-info\licenses\LICENSE.txt
   Compressing: F:\Kimi Work\视频工具箱\tools\python\Lib\site-packages\hf_xet\hf_xet.pyd
   Compressing: F:\Kimi Work\视频工具箱\tools\python\Lib\site-packages\hf_xet\__init__.py
   Compressing: F:\Kimi Work\视频工具箱\tools\python\Lib\site-packages\hf_xet-1.6.0.dist-info\INSTALLER
   Compressing: F:\Kimi Work\视频工具箱\tools\python\Lib\site-packages\hf_xet-1.6.0.dist-info\METADATA
   Compressing: F:\Kimi Work\视频工具箱\tools\python\Lib\site-packages\hf_xet-1.6.0.dist-info\RECORD
   Compressing: F:\Kimi Work\视频工具箱\tools\python\Lib\site-packages\hf_xet-1.6.0.dist-info\WHEEL
   Compressing: F:\Kimi Work\视频工具箱\tools\python\Lib\site-packages\hf_xet-1.6.0.dist-info\licenses\LICENSE
   Compressing: F:\Kimi Work\视频工具箱\tools\python\Lib\site-packages\hf_xet-1.6.0.dist-info\sboms\hf_xet.cyclonedx.json
   Compressing: F:\Kimi Work\视频工具箱\tools\python\Lib\site-packages\httpcore\py.typed
   Compressing: F:\Kimi Work\视频工具箱\tools\python\Lib\site-packages\httpcore\_api.py
   Compressing: F:\Kimi Work\视频工具箱\tools\python\Lib\site-packages\httpcore\_exceptions.py
   Compressing: F:\Kimi Work\视频工具箱\tools\python\Lib\site-packages\httpcore\_models.py
   Compressing: F:\Kimi Work\视频工具箱\tools\python\Lib\site-packages\httpcore\_ssl.py
   Compressing: F:\Kimi Work\视频工具箱\tools\python\Lib\site-packages\httpcore\_synchronization.py
   Compressing: F:\Kimi Work\视频工具箱\tools\python\Lib\site-packages\httpcore\_trace.py
   Compressing: F:\Kimi Work\视频工具箱\tools\python\Lib\site-packages\httpcore\_utils.py
   Compressing: F:\Kimi Work\视频工具箱\tools\python\Lib\site-packages\httpcore\__init__.py
   Compressing: F:\Kimi Work\视频工具箱\tools\python\Lib\site-packages\httpcore\_async\connection.py
   Compressing: F:\Kimi Work\视频工具箱\tools\python\Lib\site-packages\httpcore\_async\connection_pool.py
   Compressing: F:\Kimi Work\视频工具箱\tools\python\Lib\site-packages\httpcore\_async\http11.py
   Compressing: F:\Kimi Work\视频工具箱\tools\python\Lib\site-packages\httpcore\_async\http2.py
   Compressing: F:\Kimi Work\视频工具箱\tools\python\Lib\site-packages\httpcore\_async\http_proxy.py
   Compressing: F:\Kimi Work\视频工具箱\tools\python\Lib\site-packages\httpcore\_async\interfaces.py
   Compressing: F:\Kimi Work\视频工具箱\tools\python\Lib\site-packages\httpcore\_async\socks_proxy.py
   Compressing: F:\Kimi Work\视频工具箱\tools\python\Lib\site-packages\httpcore\_async\__init__.py
   Compressing: F:\Kimi Work\视频工具箱\tools\python\Lib\site-packages\httpcore\_backends\anyio.py
   Compressing: F:\Kimi Work\视频工具箱\tools\python\Lib\site-packages\httpcore\_backends\auto.py
   Compressing: F:\Kimi Work\视频工具箱\tools\python\Lib\site-packages\httpcore\_backends\base.py
   Compressing: F:\Kimi Work\视频工具箱\tools\python\Lib\site-packages\httpcore\_backends\mock.py
   Compressing: F:\Kimi Work\视频工具箱\tools\python\Lib\site-packages\httpcore\_backends\sync.py
   Compressing: F:\Kimi Work\视频工具箱\tools\python\Lib\site-packages\httpcore\_backends\trio.py
   Compressing: F:\Kimi Work\视频工具箱\tools\python\Lib\site-packages\httpcore\_backends\__init__.py
   Compressing: F:\Kimi Work\视频工具箱\tools\python\Lib\site-packages\httpcore\_sync\connection.py
   Compressing: F:\Kimi Work\视频工具箱\tools\python\Lib\site-packages\httpcore\_sync\connection_pool.py
   Compressing: F:\Kimi Work\视频工具箱\tools\python\Lib\site-packages\httpcore\_sync\http11.py
   Compressing: F:\Kimi Work\视频工具箱\tools\python\Lib\site-packages\httpcore\_sync\http2.py
   Compressing: F:\Kimi Work\视频工具箱\tools\python\Lib\site-packages\httpcore\_sync\http_proxy.py
   Compressing: F:\Kimi Work\视频工具箱\tools\python\Lib\site-packages\httpcore\_sync\interfaces.py
   Compressing: F:\Kimi Work\视频工具箱\tools\python\Lib\site-packages\httpcore\_sync\socks_proxy.py
   Compressing: F:\Kimi Work\视频工具箱\tools\python\Lib\site-packages\httpcore\_sync\__init__.py
   Compressing: F:\Kimi Work\视频工具箱\tools\python\Lib\site-packages\httpcore-1.0.9.dist-info\INSTALLER
   Compressing: F:\Kimi Work\视频工具箱\tools\python\Lib\site-packages\httpcore-1.0.9.dist-info\METADATA
   Compressing: F:\Kimi Work\视频工具箱\tools\python\Lib\site-packages\httpcore-1.0.9.dist-info\RECORD
   Compressing: F:\Kimi Work\视频工具箱\tools\python\Lib\site-packages\httpcore-1.0.9.dist-info\WHEEL
   Compressing: F:\Kimi Work\视频工具箱\tools\python\Lib\site-packages\httpcore-1.0.9.dist-info\licenses\LICENSE.md
   Compressing: F:\Kimi Work\视频工具箱\tools\python\Lib\site-packages\httpx\py.typed
   Compressing: F:\Kimi Work\视频工具箱\tools\python\Lib\site-packages\httpx\_api.py
   Compressing: F:\Kimi Work\视频工具箱\tools\python\Lib\site-packages\httpx\_auth.py
   Compressing: F:\Kimi Work\视频工具箱\tools\python\Lib\site-packages\httpx\_client.py
   Compressing: F:\Kimi Work\视频工具箱\tools\python\Lib\site-packages\httpx\_config.py
   Compressing: F:\Kimi Work\视频工具箱\tools\python\Lib\site-packages\httpx\_content.py
   Compressing: F:\Kimi Work\视频工具箱\tools\python\Lib\site-packages\httpx\_decoders.py
   Compressing: F:\Kimi Work\视频工具箱\tools\python\Lib\site-packages\httpx\_exceptions.py
   Compressing: F:\Kimi Work\视频工具箱\tools\python\Lib\site-packages\httpx\_main.py
   Compressing: F:\Kimi Work\视频工具箱\tools\python\Lib\site-packages\httpx\_models.py
   Compressing: F:\Kimi Work\视频工具箱\tools\python\Lib\site-packages\httpx\_multipart.py
   Compressing: F:\Kimi Work\视频工具箱\tools\python\Lib\site-packages\httpx\_status_codes.py
   Compressing: F:\Kimi Work\视频工具箱\tools\python\Lib\site-packages\httpx\_types.py
   Compressing: F:\Kimi Work\视频工具箱\tools\python\Lib\site-packages\httpx\_urlparse.py
   Compressing: F:\Kimi Work\视频工具箱\tools\python\Lib\site-packages\httpx\_urls.py
   Compressing: F:\Kimi Work\视频工具箱\tools\python\Lib\site-packages\httpx\_utils.py
   Compressing: F:\Kimi Work\视频工具箱\tools\python\Lib\site-packages\httpx\__init__.py
   Compressing: F:\Kimi Work\视频工具箱\tools\python\Lib\site-packages\httpx\__version__.py
   Compressing: F:\Kimi Work\视频工具箱\tools\python\Lib\site-packages\httpx\_transports\asgi.py
   Compressing: F:\Kimi Work\视频工具箱\tools\python\Lib\site-packages\httpx\_transports\base.py
   Compressing: F:\Kimi Work\视频工具箱\tools\python\Lib\site-packages\httpx\_transports\default.py
   Compressing: F:\Kimi Work\视频工具箱\tools\python\Lib\site-packages\httpx\_transports\mock.py
   Compressing: F:\Kimi Work\视频工具箱\tools\python\Lib\site-packages\httpx\_transports\wsgi.py
   Compressing: F:\Kimi Work\视频工具箱\tools\python\Lib\site-packages\httpx\_transports\__init__.py
   Compressing: F:\Kimi Work\视频工具箱\tools\python\Lib\site-packages\httpx-0.28.1.dist-info\entry_points.txt
   Compressing: F:\Kimi Work\视频工具箱\tools\python\Lib\site-packages\httpx-0.28.1.dist-info\INSTALLER
   Compressing: F:\Kimi Work\视频工具箱\tools\python\Lib\site-packages\httpx-0.28.1.dist-info\METADATA
   Compressing: F:\Kimi Work\视频工具箱\tools\python\Lib\site-packages\httpx-0.28.1.dist-info\RECORD
   Compressing: F:\Kimi Work\视频工具箱\tools\python\Lib\site-packages\httpx-0.28.1.dist-info\WHEEL
   Compressing: F:\Kimi Work\视频工具箱\tools\python\Lib\site-packages\httpx-0.28.1.dist-info\licenses\LICENSE.md
   Compressing: F:\Kimi Work\视频工具箱\tools\python\Lib\site-packages\huggingface_hub\community.py
   Compressing: F:\Kimi Work\视频工具箱\tools\python\Lib\site-packages\huggingface_hub\constants.py
   Compressing: F:\Kimi Work\视频工具箱\tools\python\Lib\site-packages\huggingface_hub\dataclasses.py
   Compressing: F:\Kimi Work\视频工具箱\tools\python\Lib\site-packages\huggingface_hub\errors.py
   Compressing: F:\Kimi Work\视频工具箱\tools\python\Lib\site-packages\huggingface_hub\fastai_utils.py
   Compressing: F:\Kimi Work\视频工具箱\tools\python\Lib\site-packages\huggingface_hub\file_download.py
   Compressing: F:\Kimi Work\视频工具箱\tools\python\Lib\site-packages\huggingface_hub\hf_api.py
   Compressing: F:\Kimi Work\视频工具箱\tools\python\Lib\site-packages\huggingface_hub\hf_file_system.py
   Compressing: F:\Kimi Work\视频工具箱\tools\python\Lib\site-packages\huggingface_hub\hub_mixin.py
   Compressing: F:\Kimi Work\视频工具箱\tools\python\Lib\site-packages\huggingface_hub\lfs.py
   Compressing: F:\Kimi Work\视频工具箱\tools\python\Lib\site-packages\huggingface_hub\py.typed
   Compressing: F:\Kimi Work\视频工具箱\tools\python\Lib\site-packages\huggingface_hub\repocard.py
   Compressing: F:\Kimi Work\视频工具箱\tools\python\Lib\site-packages\huggingface_hub\repocard_data.py
   Compressing: F:\Kimi Work\视频工具箱\tools\python\Lib\site-packages\huggingface_hub\_buckets.py
   Compressing: F:\Kimi Work\视频工具箱\tools\python\Lib\site-packages\huggingface_hub\_commit_api.py
   Compressing: F:\Kimi Work\视频工具箱\tools\python\Lib\site-packages\huggingface_hub\_commit_scheduler.py
   Compressing: F:\Kimi Work\视频工具箱\tools\python\Lib\site-packages\huggingface_hub\_dataset_viewer.py
   Compressing: F:\Kimi Work\视频工具箱\tools\python\Lib\site-packages\huggingface_hub\_eval_results.py
   Compressing: F:\Kimi Work\视频工具箱\tools\python\Lib\site-packages\huggingface_hub\_inference_endpoints.py
   Compressing: F:\Kimi Work\视频工具箱\tools\python\Lib\site-packages\huggingface_hub\_jobs_api.py
   Compressing: F:\Kimi Work\视频工具箱\tools\python\Lib\site-packages\huggingface_hub\_local_folder.py
   Compressing: F:\Kimi Work\视频工具箱\tools\python\Lib\site-packages\huggingface_hub\_login.py
   Compressing: F:\Kimi Work\视频工具箱\tools\python\Lib\site-packages\huggingface_hub\_oauth.py
   Compressing: F:\Kimi Work\视频工具箱\tools\python\Lib\site-packages\huggingface_hub\_oidc.py
   Compressing: F:\Kimi Work\视频工具箱\tools\python\Lib\site-packages\huggingface_hub\_revision.py
   Compressing: F:\Kimi Work\视频工具箱\tools\python\Lib\site-packages\huggingface_hub\_sandbox.py
   Compressing: F:\Kimi Work\视频工具箱\tools\python\Lib\site-packages\huggingface_hub\_sandbox_cache.py
   Compressing: F:\Kimi Work\视频工具箱\tools\python\Lib\site-packages\huggingface_hub\_snapshot_download.py
   Compressing: F:\Kimi Work\视频工具箱\tools\python\Lib\site-packages\huggingface_hub\_space_api.py
   Compressing: F:\Kimi Work\视频工具箱\tools\python\Lib\site-packages\huggingface_hub\_tensorboard_logger.py
   Compressing: F:\Kimi Work\视频工具箱\tools\python\Lib\site-packages\huggingface_hub\_tree_cache.py
   Compressing: F:\Kimi Work\视频工具箱\tools\python\Lib\site-packages\huggingface_hub\_upload_large_folder.py
   Compressing: F:\Kimi Work\视频工具箱\tools\python\Lib\site-packages\huggingface_hub\_upload_pipeline.py
   Compressing: F:\Kimi Work\视频工具箱\tools\python\Lib\site-packages\huggingface_hub\_webhooks_payload.py
   Compressing: F:\Kimi Work\视频工具箱\tools\python\Lib\site-packages\huggingface_hub\_webhooks_server.py
   Compressing: F:\Kimi Work\视频工具箱\tools\python\Lib\site-packages\huggingface_hub\__init__.py
   Compressing: F:\Kimi Work\视频工具箱\tools\python\Lib\site-packages\huggingface_hub\cli\auth.py
   Compressing: F:\Kimi Work\视频工具箱\tools\python\Lib\site-packages\huggingface_hub\cli\buckets.py
   Compressing: F:\Kimi Work\视频工具箱\tools\python\Lib\site-packages\huggingface_hub\cli\cache.py
   Compressing: F:\Kimi Work\视频工具箱\tools\python\Lib\site-packages\huggingface_hub\cli\collections.py
   Compressing: F:\Kimi Work\视频工具箱\tools\python\Lib\site-packages\huggingface_hub\cli\datasets.py
   Compressing: F:\Kimi Work\视频工具箱\tools\python\Lib\site-packages\huggingface_hub\cli\deprecated_cli.py
   Compressing: F:\Kimi Work\视频工具箱\tools\python\Lib\site-packages\huggingface_hub\cli\discussions.py
   Compressing: F:\Kimi Work\视频工具箱\tools\python\Lib\site-packages\huggingface_hub\cli\download.py
   Compressing: F:\Kimi Work\视频工具箱\tools\python\Lib\site-packages\huggingface_hub\cli\extensions.py
   Compressing: F:\Kimi Work\视频工具箱\tools\python\Lib\site-packages\huggingface_hub\cli\hf.py
   Compressing: F:\Kimi Work\视频工具箱\tools\python\Lib\site-packages\huggingface_hub\cli\inference_endpoints.py
   Compressing: F:\Kimi Work\视频工具箱\tools\python\Lib\site-packages\huggingface_hub\cli\jobs.py
   Compressing: F:\Kimi Work\视频工具箱\tools\python\Lib\site-packages\huggingface_hub\cli\lfs.py
   Compressing: F:\Kimi Work\视频工具箱\tools\python\Lib\site-packages\huggingface_hub\cli\models.py
   Compressing: F:\Kimi Work\视频工具箱\tools\python\Lib\site-packages\huggingface_hub\cli\papers.py
   Compressing: F:\Kimi Work\视频工具箱\tools\python\Lib\site-packages\huggingface_hub\cli\repos.py
   Compressing: F:\Kimi Work\视频工具箱\tools\python\Lib\site-packages\huggingface_hub\cli\repo_files.py
   Compressing: F:\Kimi Work\视频工具箱\tools\python\Lib\site-packages\huggingface_hub\cli\sandbox.py
   Compressing: F:\Kimi Work\视频工具箱\tools\python\Lib\site-packages\huggingface_hub\cli\skills.py
   Compressing: F:\Kimi Work\视频工具箱\tools\python\Lib\site-packages\huggingface_hub\cli\spaces.py
   Compressing: F:\Kimi Work\视频工具箱\tools\python\Lib\site-packages\huggingface_hub\cli\system.py
   Compressing: F:\Kimi Work\视频工具箱\tools\python\Lib\site-packages\huggingface_hub\cli\upload.py
   Compressing: F:\Kimi Work\视频工具箱\tools\python\Lib\site-packages\huggingface_hub\cli\upload_large_folder.py
   Compressing: F:\Kimi Work\视频工具箱\tools\python\Lib\site-packages\huggingface_hub\cli\webhooks.py
   Compressing: F:\Kimi Work\视频工具箱\tools\python\Lib\site-packages\huggingface_hub\cli\_city_game.py
   Compressing: F:\Kimi Work\视频工具箱\tools\python\Lib\site-packages\huggingface_hub\cli\_cli_utils.py
   Compressing: F:\Kimi Work\视频工具箱\tools\python\Lib\site-packages\huggingface_hub\cli\_completion.py
   Compressing: F:\Kimi Work\视频工具箱\tools\python\Lib\site-packages\huggingface_hub\cli\_cp.py
   Compressing: F:\Kimi Work\视频工具箱\tools\python\Lib\site-packages\huggingface_hub\cli\_errors.py
   Compressing: F:\Kimi Work\视频工具箱\tools\python\Lib\site-packages\huggingface_hub\cli\_file_listing.py
   Compressing: F:\Kimi Work\视频工具箱\tools\python\Lib\site-packages\huggingface_hub\cli\_framework.py
   Compressing: F:\Kimi Work\视频工具箱\tools\python\Lib\site-packages\huggingface_hub\cli\_help_formatter.py
   Compressing: F:\Kimi Work\视频工具箱\tools\python\Lib\site-packages\huggingface_hub\cli\_output.py
   Compressing: F:\Kimi Work\视频工具箱\tools\python\Lib\site-packages\huggingface_hub\cli\_skills.py
   Compressing: F:\Kimi Work\视频工具箱\tools\python\Lib\site-packages\huggingface_hub\cli\__init__.py
   Compressing: F:\Kimi Work\视频工具箱\tools\python\Lib\site-packages\huggingface_hub\inference\_client.py
   Compressing: F:\Kimi Work\视频工具箱\tools\python\Lib\site-packages\huggingface_hub\inference\_common.py
   Compressing: F:\Kimi Work\视频工具箱\tools\python\Lib\site-packages\huggingface_hub\inference\__init__.py
   Compressing: F:\Kimi Work\视频工具箱\tools\python\Lib\site-packages\huggingface_hub\inference\_generated\_async_client.py
   Compressing: F:\Kimi Work\视频工具箱\tools\python\Lib\site-packages\huggingface_hub\inference\_generated\__init__.py
   Compressing: F:\Kimi Work\视频工具箱\tools\python\Lib\site-packages\huggingface_hub\inference\_generated\types\audio_classification.py
   Compressing: F:\Kimi Work\视频工具箱\tools\python\Lib\site-packages\huggingface_hub\inference\_generated\types\audio_to_audio.py
   Compressing: F:\Kimi Work\视频工具箱\tools\python\Lib\site-packages\huggingface_hub\inference\_generated\types\automatic_speech_recognition.py
   Compressing: F:\Kimi Work\视频工具箱\tools\python\Lib\site-packages\huggingface_hub\inference\_generated\types\base.py
   Compressing: F:\Kimi Work\视频工具箱\tools\python\Lib\site-packages\huggingface_hub\inference\_generated\types\chat_completion.py
   Compressing: F:\Kimi Work\视频工具箱\tools\python\Lib\site-packages\huggingface_hub\inference\_generated\types\depth_estimation.py
   Compressing: F:\Kimi Work\视频工具箱\tools\python\Lib\site-packages\huggingface_hub\inference\_generated\types\document_question_answering.py
   Compressing: F:\Kimi Work\视频工具箱\tools\python\Lib\site-packages\huggingface_hub\inference\_generated\types\feature_extraction.py
   Compressing: F:\Kimi Work\视频工具箱\tools\python\Lib\site-packages\huggingface_hub\inference\_generated\types\fill_mask.py
   Compressing: F:\Kimi Work\视频工具箱\tools\python\Lib\site-packages\huggingface_hub\inference\_generated\types\image_classification.py
   Compressing: F:\Kimi Work\视频工具箱\tools\python\Lib\site-packages\huggingface_hub\inference\_generated\types\image_segmentation.py
   Compressing: F:\Kimi Work\视频工具箱\tools\python\Lib\site-packages\huggingface_hub\inference\_generated\types\image_text_to_image.py
   Compressing: F:\Kimi Work\视频工具箱\tools\python\Lib\site-packages\huggingface_hub\inference\_generated\types\image_text_to_video.py
   Compressing: F:\Kimi Work\视频工具箱\tools\python\Lib\site-packages\huggingface_hub\inference\_generated\types\image_to_image.py
   Compressing: F:\Kimi Work\视频工具箱\tools\python\Lib\site-packages\huggingface_hub\inference\_generated\types\image_to_text.py
   Compressing: F:\Kimi Work\视频工具箱\tools\python\Lib\site-packages\huggingface_hub\inference\_generated\types\image_to_video.py
   Compressing: F:\Kimi Work\视频工具箱\tools\python\Lib\site-packages\huggingface_hub\inference\_generated\types\object_detection.py
   Compressing: F:\Kimi Work\视频工具箱\tools\python\Lib\site-packages\huggingface_hub\inference\_generated\types\question_answering.py
   Compressing: F:\Kimi Work\视频工具箱\tools\python\Lib\site-packages\huggingface_hub\inference\_generated\types\sentence_similarity.py
   Compressing: F:\Kimi Work\视频工具箱\tools\python\Lib\site-packages\huggingface_hub\inference\_generated\types\summarization.py
   Compressing: F:\Kimi Work\视频工具箱\tools\python\Lib\site-packages\huggingface_hub\inference\_generated\types\table_question_answering.py
   Compressing: F:\Kimi Work\视频工具箱\tools\python\Lib\site-packages\huggingface_hub\inference\_generated\types\text2text_generation.py
   Compressing: F:\Kimi Work\视频工具箱\tools\python\Lib\site-packages\huggingface_hub\inference\_generated\types\text_classification.py
   Compressing: F:\Kimi Work\视频工具箱\tools\python\Lib\site-packages\huggingface_hub\inference\_generated\types\text_generation.py
   Compressing: F:\Kimi Work\视频工具箱\tools\python\Lib\site-packages\huggingface_hub\inference\_generated\types\text_to_audio.py
   Compressing: F:\Kimi Work\视频工具箱\tools\python\Lib\site-packages\huggingface_hub\inference\_generated\types\text_to_image.py
   Compressing: F:\Kimi Work\视频工具箱\tools\python\Lib\site-packages\huggingface_hub\inference\_generated\types\text_to_speech.py
   Compressing: F:\Kimi Work\视频工具箱\tools\python\Lib\site-packages\huggingface_hub\inference\_generated\types\text_to_video.py
   Compressing: F:\Kimi Work\视频工具箱\tools\python\Lib\site-packages\huggingface_hub\inference\_generated\types\token_classification.py
   Compressing: F:\Kimi Work\视频工具箱\tools\python\Lib\site-packages\huggingface_hub\inference\_generated\types\translation.py
   Compressing: F:\Kimi Work\视频工具箱\tools\python\Lib\site-packages\huggingface_hub\inference\_generated\types\video_classification.py
   Compressing: F:\Kimi Work\视频工具箱\tools\python\Lib\site-packages\huggingface_hub\inference\_generated\types\visual_question_answering.py
   Compressing: F:\Kimi Work\视频工具箱\tools\python\Lib\site-packages\huggingface_hub\inference\_generated\types\zero_shot_classification.py
   Compressing: F:\Kimi Work\视频工具箱\tools\python\Lib\site-packages\huggingface_hub\inference\_generated\types\zero_shot_image_classification.py
   Compressing: F:\Kimi Work\视频工具箱\tools\python\Lib\site-packages\huggingface_hub\inference\_generated\types\zero_shot_object_detection.py
   Compressing: F:\Kimi Work\视频工具箱\tools\python\Lib\site-packages\huggingface_hub\inference\_generated\types\__init__.py
   Compressing: F:\Kimi Work\视频工具箱\tools\python\Lib\site-packages\huggingface_hub\inference\_mcp\agent.py
   Compressing: F:\Kimi Work\视频工具箱\tools\python\Lib\site-packages\huggingface_hub\inference\_mcp\cli.py
   Compressing: F:\Kimi Work\视频工具箱\tools\python\Lib\site-packages\huggingface_hub\inference\_mcp\constants.py
   Compressing: F:\Kimi Work\视频工具箱\tools\python\Lib\site-packages\huggingface_hub\inference\_mcp\mcp_client.py
   Compressing: F:\Kimi Work\视频工具箱\tools\python\Lib\site-packages\huggingface_hub\inference\_mcp\types.py
   Compressing: F:\Kimi Work\视频工具箱\tools\python\Lib\site-packages\huggingface_hub\inference\_mcp\utils.py
   Compressing: F:\Kimi Work\视频工具箱\tools\python\Lib\site-packages\huggingface_hub\inference\_mcp\_cli_hacks.py
   Compressing: F:\Kimi Work\视频工具箱\tools\python\Lib\site-packages\huggingface_hub\inference\_mcp\__init__.py
   Compressing: F:\Kimi Work\视频工具箱\tools\python\Lib\site-packages\huggingface_hub\inference\_providers\baseten.py
   Compressing: F:\Kimi Work\视频工具箱\tools\python\Lib\site-packages\huggingface_hub\inference\_providers\cerebras.py
   Compressing: F:\Kimi Work\视频工具箱\tools\python\Lib\site-packages\huggingface_hub\inference\_providers\cohere.py
   Compressing: F:\Kimi Work\视频工具箱\tools\python\Lib\site-packages\huggingface_hub\inference\_providers\deepinfra.py
   Compressing: F:\Kimi Work\视频工具箱\tools\python\Lib\site-packages\huggingface_hub\inference\_providers\fal_ai.py
   Compressing: F:\Kimi Work\视频工具箱\tools\python\Lib\site-packages\huggingface_hub\inference\_providers\featherless_ai.py
   Compressing: F:\Kimi Work\视频工具箱\tools\python\Lib\site-packages\huggingface_hub\inference\_providers\fireworks_ai.py
   Compressing: F:\Kimi Work\视频工具箱\tools\python\Lib\site-packages\huggingface_hub\inference\_providers\groq.py
   Compressing: F:\Kimi Work\视频工具箱\tools\python\Lib\site-packages\huggingface_hub\inference\_providers\hf_inference.py
   Compressing: F:\Kimi Work\视频工具箱\tools\python\Lib\site-packages\huggingface_hub\inference\_providers\novita.py
   Compressing: F:\Kimi Work\视频工具箱\tools\python\Lib\site-packages\huggingface_hub\inference\_providers\nscale.py
   Compressing: F:\Kimi Work\视频工具箱\tools\python\Lib\site-packages\huggingface_hub\inference\_providers\openai.py
   Compressing: F:\Kimi Work\视频工具箱\tools\python\Lib\site-packages\huggingface_hub\inference\_providers\ovhcloud.py
   Compressing: F:\Kimi Work\视频工具箱\tools\python\Lib\site-packages\huggingface_hub\inference\_providers\publicai.py
   Compressing: F:\Kimi Work\视频工具箱\tools\python\Lib\site-packages\huggingface_hub\inference\_providers\replicate.py
   Compressing: F:\Kimi Work\视频工具箱\tools\python\Lib\site-packages\huggingface_hub\inference\_providers\scaleway.py
   Compressing: F:\Kimi Work\视频工具箱\tools\python\Lib\site-packages\huggingface_hub\inference\_providers\together.py
   Compressing: F:\Kimi Work\视频工具箱\tools\python\Lib\site-packages\huggingface_hub\inference\_providers\wavespeed.py
   Compressing: F:\Kimi Work\视频工具箱\tools\python\Lib\site-packages\huggingface_hub\inference\_providers\zai_org.py
   Compressing: F:\Kimi Work\视频工具箱\tools\python\Lib\site-packages\huggingface_hub\inference\_providers\_common.py
   Compressing: F:\Kimi Work\视频工具箱\tools\python\Lib\site-packages\huggingface_hub\inference\_providers\__init__.py
   Compressing: F:\Kimi Work\视频工具箱\tools\python\Lib\site-packages\huggingface_hub\serialization\_base.py
   Compressing: F:\Kimi Work\视频工具箱\tools\python\Lib\site-packages\huggingface_hub\serialization\_dduf.py
   Compressing: F:\Kimi Work\视频工具箱\tools\python\Lib\site-packages\huggingface_hub\serialization\_torch.py
   Compressing: F:\Kimi Work\视频工具箱\tools\python\Lib\site-packages\huggingface_hub\serialization\__init__.py
   Compressing: F:\Kimi Work\视频工具箱\tools\python\Lib\site-packages\huggingface_hub\templates\datasetcard_template.md
   Compressing: F:\Kimi Work\视频工具箱\tools\python\Lib\site-packages\huggingface_hub\templates\modelcard_template.md
   Compressing: F:\Kimi Work\视频工具箱\tools\python\Lib\site-packages\huggingface_hub\utils\endpoint_helpers.py
   Compressing: F:\Kimi Work\视频工具箱\tools\python\Lib\site-packages\huggingface_hub\utils\insecure_hashlib.py
   Compressing: F:\Kimi Work\视频工具箱\tools\python\Lib\site-packages\huggingface_hub\utils\logging.py
   Compressing: F:\Kimi Work\视频工具箱\tools\python\Lib\site-packages\huggingface_hub\utils\sha.py
   Compressing: F:\Kimi Work\视频工具箱\tools\python\Lib\site-packages\huggingface_hub\utils\tqdm.py
   Compressing: F:\Kimi Work\视频工具箱\tools\python\Lib\site-packages\huggingface_hub\utils\_auth.py
   Compressing: F:\Kimi Work\视频工具箱\tools\python\Lib\site-packages\huggingface_hub\utils\_cache_assets.py
   Compressing: F:\Kimi Work\视频工具箱\tools\python\Lib\site-packages\huggingface_hub\utils\_cache_manager.py
   Compressing: F:\Kimi Work\视频工具箱\tools\python\Lib\site-packages\huggingface_hub\utils\_chunk_utils.py
   Compressing: F:\Kimi Work\视频工具箱\tools\python\Lib\site-packages\huggingface_hub\utils\_datetime.py
   Compressing: F:\Kimi Work\视频工具箱\tools\python\Lib\site-packages\huggingface_hub\utils\_deprecation.py
   Compressing: F:\Kimi Work\视频工具箱\tools\python\Lib\site-packages\huggingface_hub\utils\_detect_agent.py
   Compressing: F:\Kimi Work\视频工具箱\tools\python\Lib\site-packages\huggingface_hub\utils\_dotenv.py
   Compressing: F:\Kimi Work\视频工具箱\tools\python\Lib\site-packages\huggingface_hub\utils\_experimental.py
   Compressing: F:\Kimi Work\视频工具箱\tools\python\Lib\site-packages\huggingface_hub\utils\_fixes.py
   Compressing: F:\Kimi Work\视频工具箱\tools\python\Lib\site-packages\huggingface_hub\utils\_git_credential.py
   Compressing: F:\Kimi Work\视频工具箱\tools\python\Lib\site-packages\huggingface_hub\utils\_headers.py
   Compressing: F:\Kimi Work\视频工具箱\tools\python\Lib\site-packages\huggingface_hub\utils\_hf_uris.py
   Compressing: F:\Kimi Work\视频工具箱\tools\python\Lib\site-packages\huggingface_hub\utils\_http.py
   Compressing: F:\Kimi Work\视频工具箱\tools\python\Lib\site-packages\huggingface_hub\utils\_lfs.py
   Compressing: F:\Kimi Work\视频工具箱\tools\python\Lib\site-packages\huggingface_hub\utils\_oauth_device.py
   Compressing: F:\Kimi Work\视频工具箱\tools\python\Lib\site-packages\huggingface_hub\utils\_pagination.py
   Compressing: F:\Kimi Work\视频工具箱\tools\python\Lib\site-packages\huggingface_hub\utils\_parsing.py
   Compressing: F:\Kimi Work\视频工具箱\tools\python\Lib\site-packages\huggingface_hub\utils\_paths.py
   Compressing: F:\Kimi Work\视频工具箱\tools\python\Lib\site-packages\huggingface_hub\utils\_runtime.py
   Compressing: F:\Kimi Work\视频工具箱\tools\python\Lib\site-packages\huggingface_hub\utils\_safetensors.py
   Compressing: F:\Kimi Work\视频工具箱\tools\python\Lib\site-packages\huggingface_hub\utils\_subprocess.py
   Compressing: F:\Kimi Work\视频工具箱\tools\python\Lib\site-packages\huggingface_hub\utils\_telemetry.py
   Compressing: F:\Kimi Work\视频工具箱\tools\python\Lib\site-packages\huggingface_hub\utils\_terminal.py
   Compressing: F:\Kimi Work\视频工具箱\tools\python\Lib\site-packages\huggingface_hub\utils\_typing.py
   Compressing: F:\Kimi Work\视频工具箱\tools\python\Lib\site-packages\huggingface_hub\utils\_validators.py
   Compressing: F:\Kimi Work\视频工具箱\tools\python\Lib\site-packages\huggingface_hub\utils\_verification.py
   Compressing: F:\Kimi Work\视频工具箱\tools\python\Lib\site-packages\huggingface_hub\utils\_xet.py
   Compressing: F:\Kimi Work\视频工具箱\tools\python\Lib\site-packages\huggingface_hub\utils\_xet_progress_reporting.py
   Compressing: F:\Kimi Work\视频工具箱\tools\python\Lib\site-packages\huggingface_hub\utils\__init__.py
   Compressing: F:\Kimi Work\视频工具箱\tools\python\Lib\site-packages\huggingface_hub\_hot_reload\client.py
   Compressing: F:\Kimi Work\视频工具箱\tools\python\Lib\site-packages\huggingface_hub\_hot_reload\sse_client.py
   Compressing: F:\Kimi Work\视频工具箱\tools\python\Lib\site-packages\huggingface_hub\_hot_reload\types.py
   Compressing: F:\Kimi Work\视频工具箱\tools\python\Lib\site-packages\huggingface_hub\_hot_reload\__init__.py
   Compressing: F:\Kimi Work\视频工具箱\tools\python\Lib\site-packages\huggingface_hub-1.30.0.dist-info\entry_points.txt
   Compressing: F:\Kimi Work\视频工具箱\tools\python\Lib\site-packages\huggingface_hub-1.30.0.dist-info\INSTALLER
   Compressing: F:\Kimi Work\视频工具箱\tools\python\Lib\site-packages\huggingface_hub-1.30.0.dist-info\METADATA
   Compressing: F:\Kimi Work\视频工具箱\tools\python\Lib\site-packages\huggingface_hub-1.30.0.dist-info\RECORD
   Compressing: F:\Kimi Work\视频工具箱\tools\python\Lib\site-packages\huggingface_hub-1.30.0.dist-info\top_level.txt
   Compressing: F:\Kimi Work\视频工具箱\tools\python\Lib\site-packages\huggingface_hub-1.30.0.dist-info\WHEEL
   Compressing: F:\Kimi Work\视频工具箱\tools\python\Lib\site-packages\huggingface_hub-1.30.0.dist-info\licenses\LICENSE
   Compressing: F:\Kimi Work\视频工具箱\tools\python\Lib\site-packages\idna\cli.py
   Compressing: F:\Kimi Work\视频工具箱\tools\python\Lib\site-packages\idna\codec.py
   Compressing: F:\Kimi Work\视频工具箱\tools\python\Lib\site-packages\idna\compat.py
   Compressing: F:\Kimi Work\视频工具箱\tools\python\Lib\site-packages\idna\core.py
   Compressing: F:\Kimi Work\视频工具箱\tools\python\Lib\site-packages\idna\idnadata.py
   Compressing: F:\Kimi Work\视频工具箱\tools\python\Lib\site-packages\idna\intranges.py
   Compressing: F:\Kimi Work\视频工具箱\tools\python\Lib\site-packages\idna\package_data.py
   Compressing: F:\Kimi Work\视频工具箱\tools\python\Lib\site-packages\idna\py.typed
   Compressing: F:\Kimi Work\视频工具箱\tools\python\Lib\site-packages\idna\uts46data.py
   Compressing: F:\Kimi Work\视频工具箱\tools\python\Lib\site-packages\idna\__init__.py
   Compressing: F:\Kimi Work\视频工具箱\tools\python\Lib\site-packages\idna\__main__.py
   Compressing: F:\Kimi Work\视频工具箱\tools\python\Lib\site-packages\idna-3.18.dist-info\entry_points.txt
   Compressing: F:\Kimi Work\视频工具箱\tools\python\Lib\site-packages\idna-3.18.dist-info\INSTALLER
   Compressing: F:\Kimi Work\视频工具箱\tools\python\Lib\site-packages\idna-3.18.dist-info\METADATA
   Compressing: F:\Kimi Work\视频工具箱\tools\python\Lib\site-packages\idna-3.18.dist-info\RECORD
   Compressing: F:\Kimi Work\视频工具箱\tools\python\Lib\site-packages\idna-3.18.dist-info\WHEEL
   Compressing: F:\Kimi Work\视频工具箱\tools\python\Lib\site-packages\idna-3.18.dist-info\licenses\LICENSE.md
   Compressing: F:\Kimi Work\视频工具箱\tools\python\Lib\site-packages\idna-3.19.dist-info\entry_points.txt
   Compressing: F:\Kimi Work\视频工具箱\tools\python\Lib\site-packages\idna-3.19.dist-info\INSTALLER
   Compressing: F:\Kimi Work\视频工具箱\tools\python\Lib\site-packages\idna-3.19.dist-info\METADATA
   Compressing: F:\Kimi Work\视频工具箱\tools\python\Lib\site-packages\idna-3.19.dist-info\RECORD
   Compressing: F:\Kimi Work\视频工具箱\tools\python\Lib\site-packages\idna-3.19.dist-info\WHEEL
   Compressing: F:\Kimi Work\视频工具箱\tools\python\Lib\site-packages\idna-3.19.dist-info\licenses\LICENSE.md
   Compressing: F:\Kimi Work\视频工具箱\tools\python\Lib\site-packages\mouseinfo\__init__.py
   Compressing: F:\Kimi Work\视频工具箱\tools\python\Lib\site-packages\mouseinfo\__main__.py
   Compressing: F:\Kimi Work\视频工具箱\tools\python\Lib\site-packages\mouseinfo-0.1.3.dist-info\INSTALLER
   Compressing: F:\Kimi Work\视频工具箱\tools\python\Lib\site-packages\mouseinfo-0.1.3.dist-info\METADATA
   Compressing: F:\Kimi Work\视频工具箱\tools\python\Lib\site-packages\mouseinfo-0.1.3.dist-info\RECORD
   Compressing: F:\Kimi Work\视频工具箱\tools\python\Lib\site-packages\mouseinfo-0.1.3.dist-info\top_level.txt
   Compressing: F:\Kimi Work\视频工具箱\tools\python\Lib\site-packages\mouseinfo-0.1.3.dist-info\WHEEL
   Compressing: F:\Kimi Work\视频工具箱\tools\python\Lib\site-packages\numpy\conftest.py
   Compressing: F:\Kimi Work\视频工具箱\tools\python\Lib\site-packages\numpy\dtypes.py
   Compressing: F:\Kimi Work\视频工具箱\tools\python\Lib\site-packages\numpy\dtypes.pyi
   Compressing: F:\Kimi Work\视频工具箱\tools\python\Lib\site-packages\numpy\exceptions.py
   Compressing: F:\Kimi Work\视频工具箱\tools\python\Lib\site-packages\numpy\exceptions.pyi
   Compressing: F:\Kimi Work\视频工具箱\tools\python\Lib\site-packages\numpy\matlib.py
   Compressing: F:\Kimi Work\视频工具箱\tools\python\Lib\site-packages\numpy\matlib.pyi
   Compressing: F:\Kimi Work\视频工具箱\tools\python\Lib\site-packages\numpy\py.typed
   Compressing: F:\Kimi Work\视频工具箱\tools\python\Lib\site-packages\numpy\version.py
   Compressing: F:\Kimi Work\视频工具箱\tools\python\Lib\site-packages\numpy\version.pyi
   Compressing: F:\Kimi Work\视频工具箱\tools\python\Lib\site-packages\numpy\_array_api_info.py
   Compressing: F:\Kimi Work\视频工具箱\tools\python\Lib\site-packages\numpy\_array_api_info.pyi
   Compressing: F:\Kimi Work\视频工具箱\tools\python\Lib\site-packages\numpy\_configtool.py
   Compressing: F:\Kimi Work\视频工具箱\tools\python\Lib\site-packages\numpy\_configtool.pyi
   Compressing: F:\Kimi Work\视频工具箱\tools\python\Lib\site-packages\numpy\_distributor_init.py
   Compressing: F:\Kimi Work\视频工具箱\tools\python\Lib\site-packages\numpy\_distributor_init.pyi
   Compressing: F:\Kimi Work\视频工具箱\tools\python\Lib\site-packages\numpy\_expired_attrs_2_0.py
   Compressing: F:\Kimi Work\视频工具箱\tools\python\Lib\site-packages\numpy\_expired_attrs_2_0.pyi
   Compressing: F:\Kimi Work\视频工具箱\tools\python\Lib\site-packages\numpy\_globals.py
   Compressing: F:\Kimi Work\视频工具箱\tools\python\Lib\site-packages\numpy\_globals.pyi
   Compressing: F:\Kimi Work\视频工具箱\tools\python\Lib\site-packages\numpy\_pytesttester.py
   Compressing: F:\Kimi Work\视频工具箱\tools\python\Lib\site-packages\numpy\_pytesttester.pyi
   Compressing: F:\Kimi Work\视频工具箱\tools\python\Lib\site-packages\numpy\__config__.py
   Compressing: F:\Kimi Work\视频工具箱\tools\python\Lib\site-packages\numpy\__config__.pyi
   Compressing: F:\Kimi Work\视频工具箱\tools\python\Lib\site-packages\numpy\__init__.cython-30.pxd
   Compressing: F:\Kimi Work\视频工具箱\tools\python\Lib\site-packages\numpy\__init__.pxd
   Compressing: F:\Kimi Work\视频工具箱\tools\python\Lib\site-packages\numpy\__init__.py
   Compressing: F:\Kimi Work\视频工具箱\tools\python\Lib\site-packages\numpy\__init__.pyi
   Compressing: F:\Kimi Work\视频工具箱\tools\python\Lib\site-packages\numpy\char\__init__.py
   Compressing: F:\Kimi Work\视频工具箱\tools\python\Lib\site-packages\numpy\char\__init__.pyi
   Compressing: F:\Kimi Work\视频工具箱\tools\python\Lib\site-packages\numpy\core\arrayprint.py
   Compressing: F:\Kimi Work\视频工具箱\tools\python\Lib\site-packages\numpy\core\arrayprint.pyi
   Compressing: F:\Kimi Work\视频工具箱\tools\python\Lib\site-packages\numpy\core\defchararray.py
   Compressing: F:\Kimi Work\视频工具箱\tools\python\Lib\site-packages\numpy\core\defchararray.pyi
   Compressing: F:\Kimi Work\视频工具箱\tools\python\Lib\site-packages\numpy\core\einsumfunc.py
   Compressing: F:\Kimi Work\视频工具箱\tools\python\Lib\site-packages\numpy\core\einsumfunc.pyi
   Compressing: F:\Kimi Work\视频工具箱\tools\python\Lib\site-packages\numpy\core\fromnumeric.py
   Compressing: F:\Kimi Work\视频工具箱\tools\python\Lib\site-packages\numpy\core\fromnumeric.pyi
   Compressing: F:\Kimi Work\视频工具箱\tools\python\Lib\site-packages\numpy\core\function_base.py
   Compressing: F:\Kimi Work\视频工具箱\tools\python\Lib\site-packages\numpy\core\function_base.pyi
   Compressing: F:\Kimi Work\视频工具箱\tools\python\Lib\site-packages\numpy\core\getlimits.py
   Compressing: F:\Kimi Work\视频工具箱\tools\python\Lib\site-packages\numpy\core\getlimits.pyi
   Compressing: F:\Kimi Work\视频工具箱\tools\python\Lib\site-packages\numpy\core\multiarray.py
   Compressing: F:\Kimi Work\视频工具箱\tools\python\Lib\site-packages\numpy\core\multiarray.pyi
   Compressing: F:\Kimi Work\视频工具箱\tools\python\Lib\site-packages\numpy\core\numeric.py
   Compressing: F:\Kimi Work\视频工具箱\tools\python\Lib\site-packages\numpy\core\numeric.pyi
   Compressing: F:\Kimi Work\视频工具箱\tools\python\Lib\site-packages\numpy\core\numerictypes.py
   Compressing: F:\Kimi Work\视频工具箱\tools\python\Lib\site-packages\numpy\core\numerictypes.pyi
   Compressing: F:\Kimi Work\视频工具箱\tools\python\Lib\site-packages\numpy\core\overrides.py
   Compressing: F:\Kimi Work\视频工具箱\tools\python\Lib\site-packages\numpy\core\overrides.pyi
   Compressing: F:\Kimi Work\视频工具箱\tools\python\Lib\site-packages\numpy\core\records.py
   Compressing: F:\Kimi Work\视频工具箱\tools\python\Lib\site-packages\numpy\core\records.pyi
   Compressing: F:\Kimi Work\视频工具箱\tools\python\Lib\site-packages\numpy\core\shape_base.py
   Compressing: F:\Kimi Work\视频工具箱\tools\python\Lib\site-packages\numpy\core\shape_base.pyi
   Compressing: F:\Kimi Work\视频工具箱\tools\python\Lib\site-packages\numpy\core\umath.py
   Compressing: F:\Kimi Work\视频工具箱\tools\python\Lib\site-packages\numpy\core\umath.pyi
   Compressing: F:\Kimi Work\视频工具箱\tools\python\Lib\site-packages\numpy\core\_dtype.py
   Compressing: F:\Kimi Work\视频工具箱\tools\python\Lib\site-packages\numpy\core\_dtype.pyi
   Compressing: F:\Kimi Work\视频工具箱\tools\python\Lib\site-packages\numpy\core\_dtype_ctypes.py
   Compressing: F:\Kimi Work\视频工具箱\tools\python\Lib\site-packages\numpy\core\_dtype_ctypes.pyi
   Compressing: F:\Kimi Work\视频工具箱\tools\python\Lib\site-packages\numpy\core\_internal.py
   Compressing: F:\Kimi Work\视频工具箱\tools\python\Lib\site-packages\numpy\core\_internal.pyi
   Compressing: F:\Kimi Work\视频工具箱\tools\python\Lib\site-packages\numpy\core\_multiarray_umath.py
   Compressing: F:\Kimi Work\视频工具箱\tools\python\Lib\site-packages\numpy\core\_utils.py
   Compressing: F:\Kimi Work\视频工具箱\tools\python\Lib\site-packages\numpy\core\__init__.py
   Compressing: F:\Kimi Work\视频工具箱\tools\python\Lib\site-packages\numpy\core\__init__.pyi
   Compressing: F:\Kimi Work\视频工具箱\tools\python\Lib\site-packages\numpy\ctypeslib\_ctypeslib.py
   Compressing: F:\Kimi Work\视频工具箱\tools\python\Lib\site-packages\numpy\ctypeslib\_ctypeslib.pyi
   Compressing: F:\Kimi Work\视频工具箱\tools\python\Lib\site-packages\numpy\ctypeslib\__init__.py
   Compressing: F:\Kimi Work\视频工具箱\tools\python\Lib\site-packages\numpy\ctypeslib\__init__.pyi
   Compressing: F:\Kimi Work\视频工具箱\tools\python\Lib\site-packages\numpy\doc\ufuncs.py
   Compressing: F:\Kimi Work\视频工具箱\tools\python\Lib\site-packages\numpy\f2py\auxfuncs.py
   Compressing: F:\Kimi Work\视频工具箱\tools\python\Lib\site-packages\numpy\f2py\auxfuncs.pyi
   Compressing: F:\Kimi Work\视频工具箱\tools\python\Lib\site-packages\numpy\f2py\capi_maps.py
   Compressing: F:\Kimi Work\视频工具箱\tools\python\Lib\site-packages\numpy\f2py\capi_maps.pyi
   Compressing: F:\Kimi Work\视频工具箱\tools\python\Lib\site-packages\numpy\f2py\cb_rules.py
   Compressing: F:\Kimi Work\视频工具箱\tools\python\Lib\site-packages\numpy\f2py\cb_rules.pyi
   Compressing: F:\Kimi Work\视频工具箱\tools\python\Lib\site-packages\numpy\f2py\cfuncs.py
   Compressing: F:\Kimi Work\视频工具箱\tools\python\Lib\site-packages\numpy\f2py\cfuncs.pyi
   Compressing: F:\Kimi Work\视频工具箱\tools\python\Lib\site-packages\numpy\f2py\common_rules.py
   Compressing: F:\Kimi Work\视频工具箱\tools\python\Lib\site-packages\numpy\f2py\common_rules.pyi
   Compressing: F:\Kimi Work\视频工具箱\tools\python\Lib\site-packages\numpy\f2py\crackfortran.py
   Compressing: F:\Kimi Work\视频工具箱\tools\python\Lib\site-packages\numpy\f2py\crackfortran.pyi
   Compressing: F:\Kimi Work\视频工具箱\tools\python\Lib\site-packages\numpy\f2py\diagnose.py
   Compressing: F:\Kimi Work\视频工具箱\tools\python\Lib\site-packages\numpy\f2py\diagnose.pyi
   Compressing: F:\Kimi Work\视频工具箱\tools\python\Lib\site-packages\numpy\f2py\f2py2e.py
   Compressing: F:\Kimi Work\视频工具箱\tools\python\Lib\site-packages\numpy\f2py\f2py2e.pyi
   Compressing: F:\Kimi Work\视频工具箱\tools\python\Lib\site-packages\numpy\f2py\f90mod_rules.py
   Compressing: F:\Kimi Work\视频工具箱\tools\python\Lib\site-packages\numpy\f2py\f90mod_rules.pyi
   Compressing: F:\Kimi Work\视频工具箱\tools\python\Lib\site-packages\numpy\f2py\func2subr.py
   Compressing: F:\Kimi Work\视频工具箱\tools\python\Lib\site-packages\numpy\f2py\func2subr.pyi
   Compressing: F:\Kimi Work\视频工具箱\tools\python\Lib\site-packages\numpy\f2py\rules.py
   Compressing: F:\Kimi Work\视频工具箱\tools\python\Lib\site-packages\numpy\f2py\rules.pyi
   Compressing: F:\Kimi Work\视频工具箱\tools\python\Lib\site-packages\numpy\f2py\setup.cfg
   Compressing: F:\Kimi Work\视频工具箱\tools\python\Lib\site-packages\numpy\f2py\symbolic.py
   Compressing: F:\Kimi Work\视频工具箱\tools\python\Lib\site-packages\numpy\f2py\symbolic.pyi
   Compressing: F:\Kimi Work\视频工具箱\tools\python\Lib\site-packages\numpy\f2py\use_rules.py
   Compressing: F:\Kimi Work\视频工具箱\tools\python\Lib\site-packages\numpy\f2py\use_rules.pyi
   Compressing: F:\Kimi Work\视频工具箱\tools\python\Lib\site-packages\numpy\f2py\_isocbind.py
   Compressing: F:\Kimi Work\视频工具箱\tools\python\Lib\site-packages\numpy\f2py\_isocbind.pyi
   Compressing: F:\Kimi Work\视频工具箱\tools\python\Lib\site-packages\numpy\f2py\_src_pyf.py
   Compressing: F:\Kimi Work\视频工具箱\tools\python\Lib\site-packages\numpy\f2py\_src_pyf.pyi
   Compressing: F:\Kimi Work\视频工具箱\tools\python\Lib\site-packages\numpy\f2py\__init__.py
   Compressing: F:\Kimi Work\视频工具箱\tools\python\Lib\site-packages\numpy\f2py\__init__.pyi
   Compressing: F:\Kimi Work\视频工具箱\tools\python\Lib\site-packages\numpy\f2py\__main__.py
   Compressing: F:\Kimi Work\视频工具箱\tools\python\Lib\site-packages\numpy\f2py\__version__.py
   Compressing: F:\Kimi Work\视频工具箱\tools\python\Lib\site-packages\numpy\f2py\__version__.pyi
   Compressing: F:\Kimi Work\视频工具箱\tools\python\Lib\site-packages\numpy\f2py\src\fortranobject.c
   Compressing: F:\Kimi Work\视频工具箱\tools\python\Lib\site-packages\numpy\f2py\src\fortranobject.h
   Compressing: F:\Kimi Work\视频工具箱\tools\python\Lib\site-packages\numpy\f2py\tests\test_abstract_interface.py
   Compressing: F:\Kimi Work\视频工具箱\tools\python\Lib\site-packages\numpy\f2py\tests\test_array_from_pyobj.py
   Compressing: F:\Kimi Work\视频工具箱\tools\python\Lib\site-packages\numpy\f2py\tests\test_assumed_shape.py
   Compressing: F:\Kimi Work\视频工具箱\tools\python\Lib\site-packages\numpy\f2py\tests\test_block_docstring.py
   Compressing: F:\Kimi Work\视频工具箱\tools\python\Lib\site-packages\numpy\f2py\tests\test_callback.py
   Compressing: F:\Kimi Work\视频工具箱\tools\python\Lib\site-packages\numpy\f2py\tests\test_capi_maps.py
   Compressing: F:\Kimi Work\视频工具箱\tools\python\Lib\site-packages\numpy\f2py\tests\test_character.py
   Compressing: F:\Kimi Work\视频工具箱\tools\python\Lib\site-packages\numpy\f2py\tests\test_common.py
   Compressing: F:\Kimi Work\视频工具箱\tools\python\Lib\site-packages\numpy\f2py\tests\test_crackfortran.py
   Compressing: F:\Kimi Work\视频工具箱\tools\python\Lib\site-packages\numpy\f2py\tests\test_data.py
   Compressing: F:\Kimi Work\视频工具箱\tools\python\Lib\site-packages\numpy\f2py\tests\test_docs.py
   Compressing: F:\Kimi Work\视频工具箱\tools\python\Lib\site-packages\numpy\f2py\tests\test_f2cmap.py
   Compressing: F:\Kimi Work\视频工具箱\tools\python\Lib\site-packages\numpy\f2py\tests\test_f2py2e.py
   Compressing: F:\Kimi Work\视频工具箱\tools\python\Lib\site-packages\numpy\f2py\tests\test_inplace.py
   Compressing: F:\Kimi Work\视频工具箱\tools\python\Lib\site-packages\numpy\f2py\tests\test_isoc.py
   Compressing: F:\Kimi Work\视频工具箱\tools\python\Lib\site-packages\numpy\f2py\tests\test_kind.py
   Compressing: F:\Kimi Work\视频工具箱\tools\python\Lib\site-packages\numpy\f2py\tests\test_mixed.py
   Compressing: F:\Kimi Work\视频工具箱\tools\python\Lib\site-packages\numpy\f2py\tests\test_modules.py
   Compressing: F:\Kimi Work\视频工具箱\tools\python\Lib\site-packages\numpy\f2py\tests\test_parameter.py
   Compressing: F:\Kimi Work\视频工具箱\tools\python\Lib\site-packages\numpy\f2py\tests\test_pyf_src.py
   Compressing: F:\Kimi Work\视频工具箱\tools\python\Lib\site-packages\numpy\f2py\tests\test_quoted_character.py
   Compressing: F:\Kimi Work\视频工具箱\tools\python\Lib\site-packages\numpy\f2py\tests\test_regression.py
   Compressing: F:\Kimi Work\视频工具箱\tools\python\Lib\site-packages\numpy\f2py\tests\test_return_character.py
   Compressing: F:\Kimi Work\视频工具箱\tools\python\Lib\site-packages\numpy\f2py\tests\test_return_complex.py
   Compressing: F:\Kimi Work\视频工具箱\tools\python\Lib\site-packages\numpy\f2py\tests\test_return_integer.py
   Compressing: F:\Kimi Work\视频工具箱\tools\python\Lib\site-packages\numpy\f2py\tests\test_return_logical.py
   Compressing: F:\Kimi Work\视频工具箱\tools\python\Lib\site-packages\numpy\f2py\tests\test_return_real.py
   Compressing: F:\Kimi Work\视频工具箱\tools\python\Lib\site-packages\numpy\f2py\tests\test_routines.py
   Compressing: F:\Kimi Work\视频工具箱\tools\python\Lib\site-packages\numpy\f2py\tests\test_semicolon_split.py
   Compressing: F:\Kimi Work\视频工具箱\tools\python\Lib\site-packages\numpy\f2py\tests\test_size.py
   Compressing: F:\Kimi Work\视频工具箱\tools\python\Lib\site-packages\numpy\f2py\tests\test_string.py
   Compressing: F:\Kimi Work\视频工具箱\tools\python\Lib\site-packages\numpy\f2py\tests\test_symbolic.py
   Compressing: F:\Kimi Work\视频工具箱\tools\python\Lib\site-packages\numpy\f2py\tests\test_value_attrspec.py
   Compressing: F:\Kimi Work\视频工具箱\tools\python\Lib\site-packages\numpy\f2py\tests\util.py
   Compressing: F:\Kimi Work\视频工具箱\tools\python\Lib\site-packages\numpy\f2py\tests\__init__.py
   Compressing: F:\Kimi Work\视频工具箱\tools\python\Lib\site-packages\numpy\f2py\tests\src\abstract_interface\foo.f90
   Compressing: F:\Kimi Work\视频工具箱\tools\python\Lib\site-packages\numpy\f2py\tests\src\abstract_interface\gh18403_mod.f90
   Compressing: F:\Kimi Work\视频工具箱\tools\python\Lib\site-packages\numpy\f2py\tests\src\array_from_pyobj\wrapmodule.c
   Compressing: F:\Kimi Work\视频工具箱\tools\python\Lib\site-packages\numpy\f2py\tests\src\assumed_shape\.f2py_f2cmap
   Compressing: F:\Kimi Work\视频工具箱\tools\python\Lib\site-packages\numpy\f2py\tests\src\assumed_shape\foo_free.f90
   Compressing: F:\Kimi Work\视频工具箱\tools\python\Lib\site-packages\numpy\f2py\tests\src\assumed_shape\foo_mod.f90
   Compressing: F:\Kimi Work\视频工具箱\tools\python\Lib\site-packages\numpy\f2py\tests\src\assumed_shape\foo_use.f90
   Compressing: F:\Kimi Work\视频工具箱\tools\python\Lib\site-packages\numpy\f2py\tests\src\assumed_shape\precision.f90
   Compressing: F:\Kimi Work\视频工具箱\tools\python\Lib\site-packages\numpy\f2py\tests\src\block_docstring\foo.f
   Compressing: F:\Kimi Work\视频工具箱\tools\python\Lib\site-packages\numpy\f2py\tests\src\callback\foo.f
   Compressing: F:\Kimi Work\视频工具箱\tools\python\Lib\site-packages\numpy\f2py\tests\src\callback\gh17797.f90
   Compressing: F:\Kimi Work\视频工具箱\tools\python\Lib\site-packages\numpy\f2py\tests\src\callback\gh18335.f90
   Compressing: F:\Kimi Work\视频工具箱\tools\python\Lib\site-packages\numpy\f2py\tests\src\callback\gh25211.f
   Compressing: F:\Kimi Work\视频工具箱\tools\python\Lib\site-packages\numpy\f2py\tests\src\callback\gh25211.pyf
   Compressing: F:\Kimi Work\视频工具箱\tools\python\Lib\site-packages\numpy\f2py\tests\src\callback\gh26681.f90
   Compressing: F:\Kimi Work\视频工具箱\tools\python\Lib\site-packages\numpy\f2py\tests\src\cli\gh_22819.pyf
   Compressing: F:\Kimi Work\视频工具箱\tools\python\Lib\site-packages\numpy\f2py\tests\src\cli\hi77.f
   Compressing: F:\Kimi Work\视频工具箱\tools\python\Lib\site-packages\numpy\f2py\tests\src\cli\hiworld.f90
   Compressing: F:\Kimi Work\视频工具箱\tools\python\Lib\site-packages\numpy\f2py\tests\src\common\block.f
   Compressing: F:\Kimi Work\视频工具箱\tools\python\Lib\site-packages\numpy\f2py\tests\src\common\gh19161.f90
   Compressing: F:\Kimi Work\视频工具箱\tools\python\Lib\site-packages\numpy\f2py\tests\src\crackfortran\accesstype.f90
   Compressing: F:\Kimi Work\视频工具箱\tools\python\Lib\site-packages\numpy\f2py\tests\src\crackfortran\common_with_division.f
   Compressing: F:\Kimi Work\视频工具箱\tools\python\Lib\site-packages\numpy\f2py\tests\src\crackfortran\data_common.f
   Compressing: F:\Kimi Work\视频工具箱\tools\python\Lib\site-packages\numpy\f2py\tests\src\crackfortran\data_multiplier.f
   Compressing: F:\Kimi Work\视频工具箱\tools\python\Lib\site-packages\numpy\f2py\tests\src\crackfortran\data_stmts.f90
   Compressing: F:\Kimi Work\视频工具箱\tools\python\Lib\site-packages\numpy\f2py\tests\src\crackfortran\data_with_comments.f
   Compressing: F:\Kimi Work\视频工具箱\tools\python\Lib\site-packages\numpy\f2py\tests\src\crackfortran\foo_deps.f90
   Compressing: F:\Kimi Work\视频工具箱\tools\python\Lib\site-packages\numpy\f2py\tests\src\crackfortran\gh15035.f
   Compressing: F:\Kimi Work\视频工具箱\tools\python\Lib\site-packages\numpy\f2py\tests\src\crackfortran\gh17859.f
   Compressing: F:\Kimi Work\视频工具箱\tools\python\Lib\site-packages\numpy\f2py\tests\src\crackfortran\gh22648.pyf
   Compressing: F:\Kimi Work\视频工具箱\tools\python\Lib\site-packages\numpy\f2py\tests\src\crackfortran\gh23533.f
   Compressing: F:\Kimi Work\视频工具箱\tools\python\Lib\site-packages\numpy\f2py\tests\src\crackfortran\gh23598.f90
   Compressing: F:\Kimi Work\视频工具箱\tools\python\Lib\site-packages\numpy\f2py\tests\src\crackfortran\gh23598Warn.f90
   Compressing: F:\Kimi Work\视频工具箱\tools\python\Lib\site-packages\numpy\f2py\tests\src\crackfortran\gh23879.f90
   Compressing: F:\Kimi Work\视频工具箱\tools\python\Lib\site-packages\numpy\f2py\tests\src\crackfortran\gh27697.f90
   Compressing: F:\Kimi Work\视频工具箱\tools\python\Lib\site-packages\numpy\f2py\tests\src\crackfortran\gh2848.f90
   Compressing: F:\Kimi Work\视频工具箱\tools\python\Lib\site-packages\numpy\f2py\tests\src\crackfortran\operators.f90
   Compressing: F:\Kimi Work\视频工具箱\tools\python\Lib\site-packages\numpy\f2py\tests\src\crackfortran\privatemod.f90
   Compressing: F:\Kimi Work\视频工具箱\tools\python\Lib\site-packages\numpy\f2py\tests\src\crackfortran\publicmod.f90
   Compressing: F:\Kimi Work\视频工具箱\tools\python\Lib\site-packages\numpy\f2py\tests\src\crackfortran\pubprivmod.f90
   Compressing: F:\Kimi Work\视频工具箱\tools\python\Lib\site-packages\numpy\f2py\tests\src\crackfortran\unicode_comment.f90
   Compressing: F:\Kimi Work\视频工具箱\tools\python\Lib\site-packages\numpy\f2py\tests\src\f2cmap\.f2py_f2cmap
   Compressing: F:\Kimi Work\视频工具箱\tools\python\Lib\site-packages\numpy\f2py\tests\src\f2cmap\isoFortranEnvMap.f90
   Compressing: F:\Kimi Work\视频工具箱\tools\python\Lib\site-packages\numpy\f2py\tests\src\inplace\foo.f
   Compressing: F:\Kimi Work\视频工具箱\tools\python\Lib\site-packages\numpy\f2py\tests\src\isocintrin\isoCtests.f90
   Compressing: F:\Kimi Work\视频工具箱\tools\python\Lib\site-packages\numpy\f2py\tests\src\kind\foo.f90
   Compressing: F:\Kimi Work\视频工具箱\tools\python\Lib\site-packages\numpy\f2py\tests\src\mixed\foo.f
   Compressing: F:\Kimi Work\视频工具箱\tools\python\Lib\site-packages\numpy\f2py\tests\src\mixed\foo_fixed.f90
   Compressing: F:\Kimi Work\视频工具箱\tools\python\Lib\site-packages\numpy\f2py\tests\src\mixed\foo_free.f90
   Compressing: F:\Kimi Work\视频工具箱\tools\python\Lib\site-packages\numpy\f2py\tests\src\modules\module_data_docstring.f90
   Compressing: F:\Kimi Work\视频工具箱\tools\python\Lib\site-packages\numpy\f2py\tests\src\modules\use_modules.f90
   Compressing: F:\Kimi Work\视频工具箱\tools\python\Lib\site-packages\numpy\f2py\tests\src\modules\gh25337\data.f90
   Compressing: F:\Kimi Work\视频工具箱\tools\python\Lib\site-packages\numpy\f2py\tests\src\modules\gh25337\use_data.f90
   Compressing: F:\Kimi Work\视频工具箱\tools\python\Lib\site-packages\numpy\f2py\tests\src\modules\gh26920\two_mods_with_no_public_entities.f90
   Compressing: F:\Kimi Work\视频工具箱\tools\python\Lib\site-packages\numpy\f2py\tests\src\modules\gh26920\two_mods_with_one_public_routine.f90
   Compressing: F:\Kimi Work\视频工具箱\tools\python\Lib\site-packages\numpy\f2py\tests\src\negative_bounds\issue_20853.f90
   Compressing: F:\Kimi Work\视频工具箱\tools\python\Lib\site-packages\numpy\f2py\tests\src\parameter\constant_array.f90
   Compressing: F:\Kimi Work\视频工具箱\tools\python\Lib\site-packages\numpy\f2py\tests\src\parameter\constant_both.f90
   Compressing: F:\Kimi Work\视频工具箱\tools\python\Lib\site-packages\numpy\f2py\tests\src\parameter\constant_compound.f90
   Compressing: F:\Kimi Work\视频工具箱\tools\python\Lib\site-packages\numpy\f2py\tests\src\parameter\constant_integer.f90
   Compressing: F:\Kimi Work\视频工具箱\tools\python\Lib\site-packages\numpy\f2py\tests\src\parameter\constant_non_compound.f90
   Compressing: F:\Kimi Work\视频工具箱\tools\python\Lib\site-packages\numpy\f2py\tests\src\parameter\constant_real.f90
   Compressing: F:\Kimi Work\视频工具箱\tools\python\Lib\site-packages\numpy\f2py\tests\src\quoted_character\foo.f
   Compressing: F:\Kimi Work\视频工具箱\tools\python\Lib\site-packages\numpy\f2py\tests\src\regression\AB.inc
   Compressing: F:\Kimi Work\视频工具箱\tools\python\Lib\site-packages\numpy\f2py\tests\src\regression\assignOnlyModule.f90
   Compressing: F:\Kimi Work\视频工具箱\tools\python\Lib\site-packages\numpy\f2py\tests\src\regression\complex_struct_compat.f90
   Compressing: F:\Kimi Work\视频工具箱\tools\python\Lib\site-packages\numpy\f2py\tests\src\regression\complex_struct_compat.pyf
   Compressing: F:\Kimi Work\视频工具箱\tools\python\Lib\site-packages\numpy\f2py\tests\src\regression\datonly.f90
   Compressing: F:\Kimi Work\视频工具箱\tools\python\Lib\site-packages\numpy\f2py\tests\src\regression\f77comments.f
   Compressing: F:\Kimi Work\视频工具箱\tools\python\Lib\site-packages\numpy\f2py\tests\src\regression\f77fixedform.f95
   Compressing: F:\Kimi Work\视频工具箱\tools\python\Lib\site-packages\numpy\f2py\tests\src\regression\f90continuation.f90
   Compressing: F:\Kimi Work\视频工具箱\tools\python\Lib\site-packages\numpy\f2py\tests\src\regression\incfile.f90
   Compressing: F:\Kimi Work\视频工具箱\tools\python\Lib\site-packages\numpy\f2py\tests\src\regression\inout.f90
   Compressing: F:\Kimi Work\视频工具箱\tools\python\Lib\site-packages\numpy\f2py\tests\src\regression\lower_f2py_fortran.f90
   Compressing: F:\Kimi Work\视频工具箱\tools\python\Lib\site-packages\numpy\f2py\tests\src\regression\mod_derived_types.f90
   Compressing: F:\Kimi Work\视频工具箱\tools\python\Lib\site-packages\numpy\f2py\tests\src\return_character\foo77.f
   Compressing: F:\Kimi Work\视频工具箱\tools\python\Lib\site-packages\numpy\f2py\tests\src\return_character\foo90.f90
   Compressing: F:\Kimi Work\视频工具箱\tools\python\Lib\site-packages\numpy\f2py\tests\src\return_complex\foo77.f
   Compressing: F:\Kimi Work\视频工具箱\tools\python\Lib\site-packages\numpy\f2py\tests\src\return_complex\foo90.f90
   Compressing: F:\Kimi Work\视频工具箱\tools\python\Lib\site-packages\numpy\f2py\tests\src\return_integer\foo77.f
   Compressing: F:\Kimi Work\视频工具箱\tools\python\Lib\site-packages\numpy\f2py\tests\src\return_integer\foo90.f90
   Compressing: F:\Kimi Work\视频工具箱\tools\python\Lib\site-packages\numpy\f2py\tests\src\return_logical\foo77.f
   Compressing: F:\Kimi Work\视频工具箱\tools\python\Lib\site-packages\numpy\f2py\tests\src\return_logical\foo90.f90
   Compressing: F:\Kimi Work\视频工具箱\tools\python\Lib\site-packages\numpy\f2py\tests\src\return_real\foo77.f
   Compressing: F:\Kimi Work\视频工具箱\tools\python\Lib\site-packages\numpy\f2py\tests\src\return_real\foo90.f90
   Compressing: F:\Kimi Work\视频工具箱\tools\python\Lib\site-packages\numpy\f2py\tests\src\routines\funcfortranname.f
   Compressing: F:\Kimi Work\视频工具箱\tools\python\Lib\site-packages\numpy\f2py\tests\src\routines\funcfortranname.pyf
   Compressing: F:\Kimi Work\视频工具箱\tools\python\Lib\site-packages\numpy\f2py\tests\src\routines\subrout.f
   Compressing: F:\Kimi Work\视频工具箱\tools\python\Lib\site-packages\numpy\f2py\tests\src\routines\subrout.pyf
   Compressing: F:\Kimi Work\视频工具箱\tools\python\Lib\site-packages\numpy\f2py\tests\src\size\foo.f90
   Compressing: F:\Kimi Work\视频工具箱\tools\python\Lib\site-packages\numpy\f2py\tests\src\string\char.f90
   Compressing: F:\Kimi Work\视频工具箱\tools\python\Lib\site-packages\numpy\f2py\tests\src\string\fixed_string.f90
   Compressing: F:\Kimi Work\视频工具箱\tools\python\Lib\site-packages\numpy\f2py\tests\src\string\gh24008.f
   Compressing: F:\Kimi Work\视频工具箱\tools\python\Lib\site-packages\numpy\f2py\tests\src\string\gh24662.f90
   Compressing: F:\Kimi Work\视频工具箱\tools\python\Lib\site-packages\numpy\f2py\tests\src\string\gh25286.f90
   Compressing: F:\Kimi Work\视频工具箱\tools\python\Lib\site-packages\numpy\f2py\tests\src\string\gh25286.pyf
   Compressing: F:\Kimi Work\视频工具箱\tools\python\Lib\site-packages\numpy\f2py\tests\src\string\gh25286_bc.pyf
   Compressing: F:\Kimi Work\视频工具箱\tools\python\Lib\site-packages\numpy\f2py\tests\src\string\scalar_string.f90
   Compressing: F:\Kimi Work\视频工具箱\tools\python\Lib\site-packages\numpy\f2py\tests\src\string\string.f
   Compressing: F:\Kimi Work\视频工具箱\tools\python\Lib\site-packages\numpy\f2py\tests\src\value_attrspec\gh21665.f90
   Compressing: F:\Kimi Work\视频工具箱\tools\python\Lib\site-packages\numpy\f2py\_backends\meson.build.template
   Compressing: F:\Kimi Work\视频工具箱\tools\python\Lib\site-packages\numpy\f2py\_backends\_backend.py
   Compressing: F:\Kimi Work\视频工具箱\tools\python\Lib\site-packages\numpy\f2py\_backends\_backend.pyi
   Compressing: F:\Kimi Work\视频工具箱\tools\python\Lib\site-packages\numpy\f2py\_backends\_meson.py
   Compressing: F:\Kimi Work\视频工具箱\tools\python\Lib\site-packages\numpy\f2py\_backends\_meson.pyi
   Compressing: F:\Kimi Work\视频工具箱\tools\python\Lib\site-packages\numpy\f2py\_backends\__init__.py
   Compressing: F:\Kimi Work\视频工具箱\tools\python\Lib\site-packages\numpy\f2py\_backends\__init__.pyi
   Compressing: F:\Kimi Work\视频工具箱\tools\python\Lib\site-packages\numpy\fft\_helper.py
   Compressing: F:\Kimi Work\视频工具箱\tools\python\Lib\site-packages\numpy\fft\_helper.pyi
   Compressing: F:\Kimi Work\视频工具箱\tools\python\Lib\site-packages\numpy\fft\_pocketfft.py
   Compressing: F:\Kimi Work\视频工具箱\tools\python\Lib\site-packages\numpy\fft\_pocketfft.pyi
   Compressing: F:\Kimi Work\视频工具箱\tools\python\Lib\site-packages\numpy\fft\_pocketfft_umath.cp312-win_amd64.lib
   Compressing: F:\Kimi Work\视频工具箱\tools\python\Lib\site-packages\numpy\fft\_pocketfft_umath.cp312-win_amd64.pyd
   Compressing: F:\Kimi Work\视频工具箱\tools\python\Lib\site-packages\numpy\fft\__init__.py
   Compressing: F:\Kimi Work\视频工具箱\tools\python\Lib\site-packages\numpy\fft\__init__.pyi
   Compressing: F:\Kimi Work\视频工具箱\tools\python\Lib\site-packages\numpy\fft\tests\test_helper.py
   Compressing: F:\Kimi Work\视频工具箱\tools\python\Lib\site-packages\numpy\fft\tests\test_pocketfft.py
   Compressing: F:\Kimi Work\视频工具箱\tools\python\Lib\site-packages\numpy\fft\tests\__init__.py
   Compressing: F:\Kimi Work\视频工具箱\tools\python\Lib\site-packages\numpy\lib\array_utils.py
   Compressing: F:\Kimi Work\视频工具箱\tools\python\Lib\site-packages\numpy\lib\array_utils.pyi
   Compressing: F:\Kimi Work\视频工具箱\tools\python\Lib\site-packages\numpy\lib\format.py
   Compressing: F:\Kimi Work\视频工具箱\tools\python\Lib\site-packages\numpy\lib\format.pyi
   Compressing: F:\Kimi Work\视频工具箱\tools\python\Lib\site-packages\numpy\lib\introspect.py
   Compressing: F:\Kimi Work\视频工具箱\tools\python\Lib\site-packages\numpy\lib\introspect.pyi
   Compressing: F:\Kimi Work\视频工具箱\tools\python\Lib\site-packages\numpy\lib\mixins.py
   Compressing: F:\Kimi Work\视频工具箱\tools\python\Lib\site-packages\numpy\lib\mixins.pyi
   Compressing: F:\Kimi Work\视频工具箱\tools\python\Lib\site-packages\numpy\lib\npyio.py
   Compressing: F:\Kimi Work\视频工具箱\tools\python\Lib\site-packages\numpy\lib\npyio.pyi
   Compressing: F:\Kimi Work\视频工具箱\tools\python\Lib\site-packages\numpy\lib\recfunctions.py
   Compressing: F:\Kimi Work\视频工具箱\tools\python\Lib\site-packages\numpy\lib\recfunctions.pyi
   Compressing: F:\Kimi Work\视频工具箱\tools\python\Lib\site-packages\numpy\lib\scimath.py
   Compressing: F:\Kimi Work\视频工具箱\tools\python\Lib\site-packages\numpy\lib\scimath.pyi
   Compressing: F:\Kimi Work\视频工具箱\tools\python\Lib\site-packages\numpy\lib\stride_tricks.py
   Compressing: F:\Kimi Work\视频工具箱\tools\python\Lib\site-packages\numpy\lib\stride_tricks.pyi
   Compressing: F:\Kimi Work\视频工具箱\tools\python\Lib\site-packages\numpy\lib\user_array.py
   Compressing: F:\Kimi Work\视频工具箱\tools\python\Lib\site-packages\numpy\lib\user_array.pyi
   Compressing: F:\Kimi Work\视频工具箱\tools\python\Lib\site-packages\numpy\lib\_arraypad_impl.py
   Compressing: F:\Kimi Work\视频工具箱\tools\python\Lib\site-packages\numpy\lib\_arraypad_impl.pyi
   Compressing: F:\Kimi Work\视频工具箱\tools\python\Lib\site-packages\numpy\lib\_arraysetops_impl.py
   Compressing: F:\Kimi Work\视频工具箱\tools\python\Lib\site-packages\numpy\lib\_arraysetops_impl.pyi
   Compressing: F:\Kimi Work\视频工具箱\tools\python\Lib\site-packages\numpy\lib\_arrayterator_impl.py
   Compressing: F:\Kimi Work\视频工具箱\tools\python\Lib\site-packages\numpy\lib\_arrayterator_impl.pyi
   Compressing: F:\Kimi Work\视频工具箱\tools\python\Lib\site-packages\numpy\lib\_array_utils_impl.py
   Compressing: F:\Kimi Work\视频工具箱\tools\python\Lib\site-packages\numpy\lib\_array_utils_impl.pyi
   Compressing: F:\Kimi Work\视频工具箱\tools\python\Lib\site-packages\numpy\lib\_datasource.py
   Compressing: F:\Kimi Work\视频工具箱\tools\python\Lib\site-packages\numpy\lib\_datasource.pyi
   Compressing: F:\Kimi Work\视频工具箱\tools\python\Lib\site-packages\numpy\lib\_format_impl.py
   Compressing: F:\Kimi Work\视频工具箱\tools\python\Lib\site-packages\numpy\lib\_format_impl.pyi
   Compressing: F:\Kimi Work\视频工具箱\tools\python\Lib\site-packages\numpy\lib\_function_base_impl.py
   Compressing: F:\Kimi Work\视频工具箱\tools\python\Lib\site-packages\numpy\lib\_function_base_impl.pyi
   Compressing: F:\Kimi Work\视频工具箱\tools\python\Lib\site-packages\numpy\lib\_histograms_impl.py
   Compressing: F:\Kimi Work\视频工具箱\tools\python\Lib\site-packages\numpy\lib\_histograms_impl.pyi
   Compressing: F:\Kimi Work\视频工具箱\tools\python\Lib\site-packages\numpy\lib\_index_tricks_impl.py
   Compressing: F:\Kimi Work\视频工具箱\tools\python\Lib\site-packages\numpy\lib\_index_tricks_impl.pyi
   Compressing: F:\Kimi Work\视频工具箱\tools\python\Lib\site-packages\numpy\lib\_iotools.py
   Compressing: F:\Kimi Work\视频工具箱\tools\python\Lib\site-packages\numpy\lib\_iotools.pyi
   Compressing: F:\Kimi Work\视频工具箱\tools\python\Lib\site-packages\numpy\lib\_nanfunctions_impl.py
   Compressing: F:\Kimi Work\视频工具箱\tools\python\Lib\site-packages\numpy\lib\_nanfunctions_impl.pyi
   Compressing: F:\Kimi Work\视频工具箱\tools\python\Lib\site-packages\numpy\lib\_npyio_impl.py
   Compressing: F:\Kimi Work\视频工具箱\tools\python\Lib\site-packages\numpy\lib\_npyio_impl.pyi
   Compressing: F:\Kimi Work\视频工具箱\tools\python\Lib\site-packages\numpy\lib\_polynomial_impl.py
   Compressing: F:\Kimi Work\视频工具箱\tools\python\Lib\site-packages\numpy\lib\_polynomial_impl.pyi
   Compressing: F:\Kimi Work\视频工具箱\tools\python\Lib\site-packages\numpy\lib\_scimath_impl.py
   Compressing: F:\Kimi Work\视频工具箱\tools\python\Lib\site-packages\numpy\lib\_scimath_impl.pyi
   Compressing: F:\Kimi Work\视频工具箱\tools\python\Lib\site-packages\numpy\lib\_shape_base_impl.py
   Compressing: F:\Kimi Work\视频工具箱\tools\python\Lib\site-packages\numpy\lib\_shape_base_impl.pyi
   Compressing: F:\Kimi Work\视频工具箱\tools\python\Lib\site-packages\numpy\lib\_stride_tricks_impl.py
   Compressing: F:\Kimi Work\视频工具箱\tools\python\Lib\site-packages\numpy\lib\_stride_tricks_impl.pyi
   Compressing: F:\Kimi Work\视频工具箱\tools\python\Lib\site-packages\numpy\lib\_twodim_base_impl.py
   Compressing: F:\Kimi Work\视频工具箱\tools\python\Lib\site-packages\numpy\lib\_twodim_base_impl.pyi
   Compressing: F:\Kimi Work\视频工具箱\tools\python\Lib\site-packages\numpy\lib\_type_check_impl.py
   Compressing: F:\Kimi Work\视频工具箱\tools\python\Lib\site-packages\numpy\lib\_type_check_impl.pyi
   Compressing: F:\Kimi Work\视频工具箱\tools\python\Lib\site-packages\numpy\lib\_ufunclike_impl.py
   Compressing: F:\Kimi Work\视频工具箱\tools\python\Lib\site-packages\numpy\lib\_ufunclike_impl.pyi
   Compressing: F:\Kimi Work\视频工具箱\tools\python\Lib\site-packages\numpy\lib\_user_array_impl.py
   Compressing: F:\Kimi Work\视频工具箱\tools\python\Lib\site-packages\numpy\lib\_user_array_impl.pyi
   Compressing: F:\Kimi Work\视频工具箱\tools\python\Lib\site-packages\numpy\lib\_utils_impl.py
   Compressing: F:\Kimi Work\视频工具箱\tools\python\Lib\site-packages\numpy\lib\_utils_impl.pyi
   Compressing: F:\Kimi Work\视频工具箱\tools\python\Lib\site-packages\numpy\lib\_version.py
   Compressing: F:\Kimi Work\视频工具箱\tools\python\Lib\site-packages\numpy\lib\_version.pyi
   Compressing: F:\Kimi Work\视频工具箱\tools\python\Lib\site-packages\numpy\lib\__init__.py
   Compressing: F:\Kimi Work\视频工具箱\tools\python\Lib\site-packages\numpy\lib\__init__.pyi
   Compressing: F:\Kimi Work\视频工具箱\tools\python\Lib\site-packages\numpy\lib\tests\test_arraypad.py
   Compressing: F:\Kimi Work\视频工具箱\tools\python\Lib\site-packages\numpy\lib\tests\test_arraysetops.py
   Compressing: F:\Kimi Work\视频工具箱\tools\python\Lib\site-packages\numpy\lib\tests\test_arrayterator.py
   Compressing: F:\Kimi Work\视频工具箱\tools\python\Lib\site-packages\numpy\lib\tests\test_array_utils.py
   Compressing: F:\Kimi Work\视频工具箱\tools\python\Lib\site-packages\numpy\lib\tests\test_format.py
   Compressing: F:\Kimi Work\视频工具箱\tools\python\Lib\site-packages\numpy\lib\tests\test_function_base.py
   Compressing: F:\Kimi Work\视频工具箱\tools\python\Lib\site-packages\numpy\lib\tests\test_histograms.py
   Compressing: F:\Kimi Work\视频工具箱\tools\python\Lib\site-packages\numpy\lib\tests\test_index_tricks.py
   Compressing: F:\Kimi Work\视频工具箱\tools\python\Lib\site-packages\numpy\lib\tests\test_io.py
   Compressing: F:\Kimi Work\视频工具箱\tools\python\Lib\site-packages\numpy\lib\tests\test_loadtxt.py
   Compressing: F:\Kimi Work\视频工具箱\tools\python\Lib\site-packages\numpy\lib\tests\test_mixins.py
   Compressing: F:\Kimi Work\视频工具箱\tools\python\Lib\site-packages\numpy\lib\tests\test_nanfunctions.py
   Compressing: F:\Kimi Work\视频工具箱\tools\python\Lib\site-packages\numpy\lib\tests\test_packbits.py
   Compressing: F:\Kimi Work\视频工具箱\tools\python\Lib\site-packages\numpy\lib\tests\test_polynomial.py
   Compressing: F:\Kimi Work\视频工具箱\tools\python\Lib\site-packages\numpy\lib\tests\test_recfunctions.py
   Compressing: F:\Kimi Work\视频工具箱\tools\python\Lib\site-packages\numpy\lib\tests\test_regression.py
   Compressing: F:\Kimi Work\视频工具箱\tools\python\Lib\site-packages\numpy\lib\tests\test_shape_base.py
   Compressing: F:\Kimi Work\视频工具箱\tools\python\Lib\site-packages\numpy\lib\tests\test_stride_tricks.py
   Compressing: F:\Kimi Work\视频工具箱\tools\python\Lib\site-packages\numpy\lib\tests\test_twodim_base.py
   Compressing: F:\Kimi Work\视频工具箱\tools\python\Lib\site-packages\numpy\lib\tests\test_type_check.py
   Compressing: F:\Kimi Work\视频工具箱\tools\python\Lib\site-packages\numpy\lib\tests\test_ufunclike.py
   Compressing: F:\Kimi Work\视频工具箱\tools\python\Lib\site-packages\numpy\lib\tests\test_utils.py
   Compressing: F:\Kimi Work\视频工具箱\tools\python\Lib\site-packages\numpy\lib\tests\test__datasource.py
   Compressing: F:\Kimi Work\视频工具箱\tools\python\Lib\site-packages\numpy\lib\tests\test__iotools.py
   Compressing: F:\Kimi Work\视频工具箱\tools\python\Lib\site-packages\numpy\lib\tests\test__version.py
   Compressing: F:\Kimi Work\视频工具箱\tools\python\Lib\site-packages\numpy\lib\tests\__init__.py
   Compressing: F:\Kimi Work\视频工具箱\tools\python\Lib\site-packages\numpy\lib\tests\data\py2-np0-objarr.npy
   Compressing: F:\Kimi Work\视频工具箱\tools\python\Lib\site-packages\numpy\lib\tests\data\py2-objarr.npy
   Compressing: F:\Kimi Work\视频工具箱\tools\python\Lib\site-packages\numpy\lib\tests\data\py2-objarr.npz
   Compressing: F:\Kimi Work\视频工具箱\tools\python\Lib\site-packages\numpy\lib\tests\data\py3-objarr.npy
   Compressing: F:\Kimi Work\视频工具箱\tools\python\Lib\site-packages\numpy\lib\tests\data\py3-objarr.npz
   Compressing: F:\Kimi Work\视频工具箱\tools\python\Lib\site-packages\numpy\lib\tests\data\python3.npy
   Compressing: F:\Kimi Work\视频工具箱\tools\python\Lib\site-packages\numpy\lib\tests\data\win64python2.npy
   Compressing: F:\Kimi Work\视频工具箱\tools\python\Lib\site-packages\numpy\linalg\lapack_lite.cp312-win_amd64.lib
   Compressing: F:\Kimi Work\视频工具箱\tools\python\Lib\site-packages\numpy\linalg\lapack_lite.cp312-win_amd64.pyd
   Compressing: F:\Kimi Work\视频工具箱\tools\python\Lib\site-packages\numpy\linalg\lapack_lite.pyi
   Compressing: F:\Kimi Work\视频工具箱\tools\python\Lib\site-packages\numpy\linalg\_linalg.py
   Compressing: F:\Kimi Work\视频工具箱\tools\python\Lib\site-packages\numpy\linalg\_linalg.pyi
   Compressing: F:\Kimi Work\视频工具箱\tools\python\Lib\site-packages\numpy\linalg\_umath_linalg.cp312-win_amd64.lib
   Compressing: F:\Kimi Work\视频工具箱\tools\python\Lib\site-packages\numpy\linalg\_umath_linalg.cp312-win_amd64.pyd
   Compressing: F:\Kimi Work\视频工具箱\tools\python\Lib\site-packages\numpy\linalg\_umath_linalg.pyi
   Compressing: F:\Kimi Work\视频工具箱\tools\python\Lib\site-packages\numpy\linalg\__init__.py
   Compressing: F:\Kimi Work\视频工具箱\tools\python\Lib\site-packages\numpy\linalg\__init__.pyi
   Compressing: F:\Kimi Work\视频工具箱\tools\python\Lib\site-packages\numpy\linalg\tests\test_deprecations.py
   Compressing: F:\Kimi Work\视频工具箱\tools\python\Lib\site-packages\numpy\linalg\tests\test_linalg.py
   Compressing: F:\Kimi Work\视频工具箱\tools\python\Lib\site-packages\numpy\linalg\tests\test_regression.py
   Compressing: F:\Kimi Work\视频工具箱\tools\python\Lib\site-packages\numpy\linalg\tests\__init__.py
   Compressing: F:\Kimi Work\视频工具箱\tools\python\Lib\site-packages\numpy\ma\API_CHANGES.txt
   Compressing: F:\Kimi Work\视频工具箱\tools\python\Lib\site-packages\numpy\ma\core.py
   Compressing: F:\Kimi Work\视频工具箱\tools\python\Lib\site-packages\numpy\ma\core.pyi
   Compressing: F:\Kimi Work\视频工具箱\tools\python\Lib\site-packages\numpy\ma\extras.py
   Compressing: F:\Kimi Work\视频工具箱\tools\python\Lib\site-packages\numpy\ma\extras.pyi
   Compressing: F:\Kimi Work\视频工具箱\tools\python\Lib\site-packages\numpy\ma\LICENSE
   Compressing: F:\Kimi Work\视频工具箱\tools\python\Lib\site-packages\numpy\ma\mrecords.py
   Compressing: F:\Kimi Work\视频工具箱\tools\python\Lib\site-packages\numpy\ma\mrecords.pyi
   Compressing: F:\Kimi Work\视频工具箱\tools\python\Lib\site-packages\numpy\ma\README.rst
   Compressing: F:\Kimi Work\视频工具箱\tools\python\Lib\site-packages\numpy\ma\testutils.py
   Compressing: F:\Kimi Work\视频工具箱\tools\python\Lib\site-packages\numpy\ma\testutils.pyi
   Compressing: F:\Kimi Work\视频工具箱\tools\python\Lib\site-packages\numpy\ma\__init__.py
   Compressing: F:\Kimi Work\视频工具箱\tools\python\Lib\site-packages\numpy\ma\__init__.pyi
   Compressing: F:\Kimi Work\视频工具箱\tools\python\Lib\site-packages\numpy\ma\tests\test_arrayobject.py
   Compressing: F:\Kimi Work\视频工具箱\tools\python\Lib\site-packages\numpy\ma\tests\test_core.py
   Compressing: F:\Kimi Work\视频工具箱\tools\python\Lib\site-packages\numpy\ma\tests\test_deprecations.py
   Compressing: F:\Kimi Work\视频工具箱\tools\python\Lib\site-packages\numpy\ma\tests\test_extras.py
   Compressing: F:\Kimi Work\视频工具箱\tools\python\Lib\site-packages\numpy\ma\tests\test_mrecords.py
   Compressing: F:\Kimi Work\视频工具箱\tools\python\Lib\site-packages\numpy\ma\tests\test_old_ma.py
   Compressing: F:\Kimi Work\视频工具箱\tools\python\Lib\site-packages\numpy\ma\tests\test_regression.py
   Compressing: F:\Kimi Work\视频工具箱\tools\python\Lib\site-packages\numpy\ma\tests\test_subclassing.py
   Compressing: F:\Kimi Work\视频工具箱\tools\python\Lib\site-packages\numpy\ma\tests\__init__.py
   Compressing: F:\Kimi Work\视频工具箱\tools\python\Lib\site-packages\numpy\matrixlib\defmatrix.py
   Compressing: F:\Kimi Work\视频工具箱\tools\python\Lib\site-packages\numpy\matrixlib\defmatrix.pyi
   Compressing: F:\Kimi Work\视频工具箱\tools\python\Lib\site-packages\numpy\matrixlib\__init__.py
   Compressing: F:\Kimi Work\视频工具箱\tools\python\Lib\site-packages\numpy\matrixlib\__init__.pyi
   Compressing: F:\Kimi Work\视频工具箱\tools\python\Lib\site-packages\numpy\matrixlib\tests\test_defmatrix.py
   Compressing: F:\Kimi Work\视频工具箱\tools\python\Lib\site-packages\numpy\matrixlib\tests\test_interaction.py
   Compressing: F:\Kimi Work\视频工具箱\tools\python\Lib\site-packages\numpy\matrixlib\tests\test_masked_matrix.py
   Compressing: F:\Kimi Work\视频工具箱\tools\python\Lib\site-packages\numpy\matrixlib\tests\test_matrix_linalg.py
   Compressing: F:\Kimi Work\视频工具箱\tools\python\Lib\site-packages\numpy\matrixlib\tests\test_multiarray.py
   Compressing: F:\Kimi Work\视频工具箱\tools\python\Lib\site-packages\numpy\matrixlib\tests\test_numeric.py
   Compressing: F:\Kimi Work\视频工具箱\tools\python\Lib\site-packages\numpy\matrixlib\tests\test_regression.py
   Compressing: F:\Kimi Work\视频工具箱\tools\python\Lib\site-packages\numpy\matrixlib\tests\__init__.py
   Compressing: F:\Kimi Work\视频工具箱\tools\python\Lib\site-packages\numpy\polynomial\chebyshev.py
   Compressing: F:\Kimi Work\视频工具箱\tools\python\Lib\site-packages\numpy\polynomial\chebyshev.pyi
   Compressing: F:\Kimi Work\视频工具箱\tools\python\Lib\site-packages\numpy\polynomial\hermite.py
   Compressing: F:\Kimi Work\视频工具箱\tools\python\Lib\site-packages\numpy\polynomial\hermite.pyi
   Compressing: F:\Kimi Work\视频工具箱\tools\python\Lib\site-packages\numpy\polynomial\hermite_e.py
   Compressing: F:\Kimi Work\视频工具箱\tools\python\Lib\site-packages\numpy\polynomial\hermite_e.pyi
   Compressing: F:\Kimi Work\视频工具箱\tools\python\Lib\site-packages\numpy\polynomial\laguerre.py
   Compressing: F:\Kimi Work\视频工具箱\tools\python\Lib\site-packages\numpy\polynomial\laguerre.pyi
   Compressing: F:\Kimi Work\视频工具箱\tools\python\Lib\site-packages\numpy\polynomial\legendre.py
   Compressing: F:\Kimi Work\视频工具箱\tools\python\Lib\site-packages\numpy\polynomial\legendre.pyi
   Compressing: F:\Kimi Work\视频工具箱\tools\python\Lib\site-packages\numpy\polynomial\polynomial.py
   Compressing: F:\Kimi Work\视频工具箱\tools\python\Lib\site-packages\numpy\polynomial\polynomial.pyi
   Compressing: F:\Kimi Work\视频工具箱\tools\python\Lib\site-packages\numpy\polynomial\polyutils.py
   Compressing: F:\Kimi Work\视频工具箱\tools\python\Lib\site-packages\numpy\polynomial\polyutils.pyi
   Compressing: F:\Kimi Work\视频工具箱\tools\python\Lib\site-packages\numpy\polynomial\_polybase.py
   Compressing: F:\Kimi Work\视频工具箱\tools\python\Lib\site-packages\numpy\polynomial\_polybase.pyi
   Compressing: F:\Kimi Work\视频工具箱\tools\python\Lib\site-packages\numpy\polynomial\_polytypes.pyi
   Compressing: F:\Kimi Work\视频工具箱\tools\python\Lib\site-packages\numpy\polynomial\__init__.py
   Compressing: F:\Kimi Work\视频工具箱\tools\python\Lib\site-packages\numpy\polynomial\__init__.pyi
   Compressing: F:\Kimi Work\视频工具箱\tools\python\Lib\site-packages\numpy\polynomial\tests\test_chebyshev.py
   Compressing: F:\Kimi Work\视频工具箱\tools\python\Lib\site-packages\numpy\polynomial\tests\test_classes.py
   Compressing: F:\Kimi Work\视频工具箱\tools\python\Lib\site-packages\numpy\polynomial\tests\test_hermite.py
   Compressing: F:\Kimi Work\视频工具箱\tools\python\Lib\site-packages\numpy\polynomial\tests\test_hermite_e.py
   Compressing: F:\Kimi Work\视频工具箱\tools\python\Lib\site-packages\numpy\polynomial\tests\test_laguerre.py
   Compressing: F:\Kimi Work\视频工具箱\tools\python\Lib\site-packages\numpy\polynomial\tests\test_legendre.py
   Compressing: F:\Kimi Work\视频工具箱\tools\python\Lib\site-packages\numpy\polynomial\tests\test_polynomial.py
   Compressing: F:\Kimi Work\视频工具箱\tools\python\Lib\site-packages\numpy\polynomial\tests\test_polyutils.py
   Compressing: F:\Kimi Work\视频工具箱\tools\python\Lib\site-packages\numpy\polynomial\tests\test_printing.py
   Compressing: F:\Kimi Work\视频工具箱\tools\python\Lib\site-packages\numpy\polynomial\tests\test_symbol.py
   Compressing: F:\Kimi Work\视频工具箱\tools\python\Lib\site-packages\numpy\polynomial\tests\__init__.py
   Compressing: F:\Kimi Work\视频工具箱\tools\python\Lib\site-packages\numpy\random\bit_generator.cp312-win_amd64.lib
   Compressing: F:\Kimi Work\视频工具箱\tools\python\Lib\site-packages\numpy\random\bit_generator.cp312-win_amd64.pyd
   Compressing: F:\Kimi Work\视频工具箱\tools\python\Lib\site-packages\numpy\random\bit_generator.pxd
   Compressing: F:\Kimi Work\视频工具箱\tools\python\Lib\site-packages\numpy\random\bit_generator.pyi
   Compressing: F:\Kimi Work\视频工具箱\tools\python\Lib\site-packages\numpy\random\c_distributions.pxd
   Compressing: F:\Kimi Work\视频工具箱\tools\python\Lib\site-packages\numpy\random\LICENSE.md
   Compressing: F:\Kimi Work\视频工具箱\tools\python\Lib\site-packages\numpy\random\mtrand.cp312-win_amd64.lib
   Compressing: F:\Kimi Work\视频工具箱\tools\python\Lib\site-packages\numpy\random\mtrand.cp312-win_amd64.pyd
   Compressing: F:\Kimi Work\视频工具箱\tools\python\Lib\site-packages\numpy\random\mtrand.pyi
   Compressing: F:\Kimi Work\视频工具箱\tools\python\Lib\site-packages\numpy\random\_bounded_integers.cp312-win_amd64.lib
   Compressing: F:\Kimi Work\视频工具箱\tools\python\Lib\site-packages\numpy\random\_bounded_integers.cp312-win_amd64.pyd
   Compressing: F:\Kimi Work\视频工具箱\tools\python\Lib\site-packages\numpy\random\_bounded_integers.pxd
   Compressing: F:\Kimi Work\视频工具箱\tools\python\Lib\site-packages\numpy\random\_bounded_integers.pyi
   Compressing: F:\Kimi Work\视频工具箱\tools\python\Lib\site-packages\numpy\random\_common.cp312-win_amd64.lib
   Compressing: F:\Kimi Work\视频工具箱\tools\python\Lib\site-packages\numpy\random\_common.cp312-win_amd64.pyd
   Compressing: F:\Kimi Work\视频工具箱\tools\python\Lib\site-packages\numpy\random\_common.pxd
   Compressing: F:\Kimi Work\视频工具箱\tools\python\Lib\site-packages\numpy\random\_common.pyi
   Compressing: F:\Kimi Work\视频工具箱\tools\python\Lib\site-packages\numpy\random\_generator.cp312-win_amd64.lib
   Compressing: F:\Kimi Work\视频工具箱\tools\python\Lib\site-packages\numpy\random\_generator.cp312-win_amd64.pyd
   Compressing: F:\Kimi Work\视频工具箱\tools\python\Lib\site-packages\numpy\random\_generator.pyi
   Compressing: F:\Kimi Work\视频工具箱\tools\python\Lib\site-packages\numpy\random\_mt19937.cp312-win_amd64.lib
   Compressing: F:\Kimi Work\视频工具箱\tools\python\Lib\site-packages\numpy\random\_mt19937.cp312-win_amd64.pyd
   Compressing: F:\Kimi Work\视频工具箱\tools\python\Lib\site-packages\numpy\random\_mt19937.pyi
   Compressing: F:\Kimi Work\视频工具箱\tools\python\Lib\site-packages\numpy\random\_pcg64.cp312-win_amd64.lib
   Compressing: F:\Kimi Work\视频工具箱\tools\python\Lib\site-packages\numpy\random\_pcg64.cp312-win_amd64.pyd
   Compressing: F:\Kimi Work\视频工具箱\tools\python\Lib\site-packages\numpy\random\_pcg64.pyi
   Compressing: F:\Kimi Work\视频工具箱\tools\python\Lib\site-packages\numpy\random\_philox.cp312-win_amd64.lib
   Compressing: F:\Kimi Work\视频工具箱\tools\python\Lib\site-packages\numpy\random\_philox.cp312-win_amd64.pyd
   Compressing: F:\Kimi Work\视频工具箱\tools\python\Lib\site-packages\numpy\random\_philox.pyi
   Compressing: F:\Kimi Work\视频工具箱\tools\python\Lib\site-packages\numpy\random\_pickle.py
   Compressing: F:\Kimi Work\视频工具箱\tools\python\Lib\site-packages\numpy\random\_pickle.pyi
   Compressing: F:\Kimi Work\视频工具箱\tools\python\Lib\site-packages\numpy\random\_sfc64.cp312-win_amd64.lib
   Compressing: F:\Kimi Work\视频工具箱\tools\python\Lib\site-packages\numpy\random\_sfc64.cp312-win_amd64.pyd
   Compressing: F:\Kimi Work\视频工具箱\tools\python\Lib\site-packages\numpy\random\_sfc64.pyi
   Compressing: F:\Kimi Work\视频工具箱\tools\python\Lib\site-packages\numpy\random\__init__.pxd
   Compressing: F:\Kimi Work\视频工具箱\tools\python\Lib\site-packages\numpy\random\__init__.py
   Compressing: F:\Kimi Work\视频工具箱\tools\python\Lib\site-packages\numpy\random\__init__.pyi
   Compressing: F:\Kimi Work\视频工具箱\tools\python\Lib\site-packages\numpy\random\lib\npyrandom.lib
   Compressing: F:\Kimi Work\视频工具箱\tools\python\Lib\site-packages\numpy\random\tests\test_direct.py
   Compressing: F:\Kimi Work\视频工具箱\tools\python\Lib\site-packages\numpy\random\tests\test_extending.py
   Compressing: F:\Kimi Work\视频工具箱\tools\python\Lib\site-packages\numpy\random\tests\test_generator_mt19937.py
   Compressing: F:\Kimi Work\视频工具箱\tools\python\Lib\site-packages\numpy\random\tests\test_generator_mt19937_regressions.py
   Compressing: F:\Kimi Work\视频工具箱\tools\python\Lib\site-packages\numpy\random\tests\test_random.py
   Compressing: F:\Kimi Work\视频工具箱\tools\python\Lib\site-packages\numpy\random\tests\test_randomstate.py
   Compressing: F:\Kimi Work\视频工具箱\tools\python\Lib\site-packages\numpy\random\tests\test_randomstate_regression.py
   Compressing: F:\Kimi Work\视频工具箱\tools\python\Lib\site-packages\numpy\random\tests\test_regression.py
   Compressing: F:\Kimi Work\视频工具箱\tools\python\Lib\site-packages\numpy\random\tests\test_seed_sequence.py
   Compressing: F:\Kimi Work\视频工具箱\tools\python\Lib\site-packages\numpy\random\tests\test_smoke.py
   Compressing: F:\Kimi Work\视频工具箱\tools\python\Lib\site-packages\numpy\random\tests\__init__.py
   Compressing: F:\Kimi Work\视频工具箱\tools\python\Lib\site-packages\numpy\random\tests\data\generator_pcg64_np121.pkl.gz
   Compressing: F:\Kimi Work\视频工具箱\tools\python\Lib\site-packages\numpy\random\tests\data\generator_pcg64_np126.pkl.gz
   Compressing: F:\Kimi Work\视频工具箱\tools\python\Lib\site-packages\numpy\random\tests\data\mt19937-testset-1.csv
   Compressing: F:\Kimi Work\视频工具箱\tools\python\Lib\site-packages\numpy\random\tests\data\mt19937-testset-2.csv
   Compressing: F:\Kimi Work\视频工具箱\tools\python\Lib\site-packages\numpy\random\tests\data\pcg64-testset-1.csv
   Compressing: F:\Kimi Work\视频工具箱\tools\python\Lib\site-packages\numpy\random\tests\data\pcg64-testset-2.csv
   Compressing: F:\Kimi Work\视频工具箱\tools\python\Lib\site-packages\numpy\random\tests\data\pcg64dxsm-testset-1.csv
   Compressing: F:\Kimi Work\视频工具箱\tools\python\Lib\site-packages\numpy\random\tests\data\pcg64dxsm-testset-2.csv
   Compressing: F:\Kimi Work\视频工具箱\tools\python\Lib\site-packages\numpy\random\tests\data\philox-testset-1.csv
   Compressing: F:\Kimi Work\视频工具箱\tools\python\Lib\site-packages\numpy\random\tests\data\philox-testset-2.csv
   Compressing: F:\Kimi Work\视频工具箱\tools\python\Lib\site-packages\numpy\random\tests\data\sfc64-testset-1.csv
   Compressing: F:\Kimi Work\视频工具箱\tools\python\Lib\site-packages\numpy\random\tests\data\sfc64-testset-2.csv
   Compressing: F:\Kimi Work\视频工具箱\tools\python\Lib\site-packages\numpy\random\tests\data\sfc64_np126.pkl.gz
   Compressing: F:\Kimi Work\视频工具箱\tools\python\Lib\site-packages\numpy\random\tests\data\__init__.py
   Compressing: F:\Kimi Work\视频工具箱\tools\python\Lib\site-packages\numpy\random\_examples\cffi\extending.py
   Compressing: F:\Kimi Work\视频工具箱\tools\python\Lib\site-packages\numpy\random\_examples\cffi\parse.py
   Compressing: F:\Kimi Work\视频工具箱\tools\python\Lib\site-packages\numpy\random\_examples\cython\extending.pyx
   Compressing: F:\Kimi Work\视频工具箱\tools\python\Lib\site-packages\numpy\random\_examples\cython\extending_distributions.pyx
   Compressing: F:\Kimi Work\视频工具箱\tools\python\Lib\site-packages\numpy\random\_examples\cython\meson.build
   Compressing: F:\Kimi Work\视频工具箱\tools\python\Lib\site-packages\numpy\random\_examples\numba\extending.py
   Compressing: F:\Kimi Work\视频工具箱\tools\python\Lib\site-packages\numpy\random\_examples\numba\extending_distributions.py
   Compressing: F:\Kimi Work\视频工具箱\tools\python\Lib\site-packages\numpy\rec\__init__.py
   Compressing: F:\Kimi Work\视频工具箱\tools\python\Lib\site-packages\numpy\rec\__init__.pyi
   Compressing: F:\Kimi Work\视频工具箱\tools\python\Lib\site-packages\numpy\strings\__init__.py
   Compressing: F:\Kimi Work\视频工具箱\tools\python\Lib\site-packages\numpy\strings\__init__.pyi
   Compressing: F:\Kimi Work\视频工具箱\tools\python\Lib\site-packages\numpy\testing\overrides.py
   Compressing: F:\Kimi Work\视频工具箱\tools\python\Lib\site-packages\numpy\testing\overrides.pyi
   Compressing: F:\Kimi Work\视频工具箱\tools\python\Lib\site-packages\numpy\testing\print_coercion_tables.py
   Compressing: F:\Kimi Work\视频工具箱\tools\python\Lib\site-packages\numpy\testing\print_coercion_tables.pyi
   Compressing: F:\Kimi Work\视频工具箱\tools\python\Lib\site-packages\numpy\testing\__init__.py
   Compressing: F:\Kimi Work\视频工具箱\tools\python\Lib\site-packages\numpy\testing\__init__.pyi
   Compressing: F:\Kimi Work\视频工具箱\tools\python\Lib\site-packages\numpy\testing\tests\test_utils.py
   Compressing: F:\Kimi Work\视频工具箱\tools\python\Lib\site-packages\numpy\testing\tests\__init__.py
   Compressing: F:\Kimi Work\视频工具箱\tools\python\Lib\site-packages\numpy\testing\_private\extbuild.py
   Compressing: F:\Kimi Work\视频工具箱\tools\python\Lib\site-packages\numpy\testing\_private\extbuild.pyi
   Compressing: F:\Kimi Work\视频工具箱\tools\python\Lib\site-packages\numpy\testing\_private\utils.py
   Compressing: F:\Kimi Work\视频工具箱\tools\python\Lib\site-packages\numpy\testing\_private\utils.pyi
   Compressing: F:\Kimi Work\视频工具箱\tools\python\Lib\site-packages\numpy\testing\_private\__init__.py
   Compressing: F:\Kimi Work\视频工具箱\tools\python\Lib\site-packages\numpy\testing\_private\__init__.pyi
   Compressing: F:\Kimi Work\视频工具箱\tools\python\Lib\site-packages\numpy\tests\test_configtool.py
   Compressing: F:\Kimi Work\视频工具箱\tools\python\Lib\site-packages\numpy\tests\test_ctypeslib.py
   Compressing: F:\Kimi Work\视频工具箱\tools\python\Lib\site-packages\numpy\tests\test_lazyloading.py
   Compressing: F:\Kimi Work\视频工具箱\tools\python\Lib\site-packages\numpy\tests\test_matlib.py
   Compressing: F:\Kimi Work\视频工具箱\tools\python\Lib\site-packages\numpy\tests\test_numpy_config.py
   Compressing: F:\Kimi Work\视频工具箱\tools\python\Lib\site-packages\numpy\tests\test_numpy_version.py
   Compressing: F:\Kimi Work\视频工具箱\tools\python\Lib\site-packages\numpy\tests\test_public_api.py
   Compressing: F:\Kimi Work\视频工具箱\tools\python\Lib\site-packages\numpy\tests\test_reloading.py
   Compressing: F:\Kimi Work\视频工具箱\tools\python\Lib\site-packages\numpy\tests\test_scripts.py
   Compressing: F:\Kimi Work\视频工具箱\tools\python\Lib\site-packages\numpy\tests\test_warnings.py
   Compressing: F:\Kimi Work\视频工具箱\tools\python\Lib\site-packages\numpy\tests\test__all__.py
   Compressing: F:\Kimi Work\视频工具箱\tools\python\Lib\site-packages\numpy\tests\__init__.py
   Compressing: F:\Kimi Work\视频工具箱\tools\python\Lib\site-packages\numpy\typing\mypy_plugin.py
   Compressing: F:\Kimi Work\视频工具箱\tools\python\Lib\site-packages\numpy\typing\__init__.py
   Compressing: F:\Kimi Work\视频工具箱\tools\python\Lib\site-packages\numpy\typing\__init__.pyi
   Compressing: F:\Kimi Work\视频工具箱\tools\python\Lib\site-packages\numpy\typing\tests\test_isfile.py
   Compressing: F:\Kimi Work\视频工具箱\tools\python\Lib\site-packages\numpy\typing\tests\test_runtime.py
   Compressing: F:\Kimi Work\视频工具箱\tools\python\Lib\site-packages\numpy\typing\tests\test_typing.py
   Compressing: F:\Kimi Work\视频工具箱\tools\python\Lib\site-packages\numpy\typing\tests\__init__.py
   Compressing: F:\Kimi Work\视频工具箱\tools\python\Lib\site-packages\numpy\typing\tests\data\mypy.ini
   Compressing: F:\Kimi Work\视频工具箱\tools\python\Lib\site-packages\numpy\typing\tests\data\fail\arithmetic.pyi
   Compressing: F:\Kimi Work\视频工具箱\tools\python\Lib\site-packages\numpy\typing\tests\data\fail\arrayprint.pyi
   Compressing: F:\Kimi Work\视频工具箱\tools\python\Lib\site-packages\numpy\typing\tests\data\fail\arrayterator.pyi
   Compressing: F:\Kimi Work\视频工具箱\tools\python\Lib\site-packages\numpy\typing\tests\data\fail\array_constructors.pyi
   Compressing: F:\Kimi Work\视频工具箱\tools\python\Lib\site-packages\numpy\typing\tests\data\fail\array_like.pyi
   Compressing: F:\Kimi Work\视频工具箱\tools\python\Lib\site-packages\numpy\typing\tests\data\fail\array_pad.pyi
   Compressing: F:\Kimi Work\视频工具箱\tools\python\Lib\site-packages\numpy\typing\tests\data\fail\bitwise_ops.pyi
   Compressing: F:\Kimi Work\视频工具箱\tools\python\Lib\site-packages\numpy\typing\tests\data\fail\char.pyi
   Compressing: F:\Kimi Work\视频工具箱\tools\python\Lib\site-packages\numpy\typing\tests\data\fail\chararray.pyi
   Compressing: F:\Kimi Work\视频工具箱\tools\python\Lib\site-packages\numpy\typing\tests\data\fail\comparisons.pyi
   Compressing: F:\Kimi Work\视频工具箱\tools\python\Lib\site-packages\numpy\typing\tests\data\fail\constants.pyi
   Compressing: F:\Kimi Work\视频工具箱\tools\python\Lib\site-packages\numpy\typing\tests\data\fail\datasource.pyi
   Compressing: F:\Kimi Work\视频工具箱\tools\python\Lib\site-packages\numpy\typing\tests\data\fail\dtype.pyi
   Compressing: F:\Kimi Work\视频工具箱\tools\python\Lib\site-packages\numpy\typing\tests\data\fail\einsumfunc.pyi
   Compressing: F:\Kimi Work\视频工具箱\tools\python\Lib\site-packages\numpy\typing\tests\data\fail\flatiter.pyi
   Compressing: F:\Kimi Work\视频工具箱\tools\python\Lib\site-packages\numpy\typing\tests\data\fail\fromnumeric.pyi
   Compressing: F:\Kimi Work\视频工具箱\tools\python\Lib\site-packages\numpy\typing\tests\data\fail\histograms.pyi
   Compressing: F:\Kimi Work\视频工具箱\tools\python\Lib\site-packages\numpy\typing\tests\data\fail\index_tricks.pyi
   Compressing: F:\Kimi Work\视频工具箱\tools\python\Lib\site-packages\numpy\typing\tests\data\fail\lib_function_base.pyi
   Compressing: F:\Kimi Work\视频工具箱\tools\python\Lib\site-packages\numpy\typing\tests\data\fail\lib_polynomial.pyi
   Compressing: F:\Kimi Work\视频工具箱\tools\python\Lib\site-packages\numpy\typing\tests\data\fail\lib_utils.pyi
   Compressing: F:\Kimi Work\视频工具箱\tools\python\Lib\site-packages\numpy\typing\tests\data\fail\lib_version.pyi
   Compressing: F:\Kimi Work\视频工具箱\tools\python\Lib\site-packages\numpy\typing\tests\data\fail\linalg.pyi
   Compressing: F:\Kimi Work\视频工具箱\tools\python\Lib\site-packages\numpy\typing\tests\data\fail\ma.pyi
   Compressing: F:\Kimi Work\视频工具箱\tools\python\Lib\site-packages\numpy\typing\tests\data\fail\memmap.pyi
   Compressing: F:\Kimi Work\视频工具箱\tools\python\Lib\site-packages\numpy\typing\tests\data\fail\modules.pyi
   Compressing: F:\Kimi Work\视频工具箱\tools\python\Lib\site-packages\numpy\typing\tests\data\fail\multiarray.pyi
   Compressing: F:\Kimi Work\视频工具箱\tools\python\Lib\site-packages\numpy\typing\tests\data\fail\ndarray.pyi
   Compressing: F:\Kimi Work\视频工具箱\tools\python\Lib\site-packages\numpy\typing\tests\data\fail\ndarray_misc.pyi
   Compressing: F:\Kimi Work\视频工具箱\tools\python\Lib\site-packages\numpy\typing\tests\data\fail\nditer.pyi
   Compressing: F:\Kimi Work\视频工具箱\tools\python\Lib\site-packages\numpy\typing\tests\data\fail\nested_sequence.pyi
   Compressing: F:\Kimi Work\视频工具箱\tools\python\Lib\site-packages\numpy\typing\tests\data\fail\npyio.pyi
   Compressing: F:\Kimi Work\视频工具箱\tools\python\Lib\site-packages\numpy\typing\tests\data\fail\numerictypes.pyi
   Compressing: F:\Kimi Work\视频工具箱\tools\python\Lib\site-packages\numpy\typing\tests\data\fail\random.pyi
   Compressing: F:\Kimi Work\视频工具箱\tools\python\Lib\site-packages\numpy\typing\tests\data\fail\rec.pyi
   Compressing: F:\Kimi Work\视频工具箱\tools\python\Lib\site-packages\numpy\typing\tests\data\fail\scalars.pyi
   Compressing: F:\Kimi Work\视频工具箱\tools\python\Lib\site-packages\numpy\typing\tests\data\fail\shape.pyi
   Compressing: F:\Kimi Work\视频工具箱\tools\python\Lib\site-packages\numpy\typing\tests\data\fail\shape_base.pyi
   Compressing: F:\Kimi Work\视频工具箱\tools\python\Lib\site-packages\numpy\typing\tests\data\fail\stride_tricks.pyi
   Compressing: F:\Kimi Work\视频工具箱\tools\python\Lib\site-packages\numpy\typing\tests\data\fail\strings.pyi
   Compressing: F:\Kimi Work\视频工具箱\tools\python\Lib\site-packages\numpy\typing\tests\data\fail\testing.pyi
   Compressing: F:\Kimi Work\视频工具箱\tools\python\Lib\site-packages\numpy\typing\tests\data\fail\twodim_base.pyi
   Compressing: F:\Kimi Work\视频工具箱\tools\python\Lib\site-packages\numpy\typing\tests\data\fail\type_check.pyi
   Compressing: F:\Kimi Work\视频工具箱\tools\python\Lib\site-packages\numpy\typing\tests\data\fail\ufunclike.pyi
   Compressing: F:\Kimi Work\视频工具箱\tools\python\Lib\site-packages\numpy\typing\tests\data\fail\ufuncs.pyi
   Compressing: F:\Kimi Work\视频工具箱\tools\python\Lib\site-packages\numpy\typing\tests\data\fail\ufunc_config.pyi
   Compressing: F:\Kimi Work\视频工具箱\tools\python\Lib\site-packages\numpy\typing\tests\data\fail\warnings_and_errors.pyi
   Compressing: F:\Kimi Work\视频工具箱\tools\python\Lib\site-packages\numpy\typing\tests\data\misc\extended_precision.pyi
   Compressing: F:\Kimi Work\视频工具箱\tools\python\Lib\site-packages\numpy\typing\tests\data\pass\arithmetic.py
   Compressing: F:\Kimi Work\视频工具箱\tools\python\Lib\site-packages\numpy\typing\tests\data\pass\arrayprint.py
   Compressing: F:\Kimi Work\视频工具箱\tools\python\Lib\site-packages\numpy\typing\tests\data\pass\arrayterator.py
   Compressing: F:\Kimi Work\视频工具箱\tools\python\Lib\site-packages\numpy\typing\tests\data\pass\array_constructors.py
   Compressing: F:\Kimi Work\视频工具箱\tools\python\Lib\site-packages\numpy\typing\tests\data\pass\array_like.py
   Compressing: F:\Kimi Work\视频工具箱\tools\python\Lib\site-packages\numpy\typing\tests\data\pass\bitwise_ops.py
   Compressing: F:\Kimi Work\视频工具箱\tools\python\Lib\site-packages\numpy\typing\tests\data\pass\comparisons.py
   Compressing: F:\Kimi Work\视频工具箱\tools\python\Lib\site-packages\numpy\typing\tests\data\pass\dtype.py
   Compressing: F:\Kimi Work\视频工具箱\tools\python\Lib\site-packages\numpy\typing\tests\data\pass\einsumfunc.py
   Compressing: F:\Kimi Work\视频工具箱\tools\python\Lib\site-packages\numpy\typing\tests\data\pass\flatiter.py
   Compressing: F:\Kimi Work\视频工具箱\tools\python\Lib\site-packages\numpy\typing\tests\data\pass\fromnumeric.py
   Compressing: F:\Kimi Work\视频工具箱\tools\python\Lib\site-packages\numpy\typing\tests\data\pass\index_tricks.py
   Compressing: F:\Kimi Work\视频工具箱\tools\python\Lib\site-packages\numpy\typing\tests\data\pass\lib_user_array.py
   Compressing: F:\Kimi Work\视频工具箱\tools\python\Lib\site-packages\numpy\typing\tests\data\pass\lib_utils.py
   Compressing: F:\Kimi Work\视频工具箱\tools\python\Lib\site-packages\numpy\typing\tests\data\pass\lib_version.py
   Compressing: F:\Kimi Work\视频工具箱\tools\python\Lib\site-packages\numpy\typing\tests\data\pass\literal.py
   Compressing: F:\Kimi Work\视频工具箱\tools\python\Lib\site-packages\numpy\typing\tests\data\pass\ma.py
   Compressing: F:\Kimi Work\视频工具箱\tools\python\Lib\site-packages\numpy\typing\tests\data\pass\mod.py
   Compressing: F:\Kimi Work\视频工具箱\tools\python\Lib\site-packages\numpy\typing\tests\data\pass\modules.py
   Compressing: F:\Kimi Work\视频工具箱\tools\python\Lib\site-packages\numpy\typing\tests\data\pass\multiarray.py
   Compressing: F:\Kimi Work\视频工具箱\tools\python\Lib\site-packages\numpy\typing\tests\data\pass\ndarray_conversion.py
   Compressing: F:\Kimi Work\视频工具箱\tools\python\Lib\site-packages\numpy\typing\tests\data\pass\ndarray_misc.py
   Compressing: F:\Kimi Work\视频工具箱\tools\python\Lib\site-packages\numpy\typing\tests\data\pass\ndarray_shape_manipulation.py
   Compressing: F:\Kimi Work\视频工具箱\tools\python\Lib\site-packages\numpy\typing\tests\data\pass\nditer.py
   Compressing: F:\Kimi Work\视频工具箱\tools\python\Lib\site-packages\numpy\typing\tests\data\pass\numeric.py
   Compressing: F:\Kimi Work\视频工具箱\tools\python\Lib\site-packages\numpy\typing\tests\data\pass\numerictypes.py
   Compressing: F:\Kimi Work\视频工具箱\tools\python\Lib\site-packages\numpy\typing\tests\data\pass\random.py
   Compressing: F:\Kimi Work\视频工具箱\tools\python\Lib\site-packages\numpy\typing\tests\data\pass\recfunctions.py
   Compressing: F:\Kimi Work\视频工具箱\tools\python\Lib\site-packages\numpy\typing\tests\data\pass\scalars.py
   Compressing: F:\Kimi Work\视频工具箱\tools\python\Lib\site-packages\numpy\typing\tests\data\pass\shape.py
   Compressing: F:\Kimi Work\视频工具箱\tools\python\Lib\site-packages\numpy\typing\tests\data\pass\simple.py
   Compressing: F:\Kimi Work\视频工具箱\tools\python\Lib\site-packages\numpy\typing\tests\data\pass\ufunclike.py
   Compressing: F:\Kimi Work\视频工具箱\tools\python\Lib\site-packages\numpy\typing\tests\data\pass\ufuncs.py
   Compressing: F:\Kimi Work\视频工具箱\tools\python\Lib\site-packages\numpy\typing\tests\data\pass\ufunc_config.py
   Compressing: F:\Kimi Work\视频工具箱\tools\python\Lib\site-packages\numpy\typing\tests\data\pass\warnings_and_errors.py
   Compressing: F:\Kimi Work\视频工具箱\tools\python\Lib\site-packages\numpy\typing\tests\data\reveal\arithmetic.pyi
   Compressing: F:\Kimi Work\视频工具箱\tools\python\Lib\site-packages\numpy\typing\tests\data\reveal\arraypad.pyi
   Compressing: F:\Kimi Work\视频工具箱\tools\python\Lib\site-packages\numpy\typing\tests\data\reveal\arrayprint.pyi
   Compressing: F:\Kimi Work\视频工具箱\tools\python\Lib\site-packages\numpy\typing\tests\data\reveal\arraysetops.pyi
   Compressing: F:\Kimi Work\视频工具箱\tools\python\Lib\site-packages\numpy\typing\tests\data\reveal\arrayterator.pyi
   Compressing: F:\Kimi Work\视频工具箱\tools\python\Lib\site-packages\numpy\typing\tests\data\reveal\array_api_info.pyi
   Compressing: F:\Kimi Work\视频工具箱\tools\python\Lib\site-packages\numpy\typing\tests\data\reveal\array_constructors.pyi
   Compressing: F:\Kimi Work\视频工具箱\tools\python\Lib\site-packages\numpy\typing\tests\data\reveal\bitwise_ops.pyi
   Compressing: F:\Kimi Work\视频工具箱\tools\python\Lib\site-packages\numpy\typing\tests\data\reveal\char.pyi
   Compressing: F:\Kimi Work\视频工具箱\tools\python\Lib\site-packages\numpy\typing\tests\data\reveal\chararray.pyi
   Compressing: F:\Kimi Work\视频工具箱\tools\python\Lib\site-packages\numpy\typing\tests\data\reveal\comparisons.pyi
   Compressing: F:\Kimi Work\视频工具箱\tools\python\Lib\site-packages\numpy\typing\tests\data\reveal\constants.pyi
   Compressing: F:\Kimi Work\视频工具箱\tools\python\Lib\site-packages\numpy\typing\tests\data\reveal\ctypeslib.pyi
   Compressing: F:\Kimi Work\视频工具箱\tools\python\Lib\site-packages\numpy\typing\tests\data\reveal\datasource.pyi
   Compressing: F:\Kimi Work\视频工具箱\tools\python\Lib\site-packages\numpy\typing\tests\data\reveal\dtype.pyi
   Compressing: F:\Kimi Work\视频工具箱\tools\python\Lib\site-packages\numpy\typing\tests\data\reveal\einsumfunc.pyi
   Compressing: F:\Kimi Work\视频工具箱\tools\python\Lib\site-packages\numpy\typing\tests\data\reveal\emath.pyi
   Compressing: F:\Kimi Work\视频工具箱\tools\python\Lib\site-packages\numpy\typing\tests\data\reveal\fft.pyi
   Compressing: F:\Kimi Work\视频工具箱\tools\python\Lib\site-packages\numpy\typing\tests\data\reveal\flatiter.pyi
   Compressing: F:\Kimi Work\视频工具箱\tools\python\Lib\site-packages\numpy\typing\tests\data\reveal\fromnumeric.pyi
   Compressing: F:\Kimi Work\视频工具箱\tools\python\Lib\site-packages\numpy\typing\tests\data\reveal\getlimits.pyi
   Compressing: F:\Kimi Work\视频工具箱\tools\python\Lib\site-packages\numpy\typing\tests\data\reveal\histograms.pyi
   Compressing: F:\Kimi Work\视频工具箱\tools\python\Lib\site-packages\numpy\typing\tests\data\reveal\index_tricks.pyi
   Compressing: F:\Kimi Work\视频工具箱\tools\python\Lib\site-packages\numpy\typing\tests\data\reveal\lib_function_base.pyi
   Compressing: F:\Kimi Work\视频工具箱\tools\python\Lib\site-packages\numpy\typing\tests\data\reveal\lib_polynomial.pyi
   Compressing: F:\Kimi Work\视频工具箱\tools\python\Lib\site-packages\numpy\typing\tests\data\reveal\lib_utils.pyi
   Compressing: F:\Kimi Work\视频工具箱\tools\python\Lib\site-packages\numpy\typing\tests\data\reveal\lib_version.pyi
   Compressing: F:\Kimi Work\视频工具箱\tools\python\Lib\site-packages\numpy\typing\tests\data\reveal\linalg.pyi
   Compressing: F:\Kimi Work\视频工具箱\tools\python\Lib\site-packages\numpy\typing\tests\data\reveal\ma.pyi
   Compressing: F:\Kimi Work\视频工具箱\tools\python\Lib\site-packages\numpy\typing\tests\data\reveal\matrix.pyi
   Compressing: F:\Kimi Work\视频工具箱\tools\python\Lib\site-packages\numpy\typing\tests\data\reveal\memmap.pyi
   Compressing: F:\Kimi Work\视频工具箱\tools\python\Lib\site-packages\numpy\typing\tests\data\reveal\mod.pyi
   Compressing: F:\Kimi Work\视频工具箱\tools\python\Lib\site-packages\numpy\typing\tests\data\reveal\modules.pyi
   Compressing: F:\Kimi Work\视频工具箱\tools\python\Lib\site-packages\numpy\typing\tests\data\reveal\multiarray.pyi
   Compressing: F:\Kimi Work\视频工具箱\tools\python\Lib\site-packages\numpy\typing\tests\data\reveal\nbit_base_example.pyi
   Compressing: F:\Kimi Work\视频工具箱\tools\python\Lib\site-packages\numpy\typing\tests\data\reveal\ndarray_assignability.pyi
   Compressing: F:\Kimi Work\视频工具箱\tools\python\Lib\site-packages\numpy\typing\tests\data\reveal\ndarray_conversion.pyi
   Compressing: F:\Kimi Work\视频工具箱\tools\python\Lib\site-packages\numpy\typing\tests\data\reveal\ndarray_misc.pyi
   Compressing: F:\Kimi Work\视频工具箱\tools\python\Lib\site-packages\numpy\typing\tests\data\reveal\ndarray_shape_manipulation.pyi
   Compressing: F:\Kimi Work\视频工具箱\tools\python\Lib\site-packages\numpy\typing\tests\data\reveal\nditer.pyi
   Compressing: F:\Kimi Work\视频工具箱\tools\python\Lib\site-packages\numpy\typing\tests\data\reveal\nested_sequence.pyi
   Compressing: F:\Kimi Work\视频工具箱\tools\python\Lib\site-packages\numpy\typing\tests\data\reveal\npyio.pyi
   Compressing: F:\Kimi Work\视频工具箱\tools\python\Lib\site-packages\numpy\typing\tests\data\reveal\numeric.pyi
   Compressing: F:\Kimi Work\视频工具箱\tools\python\Lib\site-packages\numpy\typing\tests\data\reveal\numerictypes.pyi
   Compressing: F:\Kimi Work\视频工具箱\tools\python\Lib\site-packages\numpy\typing\tests\data\reveal\polynomial_polybase.pyi
   Compressing: F:\Kimi Work\视频工具箱\tools\python\Lib\site-packages\numpy\typing\tests\data\reveal\polynomial_polyutils.pyi
   Compressing: F:\Kimi Work\视频工具箱\tools\python\Lib\site-packages\numpy\typing\tests\data\reveal\polynomial_series.pyi
   Compressing: F:\Kimi Work\视频工具箱\tools\python\Lib\site-packages\numpy\typing\tests\data\reveal\random.pyi
   Compressing: F:\Kimi Work\视频工具箱\tools\python\Lib\site-packages\numpy\typing\tests\data\reveal\rec.pyi
   Compressing: F:\Kimi Work\视频工具箱\tools\python\Lib\site-packages\numpy\typing\tests\data\reveal\scalars.pyi
   Compressing: F:\Kimi Work\视频工具箱\tools\python\Lib\site-packages\numpy\typing\tests\data\reveal\shape.pyi
   Compressing: F:\Kimi Work\视频工具箱\tools\python\Lib\site-packages\numpy\typing\tests\data\reveal\shape_base.pyi
   Compressing: F:\Kimi Work\视频工具箱\tools\python\Lib\site-packages\numpy\typing\tests\data\reveal\stride_tricks.pyi
   Compressing: F:\Kimi Work\视频工具箱\tools\python\Lib\site-packages\numpy\typing\tests\data\reveal\strings.pyi
   Compressing: F:\Kimi Work\视频工具箱\tools\python\Lib\site-packages\numpy\typing\tests\data\reveal\testing.pyi
   Compressing: F:\Kimi Work\视频工具箱\tools\python\Lib\site-packages\numpy\typing\tests\data\reveal\twodim_base.pyi
   Compressing: F:\Kimi Work\视频工具箱\tools\python\Lib\site-packages\numpy\typing\tests\data\reveal\type_check.pyi
   Compressing: F:\Kimi Work\视频工具箱\tools\python\Lib\site-packages\numpy\typing\tests\data\reveal\ufunclike.pyi
   Compressing: F:\Kimi Work\视频工具箱\tools\python\Lib\site-packages\numpy\typing\tests\data\reveal\ufuncs.pyi
   Compressing: F:\Kimi Work\视频工具箱\tools\python\Lib\site-packages\numpy\typing\tests\data\reveal\ufunc_config.pyi
   Compressing: F:\Kimi Work\视频工具箱\tools\python\Lib\site-packages\numpy\typing\tests\data\reveal\warnings_and_errors.pyi
   Compressing: F:\Kimi Work\视频工具箱\tools\python\Lib\site-packages\numpy\_core\arrayprint.py
   Compressing: F:\Kimi Work\视频工具箱\tools\python\Lib\site-packages\numpy\_core\arrayprint.pyi
   Compressing: F:\Kimi Work\视频工具箱\tools\python\Lib\site-packages\numpy\_core\cversions.py
   Compressing: F:\Kimi Work\视频工具箱\tools\python\Lib\site-packages\numpy\_core\defchararray.py
   Compressing: F:\Kimi Work\视频工具箱\tools\python\Lib\site-packages\numpy\_core\defchararray.pyi
   Compressing: F:\Kimi Work\视频工具箱\tools\python\Lib\site-packages\numpy\_core\einsumfunc.py
   Compressing: F:\Kimi Work\视频工具箱\tools\python\Lib\site-packages\numpy\_core\einsumfunc.pyi
   Compressing: F:\Kimi Work\视频工具箱\tools\python\Lib\site-packages\numpy\_core\fromnumeric.py
   Compressing: F:\Kimi Work\视频工具箱\tools\python\Lib\site-packages\numpy\_core\fromnumeric.pyi
   Compressing: F:\Kimi Work\视频工具箱\tools\python\Lib\site-packages\numpy\_core\function_base.py
   Compressing: F:\Kimi Work\视频工具箱\tools\python\Lib\site-packages\numpy\_core\function_base.pyi
   Compressing: F:\Kimi Work\视频工具箱\tools\python\Lib\site-packages\numpy\_core\getlimits.py
   Compressing: F:\Kimi Work\视频工具箱\tools\python\Lib\site-packages\numpy\_core\getlimits.pyi
   Compressing: F:\Kimi Work\视频工具箱\tools\python\Lib\site-packages\numpy\_core\memmap.py
   Compressing: F:\Kimi Work\视频工具箱\tools\python\Lib\site-packages\numpy\_core\memmap.pyi
   Compressing: F:\Kimi Work\视频工具箱\tools\python\Lib\site-packages\numpy\_core\multiarray.py
   Compressing: F:\Kimi Work\视频工具箱\tools\python\Lib\site-packages\numpy\_core\multiarray.pyi
   Compressing: F:\Kimi Work\视频工具箱\tools\python\Lib\site-packages\numpy\_core\numeric.py
   Compressing: F:\Kimi Work\视频工具箱\tools\python\Lib\site-packages\numpy\_core\numeric.pyi
   Compressing: F:\Kimi Work\视频工具箱\tools\python\Lib\site-packages\numpy\_core\numerictypes.py
   Compressing: F:\Kimi Work\视频工具箱\tools\python\Lib\site-packages\numpy\_core\numerictypes.pyi
   Compressing: F:\Kimi Work\视频工具箱\tools\python\Lib\site-packages\numpy\_core\overrides.py
   Compressing: F:\Kimi Work\视频工具箱\tools\python\Lib\site-packages\numpy\_core\overrides.pyi
   Compressing: F:\Kimi Work\视频工具箱\tools\python\Lib\site-packages\numpy\_core\printoptions.py
   Compressing: F:\Kimi Work\视频工具箱\tools\python\Lib\site-packages\numpy\_core\printoptions.pyi
   Compressing: F:\Kimi Work\视频工具箱\tools\python\Lib\site-packages\numpy\_core\records.py
   Compressing: F:\Kimi Work\视频工具箱\tools\python\Lib\site-packages\numpy\_core\records.pyi
   Compressing: F:\Kimi Work\视频工具箱\tools\python\Lib\site-packages\numpy\_core\shape_base.py
   Compressing: F:\Kimi Work\视频工具箱\tools\python\Lib\site-packages\numpy\_core\shape_base.pyi
   Compressing: F:\Kimi Work\视频工具箱\tools\python\Lib\site-packages\numpy\_core\strings.py
   Compressing: F:\Kimi Work\视频工具箱\tools\python\Lib\site-packages\numpy\_core\strings.pyi
   Compressing: F:\Kimi Work\视频工具箱\tools\python\Lib\site-packages\numpy\_core\umath.py
   Compressing: F:\Kimi Work\视频工具箱\tools\python\Lib\site-packages\numpy\_core\umath.pyi
   Compressing: F:\Kimi Work\视频工具箱\tools\python\Lib\site-packages\numpy\_core\_add_newdocs.py
   Compressing: F:\Kimi Work\视频工具箱\tools\python\Lib\site-packages\numpy\_core\_add_newdocs.pyi
   Compressing: F:\Kimi Work\视频工具箱\tools\python\Lib\site-packages\numpy\_core\_add_newdocs_scalars.py
   Compressing: F:\Kimi Work\视频工具箱\tools\python\Lib\site-packages\numpy\_core\_add_newdocs_scalars.pyi
   Compressing: F:\Kimi Work\视频工具箱\tools\python\Lib\site-packages\numpy\_core\_asarray.py
   Compressing: F:\Kimi Work\视频工具箱\tools\python\Lib\site-packages\numpy\_core\_asarray.pyi
   Compressing: F:\Kimi Work\视频工具箱\tools\python\Lib\site-packages\numpy\_core\_dtype.py
   Compressing: F:\Kimi Work\视频工具箱\tools\python\Lib\site-packages\numpy\_core\_dtype.pyi
   Compressing: F:\Kimi Work\视频工具箱\tools\python\Lib\site-packages\numpy\_core\_dtype_ctypes.py
   Compressing: F:\Kimi Work\视频工具箱\tools\python\Lib\site-packages\numpy\_core\_dtype_ctypes.pyi
   Compressing: F:\Kimi Work\视频工具箱\tools\python\Lib\site-packages\numpy\_core\_exceptions.py
   Compressing: F:\Kimi Work\视频工具箱\tools\python\Lib\site-packages\numpy\_core\_exceptions.pyi
   Compressing: F:\Kimi Work\视频工具箱\tools\python\Lib\site-packages\numpy\_core\_internal.py
   Compressing: F:\Kimi Work\视频工具箱\tools\python\Lib\site-packages\numpy\_core\_internal.pyi
   Compressing: F:\Kimi Work\视频工具箱\tools\python\Lib\site-packages\numpy\_core\_methods.py
   Compressing: F:\Kimi Work\视频工具箱\tools\python\Lib\site-packages\numpy\_core\_methods.pyi
   Compressing: F:\Kimi Work\视频工具箱\tools\python\Lib\site-packages\numpy\_core\_multiarray_tests.cp312-win_amd64.lib
   Compressing: F:\Kimi Work\视频工具箱\tools\python\Lib\site-packages\numpy\_core\_multiarray_tests.cp312-win_amd64.pyd
   Compressing: F:\Kimi Work\视频工具箱\tools\python\Lib\site-packages\numpy\_core\_multiarray_umath.cp312-win_amd64.lib
   Compressing: F:\Kimi Work\视频工具箱\tools\python\Lib\site-packages\numpy\_core\_multiarray_umath.cp312-win_amd64.pyd
   Compressing: F:\Kimi Work\视频工具箱\tools\python\Lib\site-packages\numpy\_core\_operand_flag_tests.cp312-win_amd64.lib
   Compressing: F:\Kimi Work\视频工具箱\tools\python\Lib\site-packages\numpy\_core\_operand_flag_tests.cp312-win_amd64.pyd
   Compressing: F:\Kimi Work\视频工具箱\tools\python\Lib\site-packages\numpy\_core\_rational_tests.cp312-win_amd64.lib
   Compressing: F:\Kimi Work\视频工具箱\tools\python\Lib\site-packages\numpy\_core\_rational_tests.cp312-win_amd64.pyd
   Compressing: F:\Kimi Work\视频工具箱\tools\python\Lib\site-packages\numpy\_core\_simd.cp312-win_amd64.lib
   Compressing: F:\Kimi Work\视频工具箱\tools\python\Lib\site-packages\numpy\_core\_simd.cp312-win_amd64.pyd
   Compressing: F:\Kimi Work\视频工具箱\tools\python\Lib\site-packages\numpy\_core\_simd.pyi
   Compressing: F:\Kimi Work\视频工具箱\tools\python\Lib\site-packages\numpy\_core\_string_helpers.py
   Compressing: F:\Kimi Work\视频工具箱\tools\python\Lib\site-packages\numpy\_core\_string_helpers.pyi
   Compressing: F:\Kimi Work\视频工具箱\tools\python\Lib\site-packages\numpy\_core\_struct_ufunc_tests.cp312-win_amd64.lib
   Compressing: F:\Kimi Work\视频工具箱\tools\python\Lib\site-packages\numpy\_core\_struct_ufunc_tests.cp312-win_amd64.pyd
   Compressing: F:\Kimi Work\视频工具箱\tools\python\Lib\site-packages\numpy\_core\_type_aliases.py
   Compressing: F:\Kimi Work\视频工具箱\tools\python\Lib\site-packages\numpy\_core\_type_aliases.pyi
   Compressing: F:\Kimi Work\视频工具箱\tools\python\Lib\site-packages\numpy\_core\_ufunc_config.py
   Compressing: F:\Kimi Work\视频工具箱\tools\python\Lib\site-packages\numpy\_core\_ufunc_config.pyi
   Compressing: F:\Kimi Work\视频工具箱\tools\python\Lib\site-packages\numpy\_core\_umath_tests.cp312-win_amd64.lib
   Compressing: F:\Kimi Work\视频工具箱\tools\python\Lib\site-packages\numpy\_core\_umath_tests.cp312-win_amd64.pyd
   Compressing: F:\Kimi Work\视频工具箱\tools\python\Lib\site-packages\numpy\_core\_umath_tests.pyi
   Compressing: F:\Kimi Work\视频工具箱\tools\python\Lib\site-packages\numpy\_core\__init__.py
   Compressing: F:\Kimi Work\视频工具箱\tools\python\Lib\site-packages\numpy\_core\__init__.pyi
   Compressing: F:\Kimi Work\视频工具箱\tools\python\Lib\site-packages\numpy\_core\include\numpy\arrayobject.h
   Compressing: F:\Kimi Work\视频工具箱\tools\python\Lib\site-packages\numpy\_core\include\numpy\arrayscalars.h
   Compressing: F:\Kimi Work\视频工具箱\tools\python\Lib\site-packages\numpy\_core\include\numpy\dtype_api.h
   Compressing: F:\Kimi Work\视频工具箱\tools\python\Lib\site-packages\numpy\_core\include\numpy\halffloat.h
   Compressing: F:\Kimi Work\视频工具箱\tools\python\Lib\site-packages\numpy\_core\include\numpy\ndarrayobject.h
   Compressing: F:\Kimi Work\视频工具箱\tools\python\Lib\site-packages\numpy\_core\include\numpy\ndarraytypes.h
   Compressing: F:\Kimi Work\视频工具箱\tools\python\Lib\site-packages\numpy\_core\include\numpy\npy_2_compat.h
   Compressing: F:\Kimi Work\视频工具箱\tools\python\Lib\site-packages\numpy\_core\include\numpy\npy_2_complexcompat.h
   Compressing: F:\Kimi Work\视频工具箱\tools\python\Lib\site-packages\numpy\_core\include\numpy\npy_3kcompat.h
   Compressing: F:\Kimi Work\视频工具箱\tools\python\Lib\site-packages\numpy\_core\include\numpy\npy_common.h
   Compressing: F:\Kimi Work\视频工具箱\tools\python\Lib\site-packages\numpy\_core\include\numpy\npy_cpu.h
   Compressing: F:\Kimi Work\视频工具箱\tools\python\Lib\site-packages\numpy\_core\include\numpy\npy_endian.h
   Compressing: F:\Kimi Work\视频工具箱\tools\python\Lib\site-packages\numpy\_core\include\numpy\npy_math.h
   Compressing: F:\Kimi Work\视频工具箱\tools\python\Lib\site-packages\numpy\_core\include\numpy\npy_no_deprecated_api.h
   Compressing: F:\Kimi Work\视频工具箱\tools\python\Lib\site-packages\numpy\_core\include\numpy\npy_os.h
   Compressing: F:\Kimi Work\视频工具箱\tools\python\Lib\site-packages\numpy\_core\include\numpy\numpyconfig.h
   Compressing: F:\Kimi Work\视频工具箱\tools\python\Lib\site-packages\numpy\_core\include\numpy\ufuncobject.h
   Compressing: F:\Kimi Work\视频工具箱\tools\python\Lib\site-packages\numpy\_core\include\numpy\utils.h
   Compressing: F:\Kimi Work\视频工具箱\tools\python\Lib\site-packages\numpy\_core\include\numpy\_neighborhood_iterator_imp.h
   Compressing: F:\Kimi Work\视频工具箱\tools\python\Lib\site-packages\numpy\_core\include\numpy\_numpyconfig.h
   Compressing: F:\Kimi Work\视频工具箱\tools\python\Lib\site-packages\numpy\_core\include\numpy\_public_dtype_api_table.h
   Compressing: F:\Kimi Work\视频工具箱\tools\python\Lib\site-packages\numpy\_core\include\numpy\__multiarray_api.c
   Compressing: F:\Kimi Work\视频工具箱\tools\python\Lib\site-packages\numpy\_core\include\numpy\__multiarray_api.h
   Compressing: F:\Kimi Work\视频工具箱\tools\python\Lib\site-packages\numpy\_core\include\numpy\__ufunc_api.c
   Compressing: F:\Kimi Work\视频工具箱\tools\python\Lib\site-packages\numpy\_core\include\numpy\__ufunc_api.h
   Compressing: F:\Kimi Work\视频工具箱\tools\python\Lib\site-packages\numpy\_core\include\numpy\random\bitgen.h
   Compressing: F:\Kimi Work\视频工具箱\tools\python\Lib\site-packages\numpy\_core\include\numpy\random\distributions.h
   Compressing: F:\Kimi Work\视频工具箱\tools\python\Lib\site-packages\numpy\_core\include\numpy\random\libdivide.h
   Compressing: F:\Kimi Work\视频工具箱\tools\python\Lib\site-packages\numpy\_core\include\numpy\random\LICENSE.txt
   Compressing: F:\Kimi Work\视频工具箱\tools\python\Lib\site-packages\numpy\_core\lib\npymath.lib
   Compressing: F:\Kimi Work\视频工具箱\tools\python\Lib\site-packages\numpy\_core\lib\pkgconfig\numpy.pc
   Compressing: F:\Kimi Work\视频工具箱\tools\python\Lib\site-packages\numpy\_core\tests\test_abc.py
   Compressing: F:\Kimi Work\视频工具箱\tools\python\Lib\site-packages\numpy\_core\tests\test_api.py
   Compressing: F:\Kimi Work\视频工具箱\tools\python\Lib\site-packages\numpy\_core\tests\test_argparse.py
   Compressing: F:\Kimi Work\视频工具箱\tools\python\Lib\site-packages\numpy\_core\tests\test_arraymethod.py
   Compressing: F:\Kimi Work\视频工具箱\tools\python\Lib\site-packages\numpy\_core\tests\test_arrayobject.py
   Compressing: F:\Kimi Work\视频工具箱\tools\python\Lib\site-packages\numpy\_core\tests\test_arrayprint.py
   Compressing: F:\Kimi Work\视频工具箱\tools\python\Lib\site-packages\numpy\_core\tests\test_array_api_info.py
   Compressing: F:\Kimi Work\视频工具箱\tools\python\Lib\site-packages\numpy\_core\tests\test_array_coercion.py
   Compressing: F:\Kimi Work\视频工具箱\tools\python\Lib\site-packages\numpy\_core\tests\test_array_interface.py
   Compressing: F:\Kimi Work\视频工具箱\tools\python\Lib\site-packages\numpy\_core\tests\test_casting_floatingpoint_errors.py
   Compressing: F:\Kimi Work\视频工具箱\tools\python\Lib\site-packages\numpy\_core\tests\test_casting_unittests.py
   Compressing: F:\Kimi Work\视频工具箱\tools\python\Lib\site-packages\numpy\_core\tests\test_conversion_utils.py
   Compressing: F:\Kimi Work\视频工具箱\tools\python\Lib\site-packages\numpy\_core\tests\test_cpu_dispatcher.py
   Compressing: F:\Kimi Work\视频工具箱\tools\python\Lib\site-packages\numpy\_core\tests\test_cpu_features.py
   Compressing: F:\Kimi Work\视频工具箱\tools\python\Lib\site-packages\numpy\_core\tests\test_custom_dtypes.py
   Compressing: F:\Kimi Work\视频工具箱\tools\python\Lib\site-packages\numpy\_core\tests\test_cython.py
   Compressing: F:\Kimi Work\视频工具箱\tools\python\Lib\site-packages\numpy\_core\tests\test_datetime.py
   Compressing: F:\Kimi Work\视频工具箱\tools\python\Lib\site-packages\numpy\_core\tests\test_defchararray.py
   Compressing: F:\Kimi Work\视频工具箱\tools\python\Lib\site-packages\numpy\_core\tests\test_deprecations.py
   Compressing: F:\Kimi Work\视频工具箱\tools\python\Lib\site-packages\numpy\_core\tests\test_dlpack.py
   Compressing: F:\Kimi Work\视频工具箱\tools\python\Lib\site-packages\numpy\_core\tests\test_dtype.py
   Compressing: F:\Kimi Work\视频工具箱\tools\python\Lib\site-packages\numpy\_core\tests\test_einsum.py
   Compressing: F:\Kimi Work\视频工具箱\tools\python\Lib\site-packages\numpy\_core\tests\test_errstate.py
   Compressing: F:\Kimi Work\视频工具箱\tools\python\Lib\site-packages\numpy\_core\tests\test_extint128.py
   Compressing: F:\Kimi Work\视频工具箱\tools\python\Lib\site-packages\numpy\_core\tests\test_finfo.py
   Compressing: F:\Kimi Work\视频工具箱\tools\python\Lib\site-packages\numpy\_core\tests\test_function_base.py
   Compressing: F:\Kimi Work\视频工具箱\tools\python\Lib\site-packages\numpy\_core\tests\test_getlimits.py
   Compressing: F:\Kimi Work\视频工具箱\tools\python\Lib\site-packages\numpy\_core\tests\test_half.py
   Compressing: F:\Kimi Work\视频工具箱\tools\python\Lib\site-packages\numpy\_core\tests\test_hashtable.py
   Compressing: F:\Kimi Work\视频工具箱\tools\python\Lib\site-packages\numpy\_core\tests\test_indexerrors.py
   Compressing: F:\Kimi Work\视频工具箱\tools\python\Lib\site-packages\numpy\_core\tests\test_indexing.py
   Compressing: F:\Kimi Work\视频工具箱\tools\python\Lib\site-packages\numpy\_core\tests\test_item_selection.py
   Compressing: F:\Kimi Work\视频工具箱\tools\python\Lib\site-packages\numpy\_core\tests\test_limited_api.py
   Compressing: F:\Kimi Work\视频工具箱\tools\python\Lib\site-packages\numpy\_core\tests\test_longdouble.py
   Compressing: F:\Kimi Work\视频工具箱\tools\python\Lib\site-packages\numpy\_core\tests\test_memmap.py
   Compressing: F:\Kimi Work\视频工具箱\tools\python\Lib\site-packages\numpy\_core\tests\test_mem_overlap.py
   Compressing: F:\Kimi Work\视频工具箱\tools\python\Lib\site-packages\numpy\_core\tests\test_mem_policy.py
   Compressing: F:\Kimi Work\视频工具箱\tools\python\Lib\site-packages\numpy\_core\tests\test_multiarray.py
   Compressing: F:\Kimi Work\视频工具箱\tools\python\Lib\site-packages\numpy\_core\tests\test_multiprocessing.py
   Compressing: F:\Kimi Work\视频工具箱\tools\python\Lib\site-packages\numpy\_core\tests\test_multithreading.py
   Compressing: F:\Kimi Work\视频工具箱\tools\python\Lib\site-packages\numpy\_core\tests\test_nditer.py
   Compressing: F:\Kimi Work\视频工具箱\tools\python\Lib\site-packages\numpy\_core\tests\test_nep50_promotions.py
   Compressing: F:\Kimi Work\视频工具箱\tools\python\Lib\site-packages\numpy\_core\tests\test_numeric.py
   Compressing: F:\Kimi Work\视频工具箱\tools\python\Lib\site-packages\numpy\_core\tests\test_numerictypes.py
   Compressing: F:\Kimi Work\视频工具箱\tools\python\Lib\site-packages\numpy\_core\tests\test_overrides.py
   Compressing: F:\Kimi Work\视频工具箱\tools\python\Lib\site-packages\numpy\_core\tests\test_print.py
   Compressing: F:\Kimi Work\视频工具箱\tools\python\Lib\site-packages\numpy\_core\tests\test_protocols.py
   Compressing: F:\Kimi Work\视频工具箱\tools\python\Lib\site-packages\numpy\_core\tests\test_records.py
   Compressing: F:\Kimi Work\视频工具箱\tools\python\Lib\site-packages\numpy\_core\tests\test_regression.py
   Compressing: F:\Kimi Work\视频工具箱\tools\python\Lib\site-packages\numpy\_core\tests\test_scalarbuffer.py
   Compressing: F:\Kimi Work\视频工具箱\tools\python\Lib\site-packages\numpy\_core\tests\test_scalarinherit.py
   Compressing: F:\Kimi Work\视频工具箱\tools\python\Lib\site-packages\numpy\_core\tests\test_scalarmath.py
   Compressing: F:\Kimi Work\视频工具箱\tools\python\Lib\site-packages\numpy\_core\tests\test_scalarprint.py
   Compressing: F:\Kimi Work\视频工具箱\tools\python\Lib\site-packages\numpy\_core\tests\test_scalar_ctors.py
   Compressing: F:\Kimi Work\视频工具箱\tools\python\Lib\site-packages\numpy\_core\tests\test_scalar_methods.py
   Compressing: F:\Kimi Work\视频工具箱\tools\python\Lib\site-packages\numpy\_core\tests\test_shape_base.py
   Compressing: F:\Kimi Work\视频工具箱\tools\python\Lib\site-packages\numpy\_core\tests\test_simd.py
   Compressing: F:\Kimi Work\视频工具箱\tools\python\Lib\site-packages\numpy\_core\tests\test_simd_module.py
   Compressing: F:\Kimi Work\视频工具箱\tools\python\Lib\site-packages\numpy\_core\tests\test_stringdtype.py
   Compressing: F:\Kimi Work\视频工具箱\tools\python\Lib\site-packages\numpy\_core\tests\test_strings.py
   Compressing: F:\Kimi Work\视频工具箱\tools\python\Lib\site-packages\numpy\_core\tests\test_ufunc.py
   Compressing: F:\Kimi Work\视频工具箱\tools\python\Lib\site-packages\numpy\_core\tests\test_umath.py
   Compressing: F:\Kimi Work\视频工具箱\tools\python\Lib\site-packages\numpy\_core\tests\test_umath_accuracy.py
   Compressing: F:\Kimi Work\视频工具箱\tools\python\Lib\site-packages\numpy\_core\tests\test_umath_complex.py
   Compressing: F:\Kimi Work\视频工具箱\tools\python\Lib\site-packages\numpy\_core\tests\test_unicode.py
   Compressing: F:\Kimi Work\视频工具箱\tools\python\Lib\site-packages\numpy\_core\tests\test__exceptions.py
   Compressing: F:\Kimi Work\视频工具箱\tools\python\Lib\site-packages\numpy\_core\tests\_locales.py
   Compressing: F:\Kimi Work\视频工具箱\tools\python\Lib\site-packages\numpy\_core\tests\_natype.py
   Compressing: F:\Kimi Work\视频工具箱\tools\python\Lib\site-packages\numpy\_core\tests\data\astype_copy.pkl
   Compressing: F:\Kimi Work\视频工具箱\tools\python\Lib\site-packages\numpy\_core\tests\data\generate_umath_validation_data.cpp
   Compressing: F:\Kimi Work\视频工具箱\tools\python\Lib\site-packages\numpy\_core\tests\data\recarray_from_file.fits
   Compressing: F:\Kimi Work\视频工具箱\tools\python\Lib\site-packages\numpy\_core\tests\data\umath-validation-set-arccos.csv
   Compressing: F:\Kimi Work\视频工具箱\tools\python\Lib\site-packages\numpy\_core\tests\data\umath-validation-set-arccosh.csv
   Compressing: F:\Kimi Work\视频工具箱\tools\python\Lib\site-packages\numpy\_core\tests\data\umath-validation-set-arcsin.csv
   Compressing: F:\Kimi Work\视频工具箱\tools\python\Lib\site-packages\numpy\_core\tests\data\umath-validation-set-arcsinh.csv
   Compressing: F:\Kimi Work\视频工具箱\tools\python\Lib\site-packages\numpy\_core\tests\data\umath-validation-set-arctan.csv
   Compressing: F:\Kimi Work\视频工具箱\tools\python\Lib\site-packages\numpy\_core\tests\data\umath-validation-set-arctanh.csv
   Compressing: F:\Kimi Work\视频工具箱\tools\python\Lib\site-packages\numpy\_core\tests\data\umath-validation-set-cbrt.csv
   Compressing: F:\Kimi Work\视频工具箱\tools\python\Lib\site-packages\numpy\_core\tests\data\umath-validation-set-cos.csv
   Compressing: F:\Kimi Work\视频工具箱\tools\python\Lib\site-packages\numpy\_core\tests\data\umath-validation-set-cosh.csv
   Compressing: F:\Kimi Work\视频工具箱\tools\python\Lib\site-packages\numpy\_core\tests\data\umath-validation-set-exp.csv
   Compressing: F:\Kimi Work\视频工具箱\tools\python\Lib\site-packages\numpy\_core\tests\data\umath-validation-set-exp2.csv
   Compressing: F:\Kimi Work\视频工具箱\tools\python\Lib\site-packages\numpy\_core\tests\data\umath-validation-set-expm1.csv
   Compressing: F:\Kimi Work\视频工具箱\tools\python\Lib\site-packages\numpy\_core\tests\data\umath-validation-set-log.csv
   Compressing: F:\Kimi Work\视频工具箱\tools\python\Lib\site-packages\numpy\_core\tests\data\umath-validation-set-log10.csv
   Compressing: F:\Kimi Work\视频工具箱\tools\python\Lib\site-packages\numpy\_core\tests\data\umath-validation-set-log1p.csv
   Compressing: F:\Kimi Work\视频工具箱\tools\python\Lib\site-packages\numpy\_core\tests\data\umath-validation-set-log2.csv
   Compressing: F:\Kimi Work\视频工具箱\tools\python\Lib\site-packages\numpy\_core\tests\data\umath-validation-set-README.txt
   Compressing: F:\Kimi Work\视频工具箱\tools\python\Lib\site-packages\numpy\_core\tests\data\umath-validation-set-sin.csv
   Compressing: F:\Kimi Work\视频工具箱\tools\python\Lib\site-packages\numpy\_core\tests\data\umath-validation-set-sinh.csv
   Compressing: F:\Kimi Work\视频工具箱\tools\python\Lib\site-packages\numpy\_core\tests\data\umath-validation-set-tan.csv
   Compressing: F:\Kimi Work\视频工具箱\tools\python\Lib\site-packages\numpy\_core\tests\data\umath-validation-set-tanh.csv
   Compressing: F:\Kimi Work\视频工具箱\tools\python\Lib\site-packages\numpy\_core\tests\examples\cython\checks.pyx
   Compressing: F:\Kimi Work\视频工具箱\tools\python\Lib\site-packages\numpy\_core\tests\examples\cython\meson.build
   Compressing: F:\Kimi Work\视频工具箱\tools\python\Lib\site-packages\numpy\_core\tests\examples\cython\setup.py
   Compressing: F:\Kimi Work\视频工具箱\tools\python\Lib\site-packages\numpy\_core\tests\examples\limited_api\limited_api.c
   Compressing: F:\Kimi Work\视频工具箱\tools\python\Lib\site-packages\numpy\_core\tests\examples\limited_api\limited_api_cython.pyx
   Compressing: F:\Kimi Work\视频工具箱\tools\python\Lib\site-packages\numpy\_core\tests\examples\limited_api\meson.build
   Compressing: F:\Kimi Work\视频工具箱\tools\python\Lib\site-packages\numpy\_core\tests\examples\limited_api\setup.py
   Compressing: F:\Kimi Work\视频工具箱\tools\python\Lib\site-packages\numpy\_pyinstaller\hook-numpy.py
   Compressing: F:\Kimi Work\视频工具箱\tools\python\Lib\site-packages\numpy\_pyinstaller\hook-numpy.pyi
   Compressing: F:\Kimi Work\视频工具箱\tools\python\Lib\site-packages\numpy\_pyinstaller\__init__.py
   Compressing: F:\Kimi Work\视频工具箱\tools\python\Lib\site-packages\numpy\_pyinstaller\__init__.pyi
   Compressing: F:\Kimi Work\视频工具箱\tools\python\Lib\site-packages\numpy\_pyinstaller\tests\pyinstaller-smoke.py
   Compressing: F:\Kimi Work\视频工具箱\tools\python\Lib\site-packages\numpy\_pyinstaller\tests\test_pyinstaller.py
   Compressing: F:\Kimi Work\视频工具箱\tools\python\Lib\site-packages\numpy\_pyinstaller\tests\__init__.py
   Compressing: F:\Kimi Work\视频工具箱\tools\python\Lib\site-packages\numpy\_typing\_add_docstring.py
   Compressing: F:\Kimi Work\视频工具箱\tools\python\Lib\site-packages\numpy\_typing\_array_like.py
   Compressing: F:\Kimi Work\视频工具箱\tools\python\Lib\site-packages\numpy\_typing\_char_codes.py
   Compressing: F:\Kimi Work\视频工具箱\tools\python\Lib\site-packages\numpy\_typing\_dtype_like.py
   Compressing: F:\Kimi Work\视频工具箱\tools\python\Lib\site-packages\numpy\_typing\_extended_precision.py
   Compressing: F:\Kimi Work\视频工具箱\tools\python\Lib\site-packages\numpy\_typing\_nbit.py
   Compressing: F:\Kimi Work\视频工具箱\tools\python\Lib\site-packages\numpy\_typing\_nbit_base.py
   Compressing: F:\Kimi Work\视频工具箱\tools\python\Lib\site-packages\numpy\_typing\_nbit_base.pyi
   Compressing: F:\Kimi Work\视频工具箱\tools\python\Lib\site-packages\numpy\_typing\_nested_sequence.py
   Compressing: F:\Kimi Work\视频工具箱\tools\python\Lib\site-packages\numpy\_typing\_scalars.py
   Compressing: F:\Kimi Work\视频工具箱\tools\python\Lib\site-packages\numpy\_typing\_shape.py
   Compressing: F:\Kimi Work\视频工具箱\tools\python\Lib\site-packages\numpy\_typing\_ufunc.py
   Compressing: F:\Kimi Work\视频工具箱\tools\python\Lib\site-packages\numpy\_typing\_ufunc.pyi
   Compressing: F:\Kimi Work\视频工具箱\tools\python\Lib\site-packages\numpy\_typing\__init__.py
   Compressing: F:\Kimi Work\视频工具箱\tools\python\Lib\site-packages\numpy\_utils\_conversions.py
   Compressing: F:\Kimi Work\视频工具箱\tools\python\Lib\site-packages\numpy\_utils\_conversions.pyi
   Compressing: F:\Kimi Work\视频工具箱\tools\python\Lib\site-packages\numpy\_utils\_inspect.py
   Compressing: F:\Kimi Work\视频工具箱\tools\python\Lib\site-packages\numpy\_utils\_inspect.pyi
   Compressing: F:\Kimi Work\视频工具箱\tools\python\Lib\site-packages\numpy\_utils\_pep440.py
   Compressing: F:\Kimi Work\视频工具箱\tools\python\Lib\site-packages\numpy\_utils\_pep440.pyi
   Compressing: F:\Kimi Work\视频工具箱\tools\python\Lib\site-packages\numpy\_utils\__init__.py
   Compressing: F:\Kimi Work\视频工具箱\tools\python\Lib\site-packages\numpy\_utils\__init__.pyi
   Compressing: F:\Kimi Work\视频工具箱\tools\python\Lib\site-packages\numpy-2.5.2.dist-info\DELVEWHEEL
   Compressing: F:\Kimi Work\视频工具箱\tools\python\Lib\site-packages\numpy-2.5.2.dist-info\entry_points.txt
   Compressing: F:\Kimi Work\视频工具箱\tools\python\Lib\site-packages\numpy-2.5.2.dist-info\INSTALLER
   Compressing: F:\Kimi Work\视频工具箱\tools\python\Lib\site-packages\numpy-2.5.2.dist-info\METADATA
   Compressing: F:\Kimi Work\视频工具箱\tools\python\Lib\site-packages\numpy-2.5.2.dist-info\RECORD
   Compressing: F:\Kimi Work\视频工具箱\tools\python\Lib\site-packages\numpy-2.5.2.dist-info\WHEEL
   Compressing: F:\Kimi Work\视频工具箱\tools\python\Lib\site-packages\numpy-2.5.2.dist-info\licenses\LICENSE.txt
   Compressing: F:\Kimi Work\视频工具箱\tools\python\Lib\site-packages\numpy-2.5.2.dist-info\licenses\numpy\fft\pocketfft\LICENSE.md
   Compressing: F:\Kimi Work\视频工具箱\tools\python\Lib\site-packages\numpy-2.5.2.dist-info\licenses\numpy\linalg\lapack_lite\LICENSE.txt
   Compressing: F:\Kimi Work\视频工具箱\tools\python\Lib\site-packages\numpy-2.5.2.dist-info\licenses\numpy\ma\LICENSE
   Compressing: F:\Kimi Work\视频工具箱\tools\python\Lib\site-packages\numpy-2.5.2.dist-info\licenses\numpy\random\LICENSE.md
   Compressing: F:\Kimi Work\视频工具箱\tools\python\Lib\site-packages\numpy-2.5.2.dist-info\licenses\numpy\random\src\distributions\LICENSE.md
   Compressing: F:\Kimi Work\视频工具箱\tools\python\Lib\site-packages\numpy-2.5.2.dist-info\licenses\numpy\random\src\mt19937\LICENSE.md
   Compressing: F:\Kimi Work\视频工具箱\tools\python\Lib\site-packages\numpy-2.5.2.dist-info\licenses\numpy\random\src\pcg64\LICENSE.md
   Compressing: F:\Kimi Work\视频工具箱\tools\python\Lib\site-packages\numpy-2.5.2.dist-info\licenses\numpy\random\src\philox\LICENSE.md
   Compressing: F:\Kimi Work\视频工具箱\tools\python\Lib\site-packages\numpy-2.5.2.dist-info\licenses\numpy\random\src\sfc64\LICENSE.md
   Compressing: F:\Kimi Work\视频工具箱\tools\python\Lib\site-packages\numpy-2.5.2.dist-info\licenses\numpy\random\src\splitmix64\LICENSE.md
   Compressing: F:\Kimi Work\视频工具箱\tools\python\Lib\site-packages\numpy-2.5.2.dist-info\licenses\numpy\_core\include\numpy\libdivide\LICENSE.txt
   Compressing: F:\Kimi Work\视频工具箱\tools\python\Lib\site-packages\numpy-2.5.2.dist-info\licenses\numpy\_core\src\common\pythoncapi-compat\COPYING
   Compressing: F:\Kimi Work\视频工具箱\tools\python\Lib\site-packages\numpy-2.5.2.dist-info\licenses\numpy\_core\src\highway\LICENSE
   Compressing: F:\Kimi Work\视频工具箱\tools\python\Lib\site-packages\numpy-2.5.2.dist-info\licenses\numpy\_core\src\multiarray\dragon4_LICENSE.txt
   Compressing: F:\Kimi Work\视频工具箱\tools\python\Lib\site-packages\numpy-2.5.2.dist-info\licenses\numpy\_core\src\npysort\x86-simd-sort\LICENSE.md
   Compressing: F:\Kimi Work\视频工具箱\tools\python\Lib\site-packages\numpy-2.5.2.dist-info\licenses\numpy\_core\src\umath\svml\LICENSE
   Compressing: F:\Kimi Work\视频工具箱\tools\python\Lib\site-packages\numpy.libs\libscipy_openblas64_-327b2e0bcffce2882e0dc04cdeb4eaa6.dll
   Compressing: F:\Kimi Work\视频工具箱\tools\python\Lib\site-packages\numpy.libs\msvcp140-a4c2229bdc2a2a630acdc095b4d86008.dll
   Compressing: F:\Kimi Work\视频工具箱\tools\python\Lib\site-packages\onnxruntime\LICENSE
   Compressing: F:\Kimi Work\视频工具箱\tools\python\Lib\site-packages\onnxruntime\Privacy.md
   Compressing: F:\Kimi Work\视频工具箱\tools\python\Lib\site-packages\onnxruntime\ThirdPartyNotices.txt
   Compressing: F:\Kimi Work\视频工具箱\tools\python\Lib\site-packages\onnxruntime\__init__.py
   Compressing: F:\Kimi Work\视频工具箱\tools\python\Lib\site-packages\onnxruntime\backend\backend.py
   Compressing: F:\Kimi Work\视频工具箱\tools\python\Lib\site-packages\onnxruntime\backend\backend_rep.py
   Compressing: F:\Kimi Work\视频工具箱\tools\python\Lib\site-packages\onnxruntime\backend\__init__.py
   Compressing: F:\Kimi Work\视频工具箱\tools\python\Lib\site-packages\onnxruntime\capi\build_and_package_info.py
   Compressing: F:\Kimi Work\视频工具箱\tools\python\Lib\site-packages\onnxruntime\capi\convert_npz_to_onnx_adapter.py
   Compressing: F:\Kimi Work\视频工具箱\tools\python\Lib\site-packages\onnxruntime\capi\onnxruntime.dll
   Compressing: F:\Kimi Work\视频工具箱\tools\python\Lib\site-packages\onnxruntime\capi\onnxruntime_collect_build_info.py
   Compressing: F:\Kimi Work\视频工具箱\tools\python\Lib\site-packages\onnxruntime\capi\onnxruntime_inference_collection.py
   Compressing: F:\Kimi Work\视频工具箱\tools\python\Lib\site-packages\onnxruntime\capi\onnxruntime_providers_shared.dll
   Compressing: F:\Kimi Work\视频工具箱\tools\python\Lib\site-packages\onnxruntime\capi\onnxruntime_pybind11_state.pyd
   Compressing: F:\Kimi Work\视频工具箱\tools\python\Lib\site-packages\onnxruntime\capi\onnxruntime_validation.py
   Compressing: F:\Kimi Work\视频工具箱\tools\python\Lib\site-packages\onnxruntime\capi\version_info.py
   Compressing: F:\Kimi Work\视频工具箱\tools\python\Lib\site-packages\onnxruntime\capi\_ld_preload.py
   Compressing: F:\Kimi Work\视频工具箱\tools\python\Lib\site-packages\onnxruntime\capi\_pybind_state.py
   Compressing: F:\Kimi Work\视频工具箱\tools\python\Lib\site-packages\onnxruntime\capi\__init__.py
   Compressing: F:\Kimi Work\视频工具箱\tools\python\Lib\site-packages\onnxruntime\datasets\logreg_iris.onnx
   Compressing: F:\Kimi Work\视频工具箱\tools\python\Lib\site-packages\onnxruntime\datasets\mul_1.onnx
   Compressing: F:\Kimi Work\视频工具箱\tools\python\Lib\site-packages\onnxruntime\datasets\sigmoid.onnx
   Compressing: F:\Kimi Work\视频工具箱\tools\python\Lib\site-packages\onnxruntime\datasets\__init__.py
   Compressing: F:\Kimi Work\视频工具箱\tools\python\Lib\site-packages\onnxruntime\quantization\base_quantizer.py
   Compressing: F:\Kimi Work\视频工具箱\tools\python\Lib\site-packages\onnxruntime\quantization\calibrate.py
   Compressing: F:\Kimi Work\视频工具箱\tools\python\Lib\site-packages\onnxruntime\quantization\cuda_quantizer.py
   Compressing: F:\Kimi Work\视频工具箱\tools\python\Lib\site-packages\onnxruntime\quantization\matmul_bnb4_quantizer.py
   Compressing: F:\Kimi Work\视频工具箱\tools\python\Lib\site-packages\onnxruntime\quantization\matmul_nbits_quantizer.py
   Compressing: F:\Kimi Work\视频工具箱\tools\python\Lib\site-packages\onnxruntime\quantization\onnx_model.py
   Compressing: F:\Kimi Work\视频工具箱\tools\python\Lib\site-packages\onnxruntime\quantization\onnx_quantizer.py
   Compressing: F:\Kimi Work\视频工具箱\tools\python\Lib\site-packages\onnxruntime\quantization\preprocess.py
   Compressing: F:\Kimi Work\视频工具箱\tools\python\Lib\site-packages\onnxruntime\quantization\qdq_loss_debug.py
   Compressing: F:\Kimi Work\视频工具箱\tools\python\Lib\site-packages\onnxruntime\quantization\qdq_quantizer.py
   Compressing: F:\Kimi Work\视频工具箱\tools\python\Lib\site-packages\onnxruntime\quantization\quantize.py
   Compressing: F:\Kimi Work\视频工具箱\tools\python\Lib\site-packages\onnxruntime\quantization\quant_utils.py
   Compressing: F:\Kimi Work\视频工具箱\tools\python\Lib\site-packages\onnxruntime\quantization\registry.py
   Compressing: F:\Kimi Work\视频工具箱\tools\python\Lib\site-packages\onnxruntime\quantization\shape_inference.py
   Compressing: F:\Kimi Work\视频工具箱\tools\python\Lib\site-packages\onnxruntime\quantization\static_quantize_runner.py
   Compressing: F:\Kimi Work\视频工具箱\tools\python\Lib\site-packages\onnxruntime\quantization\tensor_quant_overrides.py
   Compressing: F:\Kimi Work\视频工具箱\tools\python\Lib\site-packages\onnxruntime\quantization\__init__.py
   Compressing: F:\Kimi Work\视频工具箱\tools\python\Lib\site-packages\onnxruntime\quantization\CalTableFlatBuffers\KeyValue.py
   Compressing: F:\Kimi Work\视频工具箱\tools\python\Lib\site-packages\onnxruntime\quantization\CalTableFlatBuffers\TrtTable.py
   Compressing: F:\Kimi Work\视频工具箱\tools\python\Lib\site-packages\onnxruntime\quantization\CalTableFlatBuffers\__init__.py
   Compressing: F:\Kimi Work\视频工具箱\tools\python\Lib\site-packages\onnxruntime\quantization\execution_providers\qnn\fusion_lpnorm.py
   Compressing: F:\Kimi Work\视频工具箱\tools\python\Lib\site-packages\onnxruntime\quantization\execution_providers\qnn\fusion_spacetodepth.py
   Compressing: F:\Kimi Work\视频工具箱\tools\python\Lib\site-packages\onnxruntime\quantization\execution_providers\qnn\mixed_precision_overrides_utils.py
   Compressing: F:\Kimi Work\视频工具箱\tools\python\Lib\site-packages\onnxruntime\quantization\execution_providers\qnn\preprocess.py
   Compressing: F:\Kimi Work\视频工具箱\tools\python\Lib\site-packages\onnxruntime\quantization\execution_providers\qnn\quant_config.py
   Compressing: F:\Kimi Work\视频工具箱\tools\python\Lib\site-packages\onnxruntime\quantization\execution_providers\qnn\__init__.py
   Compressing: F:\Kimi Work\视频工具箱\tools\python\Lib\site-packages\onnxruntime\quantization\fusions\fusion.py
   Compressing: F:\Kimi Work\视频工具箱\tools\python\Lib\site-packages\onnxruntime\quantization\fusions\fusion_gelu.py
   Compressing: F:\Kimi Work\视频工具箱\tools\python\Lib\site-packages\onnxruntime\quantization\fusions\fusion_layernorm.py
   Compressing: F:\Kimi Work\视频工具箱\tools\python\Lib\site-packages\onnxruntime\quantization\fusions\replace_upsample_with_resize.py
   Compressing: F:\Kimi Work\视频工具箱\tools\python\Lib\site-packages\onnxruntime\quantization\fusions\__init__.py
   Compressing: F:\Kimi Work\视频工具箱\tools\python\Lib\site-packages\onnxruntime\quantization\neural_compressor\onnx_model.py
   Compressing: F:\Kimi Work\视频工具箱\tools\python\Lib\site-packages\onnxruntime\quantization\neural_compressor\util.py
   Compressing: F:\Kimi Work\视频工具箱\tools\python\Lib\site-packages\onnxruntime\quantization\neural_compressor\weight_only.py
   Compressing: F:\Kimi Work\视频工具箱\tools\python\Lib\site-packages\onnxruntime\quantization\neural_compressor\__init__.py
   Compressing: F:\Kimi Work\视频工具箱\tools\python\Lib\site-packages\onnxruntime\quantization\operators\activation.py
   Compressing: F:\Kimi Work\视频工具箱\tools\python\Lib\site-packages\onnxruntime\quantization\operators\argmax.py
   Compressing: F:\Kimi Work\视频工具箱\tools\python\Lib\site-packages\onnxruntime\quantization\operators\attention.py
   Compressing: F:\Kimi Work\视频工具箱\tools\python\Lib\site-packages\onnxruntime\quantization\operators\base_operator.py
   Compressing: F:\Kimi Work\视频工具箱\tools\python\Lib\site-packages\onnxruntime\quantization\operators\binary_op.py
   Compressing: F:\Kimi Work\视频工具箱\tools\python\Lib\site-packages\onnxruntime\quantization\operators\concat.py
   Compressing: F:\Kimi Work\视频工具箱\tools\python\Lib\site-packages\onnxruntime\quantization\operators\conv.py
   Compressing: F:\Kimi Work\视频工具箱\tools\python\Lib\site-packages\onnxruntime\quantization\operators\direct_q8.py
   Compressing: F:\Kimi Work\视频工具箱\tools\python\Lib\site-packages\onnxruntime\quantization\operators\embed_layernorm.py
   Compressing: F:\Kimi Work\视频工具箱\tools\python\Lib\site-packages\onnxruntime\quantization\operators\gather.py
   Compressing: F:\Kimi Work\视频工具箱\tools\python\Lib\site-packages\onnxruntime\quantization\operators\gavgpool.py
   Compressing: F:\Kimi Work\视频工具箱\tools\python\Lib\site-packages\onnxruntime\quantization\operators\gemm.py
   Compressing: F:\Kimi Work\视频工具箱\tools\python\Lib\site-packages\onnxruntime\quantization\operators\lstm.py
   Compressing: F:\Kimi Work\视频工具箱\tools\python\Lib\site-packages\onnxruntime\quantization\operators\matmul.py
   Compressing: F:\Kimi Work\视频工具箱\tools\python\Lib\site-packages\onnxruntime\quantization\operators\maxpool.py
   Compressing: F:\Kimi Work\视频工具箱\tools\python\Lib\site-packages\onnxruntime\quantization\operators\norm.py
   Compressing: F:\Kimi Work\视频工具箱\tools\python\Lib\site-packages\onnxruntime\quantization\operators\pad.py
   Compressing: F:\Kimi Work\视频工具箱\tools\python\Lib\site-packages\onnxruntime\quantization\operators\pooling.py
   Compressing: F:\Kimi Work\视频工具箱\tools\python\Lib\site-packages\onnxruntime\quantization\operators\qdq_base_operator.py
   Compressing: F:\Kimi Work\视频工具箱\tools\python\Lib\site-packages\onnxruntime\quantization\operators\resize.py
   Compressing: F:\Kimi Work\视频工具箱\tools\python\Lib\site-packages\onnxruntime\quantization\operators\softmax.py
   Compressing: F:\Kimi Work\视频工具箱\tools\python\Lib\site-packages\onnxruntime\quantization\operators\split.py
   Compressing: F:\Kimi Work\视频工具箱\tools\python\Lib\site-packages\onnxruntime\quantization\operators\where.py
   Compressing: F:\Kimi Work\视频工具箱\tools\python\Lib\site-packages\onnxruntime\quantization\operators\__init__.py
   Compressing: F:\Kimi Work\视频工具箱\tools\python\Lib\site-packages\onnxruntime\tools\check_onnx_model_mobile_usability.py
   Compressing: F:\Kimi Work\视频工具箱\tools\python\Lib\site-packages\onnxruntime\tools\convert_onnx_models_to_ort.py
   Compressing: F:\Kimi Work\视频工具箱\tools\python\Lib\site-packages\onnxruntime\tools\file_utils.py
   Compressing: F:\Kimi Work\视频工具箱\tools\python\Lib\site-packages\onnxruntime\tools\logger.py
   Compressing: F:\Kimi Work\视频工具箱\tools\python\Lib\site-packages\onnxruntime\tools\make_dynamic_shape_fixed.py
   Compressing: F:\Kimi Work\视频工具箱\tools\python\Lib\site-packages\onnxruntime\tools\offline_tuning.py
   Compressing: F:\Kimi Work\视频工具箱\tools\python\Lib\site-packages\onnxruntime\tools\onnxruntime_test.py
   Compressing: F:\Kimi Work\视频工具箱\tools\python\Lib\site-packages\onnxruntime\tools\onnx_model_utils.py
   Compressing: F:\Kimi Work\视频工具箱\tools\python\Lib\site-packages\onnxruntime\tools\onnx_randomizer.py
   Compressing: F:\Kimi Work\视频工具箱\tools\python\Lib\site-packages\onnxruntime\tools\optimize_onnx_model.py
   Compressing: F:\Kimi Work\视频工具箱\tools\python\Lib\site-packages\onnxruntime\tools\pytorch_export_contrib_ops.py
   Compressing: F:\Kimi Work\视频工具箱\tools\python\Lib\site-packages\onnxruntime\tools\pytorch_export_helpers.py
   Compressing: F:\Kimi Work\视频工具箱\tools\python\Lib\site-packages\onnxruntime\tools\reduced_build_config_parser.py
   Compressing: F:\Kimi Work\视频工具箱\tools\python\Lib\site-packages\onnxruntime\tools\remove_initializer_from_input.py
   Compressing: F:\Kimi Work\视频工具箱\tools\python\Lib\site-packages\onnxruntime\tools\symbolic_shape_infer.py
   Compressing: F:\Kimi Work\视频工具箱\tools\python\Lib\site-packages\onnxruntime\tools\update_onnx_opset.py
   Compressing: F:\Kimi Work\视频工具箱\tools\python\Lib\site-packages\onnxruntime\tools\__init__.py
   Compressing: F:\Kimi Work\视频工具箱\tools\python\Lib\site-packages\onnxruntime\tools\mobile_helpers\coreml_supported_mlprogram_ops.md
   Compressing: F:\Kimi Work\视频工具箱\tools\python\Lib\site-packages\onnxruntime\tools\mobile_helpers\coreml_supported_neuralnetwork_ops.md
   Compressing: F:\Kimi Work\视频工具箱\tools\python\Lib\site-packages\onnxruntime\tools\mobile_helpers\nnapi_supported_ops.md
   Compressing: F:\Kimi Work\视频工具箱\tools\python\Lib\site-packages\onnxruntime\tools\mobile_helpers\usability_checker.py
   Compressing: F:\Kimi Work\视频工具箱\tools\python\Lib\site-packages\onnxruntime\tools\mobile_helpers\__init__.py
   Compressing: F:\Kimi Work\视频工具箱\tools\python\Lib\site-packages\onnxruntime\tools\ort_format_model\operator_type_usage_processors.py
   Compressing: F:\Kimi Work\视频工具箱\tools\python\Lib\site-packages\onnxruntime\tools\ort_format_model\ort_model_processor.py
   Compressing: F:\Kimi Work\视频工具箱\tools\python\Lib\site-packages\onnxruntime\tools\ort_format_model\types.py
   Compressing: F:\Kimi Work\视频工具箱\tools\python\Lib\site-packages\onnxruntime\tools\ort_format_model\utils.py
   Compressing: F:\Kimi Work\视频工具箱\tools\python\Lib\site-packages\onnxruntime\tools\ort_format_model\__init__.py
   Compressing: F:\Kimi Work\视频工具箱\tools\python\Lib\site-packages\onnxruntime\tools\ort_format_model\ort_flatbuffers_py\__init__.py
   Compressing: F:\Kimi Work\视频工具箱\tools\python\Lib\site-packages\onnxruntime\tools\ort_format_model\ort_flatbuffers_py\fbs\ArgType.py
   Compressing: F:\Kimi Work\视频工具箱\tools\python\Lib\site-packages\onnxruntime\tools\ort_format_model\ort_flatbuffers_py\fbs\ArgTypeAndIndex.py
   Compressing: F:\Kimi Work\视频工具箱\tools\python\Lib\site-packages\onnxruntime\tools\ort_format_model\ort_flatbuffers_py\fbs\Attribute.py
   Compressing: F:\Kimi Work\视频工具箱\tools\python\Lib\site-packages\onnxruntime\tools\ort_format_model\ort_flatbuffers_py\fbs\AttributeType.py
   Compressing: F:\Kimi Work\视频工具箱\tools\python\Lib\site-packages\onnxruntime\tools\ort_format_model\ort_flatbuffers_py\fbs\Checkpoint.py
   Compressing: F:\Kimi Work\视频工具箱\tools\python\Lib\site-packages\onnxruntime\tools\ort_format_model\ort_flatbuffers_py\fbs\DeprecatedKernelCreateInfos.py
   Compressing: F:\Kimi Work\视频工具箱\tools\python\Lib\site-packages\onnxruntime\tools\ort_format_model\ort_flatbuffers_py\fbs\DeprecatedNodeIndexAndKernelDefHash.py
   Compressing: F:\Kimi Work\视频工具箱\tools\python\Lib\site-packages\onnxruntime\tools\ort_format_model\ort_flatbuffers_py\fbs\DeprecatedSessionState.py
   Compressing: F:\Kimi Work\视频工具箱\tools\python\Lib\site-packages\onnxruntime\tools\ort_format_model\ort_flatbuffers_py\fbs\DeprecatedSubGraphSessionState.py
   Compressing: F:\Kimi Work\视频工具箱\tools\python\Lib\site-packages\onnxruntime\tools\ort_format_model\ort_flatbuffers_py\fbs\Dimension.py
   Compressing: F:\Kimi Work\视频工具箱\tools\python\Lib\site-packages\onnxruntime\tools\ort_format_model\ort_flatbuffers_py\fbs\DimensionValue.py
   Compressing: F:\Kimi Work\视频工具箱\tools\python\Lib\site-packages\onnxruntime\tools\ort_format_model\ort_flatbuffers_py\fbs\DimensionValueType.py
   Compressing: F:\Kimi Work\视频工具箱\tools\python\Lib\site-packages\onnxruntime\tools\ort_format_model\ort_flatbuffers_py\fbs\EdgeEnd.py
   Compressing: F:\Kimi Work\视频工具箱\tools\python\Lib\site-packages\onnxruntime\tools\ort_format_model\ort_flatbuffers_py\fbs\FloatProperty.py
   Compressing: F:\Kimi Work\视频工具箱\tools\python\Lib\site-packages\onnxruntime\tools\ort_format_model\ort_flatbuffers_py\fbs\Graph.py
   Compressing: F:\Kimi Work\视频工具箱\tools\python\Lib\site-packages\onnxruntime\tools\ort_format_model\ort_flatbuffers_py\fbs\InferenceSession.py
   Compressing: F:\Kimi Work\视频工具箱\tools\python\Lib\site-packages\onnxruntime\tools\ort_format_model\ort_flatbuffers_py\fbs\IntProperty.py
   Compressing: F:\Kimi Work\视频工具箱\tools\python\Lib\site-packages\onnxruntime\tools\ort_format_model\ort_flatbuffers_py\fbs\KernelTypeStrArgsEntry.py
   Compressing: F:\Kimi Work\视频工具箱\tools\python\Lib\site-packages\onnxruntime\tools\ort_format_model\ort_flatbuffers_py\fbs\KernelTypeStrResolver.py
   Compressing: F:\Kimi Work\视频工具箱\tools\python\Lib\site-packages\onnxruntime\tools\ort_format_model\ort_flatbuffers_py\fbs\MapType.py
   Compressing: F:\Kimi Work\视频工具箱\tools\python\Lib\site-packages\onnxruntime\tools\ort_format_model\ort_flatbuffers_py\fbs\Model.py
   Compressing: F:\Kimi Work\视频工具箱\tools\python\Lib\site-packages\onnxruntime\tools\ort_format_model\ort_flatbuffers_py\fbs\ModuleState.py
   Compressing: F:\Kimi Work\视频工具箱\tools\python\Lib\site-packages\onnxruntime\tools\ort_format_model\ort_flatbuffers_py\fbs\Node.py
   Compressing: F:\Kimi Work\视频工具箱\tools\python\Lib\site-packages\onnxruntime\tools\ort_format_model\ort_flatbuffers_py\fbs\NodeEdge.py
   Compressing: F:\Kimi Work\视频工具箱\tools\python\Lib\site-packages\onnxruntime\tools\ort_format_model\ort_flatbuffers_py\fbs\NodesToOptimizeIndices.py
   Compressing: F:\Kimi Work\视频工具箱\tools\python\Lib\site-packages\onnxruntime\tools\ort_format_model\ort_flatbuffers_py\fbs\NodeType.py
   Compressing: F:\Kimi Work\视频工具箱\tools\python\Lib\site-packages\onnxruntime\tools\ort_format_model\ort_flatbuffers_py\fbs\OperatorSetId.py
   Compressing: F:\Kimi Work\视频工具箱\tools\python\Lib\site-packages\onnxruntime\tools\ort_format_model\ort_flatbuffers_py\fbs\OpIdKernelTypeStrArgsEntry.py
   Compressing: F:\Kimi Work\视频工具箱\tools\python\Lib\site-packages\onnxruntime\tools\ort_format_model\ort_flatbuffers_py\fbs\OptimizerGroup.py
   Compressing: F:\Kimi Work\视频工具箱\tools\python\Lib\site-packages\onnxruntime\tools\ort_format_model\ort_flatbuffers_py\fbs\ParameterOptimizerState.py
   Compressing: F:\Kimi Work\视频工具箱\tools\python\Lib\site-packages\onnxruntime\tools\ort_format_model\ort_flatbuffers_py\fbs\PropertyBag.py
   Compressing: F:\Kimi Work\视频工具箱\tools\python\Lib\site-packages\onnxruntime\tools\ort_format_model\ort_flatbuffers_py\fbs\RuntimeOptimizationRecord.py
   Compressing: F:\Kimi Work\视频工具箱\tools\python\Lib\site-packages\onnxruntime\tools\ort_format_model\ort_flatbuffers_py\fbs\RuntimeOptimizationRecordContainerEntry.py
   Compressing: F:\Kimi Work\视频工具箱\tools\python\Lib\site-packages\onnxruntime\tools\ort_format_model\ort_flatbuffers_py\fbs\RuntimeOptimizations.py
   Compressing: F:\Kimi Work\视频工具箱\tools\python\Lib\site-packages\onnxruntime\tools\ort_format_model\ort_flatbuffers_py\fbs\SequenceType.py
   Compressing: F:\Kimi Work\视频工具箱\tools\python\Lib\site-packages\onnxruntime\tools\ort_format_model\ort_flatbuffers_py\fbs\Shape.py
   Compressing: F:\Kimi Work\视频工具箱\tools\python\Lib\site-packages\onnxruntime\tools\ort_format_model\ort_flatbuffers_py\fbs\SparseTensor.py
   Compressing: F:\Kimi Work\视频工具箱\tools\python\Lib\site-packages\onnxruntime\tools\ort_format_model\ort_flatbuffers_py\fbs\StringProperty.py
   Compressing: F:\Kimi Work\视频工具箱\tools\python\Lib\site-packages\onnxruntime\tools\ort_format_model\ort_flatbuffers_py\fbs\StringStringEntry.py
   Compressing: F:\Kimi Work\视频工具箱\tools\python\Lib\site-packages\onnxruntime\tools\ort_format_model\ort_flatbuffers_py\fbs\Tensor.py
   Compressing: F:\Kimi Work\视频工具箱\tools\python\Lib\site-packages\onnxruntime\tools\ort_format_model\ort_flatbuffers_py\fbs\TensorDataType.py
   Compressing: F:\Kimi Work\视频工具箱\tools\python\Lib\site-packages\onnxruntime\tools\ort_format_model\ort_flatbuffers_py\fbs\TensorTypeAndShape.py
   Compressing: F:\Kimi Work\视频工具箱\tools\python\Lib\site-packages\onnxruntime\tools\ort_format_model\ort_flatbuffers_py\fbs\TypeInfo.py
   Compressing: F:\Kimi Work\视频工具箱\tools\python\Lib\site-packages\onnxruntime\tools\ort_format_model\ort_flatbuffers_py\fbs\TypeInfoValue.py
   Compressing: F:\Kimi Work\视频工具箱\tools\python\Lib\site-packages\onnxruntime\tools\ort_format_model\ort_flatbuffers_py\fbs\ValueInfo.py
   Compressing: F:\Kimi Work\视频工具箱\tools\python\Lib\site-packages\onnxruntime\tools\ort_format_model\ort_flatbuffers_py\fbs\__init__.py
   Compressing: F:\Kimi Work\视频工具箱\tools\python\Lib\site-packages\onnxruntime\tools\qdq_helpers\optimize_qdq_model.py
   Compressing: F:\Kimi Work\视频工具箱\tools\python\Lib\site-packages\onnxruntime\tools\qdq_helpers\__init__.py
   Compressing: F:\Kimi Work\视频工具箱\tools\python\Lib\site-packages\onnxruntime\tools\qnn\add_trans_cast.py
   Compressing: F:\Kimi Work\视频工具箱\tools\python\Lib\site-packages\onnxruntime\tools\qnn\gen_qnn_ctx_onnx_model.py
   Compressing: F:\Kimi Work\视频工具箱\tools\python\Lib\site-packages\onnxruntime\tools\qnn\preprocess.py
   Compressing: F:\Kimi Work\视频工具箱\tools\python\Lib\site-packages\onnxruntime\transformers\affinity_helper.py
   Compressing: F:\Kimi Work\视频工具箱\tools\python\Lib\site-packages\onnxruntime\transformers\benchmark.py
   Compressing: F:\Kimi Work\视频工具箱\tools\python\Lib\site-packages\onnxruntime\transformers\benchmark_helper.py
   Compressing: F:\Kimi Work\视频工具箱\tools\python\Lib\site-packages\onnxruntime\transformers\bert_perf_test.py
   Compressing: F:\Kimi Work\视频工具箱\tools\python\Lib\site-packages\onnxruntime\transformers\bert_test_data.py
   Compressing: F:\Kimi Work\视频工具箱\tools\python\Lib\site-packages\onnxruntime\transformers\compare_bert_results.py
   Compressing: F:\Kimi Work\视频工具箱\tools\python\Lib\site-packages\onnxruntime\transformers\constants.py
   Compressing: F:\Kimi Work\视频工具箱\tools\python\Lib\site-packages\onnxruntime\transformers\convert_generation.py
   Compressing: F:\Kimi Work\视频工具箱\tools\python\Lib\site-packages\onnxruntime\transformers\convert_tf_models_to_pytorch.py
   Compressing: F:\Kimi Work\视频工具箱\tools\python\Lib\site-packages\onnxruntime\transformers\convert_to_packing_mode.py
   Compressing: F:\Kimi Work\视频工具箱\tools\python\Lib\site-packages\onnxruntime\transformers\dynamo_onnx_helper.py
   Compressing: F:\Kimi Work\视频工具箱\tools\python\Lib\site-packages\onnxruntime\transformers\float16.py
   Compressing: F:\Kimi Work\视频工具箱\tools\python\Lib\site-packages\onnxruntime\transformers\fusion_attention.py
   Compressing: F:\Kimi Work\视频工具箱\tools\python\Lib\site-packages\onnxruntime\transformers\fusion_attention_clip.py
   Compressing: F:\Kimi Work\视频工具箱\tools\python\Lib\site-packages\onnxruntime\transformers\fusion_attention_sam2.py
   Compressing: F:\Kimi Work\视频工具箱\tools\python\Lib\site-packages\onnxruntime\transformers\fusion_attention_unet.py
   Compressing: F:\Kimi Work\视频工具箱\tools\python\Lib\site-packages\onnxruntime\transformers\fusion_attention_vae.py
   Compressing: F:\Kimi Work\视频工具箱\tools\python\Lib\site-packages\onnxruntime\transformers\fusion_bart_attention.py
   Compressing: F:\Kimi Work\视频工具箱\tools\python\Lib\site-packages\onnxruntime\transformers\fusion_base.py
   Compressing: F:\Kimi Work\视频工具箱\tools\python\Lib\site-packages\onnxruntime\transformers\fusion_biasgelu.py
   Compressing: F:\Kimi Work\视频工具箱\tools\python\Lib\site-packages\onnxruntime\transformers\fusion_biassplitgelu.py
   Compressing: F:\Kimi Work\视频工具箱\tools\python\Lib\site-packages\onnxruntime\transformers\fusion_bias_add.py
   Compressing: F:\Kimi Work\视频工具箱\tools\python\Lib\site-packages\onnxruntime\transformers\fusion_conformer_attention.py
   Compressing: F:\Kimi Work\视频工具箱\tools\python\Lib\site-packages\onnxruntime\transformers\fusion_constant_fold.py
   Compressing: F:\Kimi Work\视频工具箱\tools\python\Lib\site-packages\onnxruntime\transformers\fusion_embedlayer.py
   Compressing: F:\Kimi Work\视频工具箱\tools\python\Lib\site-packages\onnxruntime\transformers\fusion_fastgelu.py
   Compressing: F:\Kimi Work\视频工具箱\tools\python\Lib\site-packages\onnxruntime\transformers\fusion_gelu.py
   Compressing: F:\Kimi Work\视频工具箱\tools\python\Lib\site-packages\onnxruntime\transformers\fusion_gelu_approximation.py
   Compressing: F:\Kimi Work\视频工具箱\tools\python\Lib\site-packages\onnxruntime\transformers\fusion_gemmfastgelu.py
   Compressing: F:\Kimi Work\视频工具箱\tools\python\Lib\site-packages\onnxruntime\transformers\fusion_gpt_attention.py
   Compressing: F:\Kimi Work\视频工具箱\tools\python\Lib\site-packages\onnxruntime\transformers\fusion_gpt_attention_megatron.py
   Compressing: F:\Kimi Work\视频工具箱\tools\python\Lib\site-packages\onnxruntime\transformers\fusion_gpt_attention_no_past.py
   Compressing: F:\Kimi Work\视频工具箱\tools\python\Lib\site-packages\onnxruntime\transformers\fusion_group_norm.py
   Compressing: F:\Kimi Work\视频工具箱\tools\python\Lib\site-packages\onnxruntime\transformers\fusion_layernorm.py
   Compressing: F:\Kimi Work\视频工具箱\tools\python\Lib\site-packages\onnxruntime\transformers\fusion_mha_dit.py
   Compressing: F:\Kimi Work\视频工具箱\tools\python\Lib\site-packages\onnxruntime\transformers\fusion_mha_mmdit.py
   Compressing: F:\Kimi Work\视频工具箱\tools\python\Lib\site-packages\onnxruntime\transformers\fusion_nhwc_conv.py
   Compressing: F:\Kimi Work\视频工具箱\tools\python\Lib\site-packages\onnxruntime\transformers\fusion_options.py
   Compressing: F:\Kimi Work\视频工具箱\tools\python\Lib\site-packages\onnxruntime\transformers\fusion_qordered_attention.py
   Compressing: F:\Kimi Work\视频工具箱\tools\python\Lib\site-packages\onnxruntime\transformers\fusion_qordered_gelu.py
   Compressing: F:\Kimi Work\视频工具箱\tools\python\Lib\site-packages\onnxruntime\transformers\fusion_qordered_layernorm.py
   Compressing: F:\Kimi Work\视频工具箱\tools\python\Lib\site-packages\onnxruntime\transformers\fusion_qordered_matmul.py
   Compressing: F:\Kimi Work\视频工具箱\tools\python\Lib\site-packages\onnxruntime\transformers\fusion_quickgelu.py
   Compressing: F:\Kimi Work\视频工具箱\tools\python\Lib\site-packages\onnxruntime\transformers\fusion_reshape.py
   Compressing: F:\Kimi Work\视频工具箱\tools\python\Lib\site-packages\onnxruntime\transformers\fusion_rotary_attention.py
   Compressing: F:\Kimi Work\视频工具箱\tools\python\Lib\site-packages\onnxruntime\transformers\fusion_shape.py
   Compressing: F:\Kimi Work\视频工具箱\tools\python\Lib\site-packages\onnxruntime\transformers\fusion_simplified_layernorm.py
   Compressing: F:\Kimi Work\视频工具箱\tools\python\Lib\site-packages\onnxruntime\transformers\fusion_skiplayernorm.py
   Compressing: F:\Kimi Work\视频工具箱\tools\python\Lib\site-packages\onnxruntime\transformers\fusion_skip_group_norm.py
   Compressing: F:\Kimi Work\视频工具箱\tools\python\Lib\site-packages\onnxruntime\transformers\fusion_transpose.py
   Compressing: F:\Kimi Work\视频工具箱\tools\python\Lib\site-packages\onnxruntime\transformers\fusion_utils.py
   Compressing: F:\Kimi Work\视频工具箱\tools\python\Lib\site-packages\onnxruntime\transformers\huggingface_models.py
   Compressing: F:\Kimi Work\视频工具箱\tools\python\Lib\site-packages\onnxruntime\transformers\import_utils.py
   Compressing: F:\Kimi Work\视频工具箱\tools\python\Lib\site-packages\onnxruntime\transformers\io_binding_helper.py
   Compressing: F:\Kimi Work\视频工具箱\tools\python\Lib\site-packages\onnxruntime\transformers\large_model_exporter.py
   Compressing: F:\Kimi Work\视频工具箱\tools\python\Lib\site-packages\onnxruntime\transformers\machine_info.py
   Compressing: F:\Kimi Work\视频工具箱\tools\python\Lib\site-packages\onnxruntime\transformers\metrics.py
   Compressing: F:\Kimi Work\视频工具箱\tools\python\Lib\site-packages\onnxruntime\transformers\onnx_exporter.py
   Compressing: F:\Kimi Work\视频工具箱\tools\python\Lib\site-packages\onnxruntime\transformers\onnx_model.py
   Compressing: F:\Kimi Work\视频工具箱\tools\python\Lib\site-packages\onnxruntime\transformers\onnx_model_bart.py
   Compressing: F:\Kimi Work\视频工具箱\tools\python\Lib\site-packages\onnxruntime\transformers\onnx_model_bert.py
   Compressing: F:\Kimi Work\视频工具箱\tools\python\Lib\site-packages\onnxruntime\transformers\onnx_model_bert_keras.py
   Compressing: F:\Kimi Work\视频工具箱\tools\python\Lib\site-packages\onnxruntime\transformers\onnx_model_bert_tf.py
   Compressing: F:\Kimi Work\视频工具箱\tools\python\Lib\site-packages\onnxruntime\transformers\onnx_model_clip.py
   Compressing: F:\Kimi Work\视频工具箱\tools\python\Lib\site-packages\onnxruntime\transformers\onnx_model_conformer.py
   Compressing: F:\Kimi Work\视频工具箱\tools\python\Lib\site-packages\onnxruntime\transformers\onnx_model_gpt2.py
   Compressing: F:\Kimi Work\视频工具箱\tools\python\Lib\site-packages\onnxruntime\transformers\onnx_model_mmdit.py
   Compressing: F:\Kimi Work\视频工具箱\tools\python\Lib\site-packages\onnxruntime\transformers\onnx_model_phi.py
   Compressing: F:\Kimi Work\视频工具箱\tools\python\Lib\site-packages\onnxruntime\transformers\onnx_model_sam2.py
   Compressing: F:\Kimi Work\视频工具箱\tools\python\Lib\site-packages\onnxruntime\transformers\onnx_model_t5.py
   Compressing: F:\Kimi Work\视频工具箱\tools\python\Lib\site-packages\onnxruntime\transformers\onnx_model_tnlr.py
   Compressing: F:\Kimi Work\视频工具箱\tools\python\Lib\site-packages\onnxruntime\transformers\onnx_model_unet.py
   Compressing: F:\Kimi Work\视频工具箱\tools\python\Lib\site-packages\onnxruntime\transformers\onnx_model_vae.py
   Compressing: F:\Kimi Work\视频工具箱\tools\python\Lib\site-packages\onnxruntime\transformers\onnx_utils.py
   Compressing: F:\Kimi Work\视频工具箱\tools\python\Lib\site-packages\onnxruntime\transformers\optimizer.py
   Compressing: F:\Kimi Work\视频工具箱\tools\python\Lib\site-packages\onnxruntime\transformers\past_helper.py
   Compressing: F:\Kimi Work\视频工具箱\tools\python\Lib\site-packages\onnxruntime\transformers\profiler.py
   Compressing: F:\Kimi Work\视频工具箱\tools\python\Lib\site-packages\onnxruntime\transformers\profile_result_processor.py
   Compressing: F:\Kimi Work\视频工具箱\tools\python\Lib\site-packages\onnxruntime\transformers\quantize_helper.py
   Compressing: F:\Kimi Work\视频工具箱\tools\python\Lib\site-packages\onnxruntime\transformers\shape_infer_helper.py
   Compressing: F:\Kimi Work\视频工具箱\tools\python\Lib\site-packages\onnxruntime\transformers\shape_optimizer.py
   Compressing: F:\Kimi Work\视频工具箱\tools\python\Lib\site-packages\onnxruntime\transformers\torch_onnx_export_helper.py
   Compressing: F:\Kimi Work\视频工具箱\tools\python\Lib\site-packages\onnxruntime\transformers\__init__.py
   Compressing: F:\Kimi Work\视频工具箱\tools\python\Lib\site-packages\onnxruntime\transformers\models\bart\export.py
   Compressing: F:\Kimi Work\视频工具箱\tools\python\Lib\site-packages\onnxruntime\transformers\models\bart\__init__.py
   Compressing: F:\Kimi Work\视频工具箱\tools\python\Lib\site-packages\onnxruntime\transformers\models\bert\eval_squad.py
   Compressing: F:\Kimi Work\视频工具箱\tools\python\Lib\site-packages\onnxruntime\transformers\models\bert\__init__.py
   Compressing: F:\Kimi Work\视频工具箱\tools\python\Lib\site-packages\onnxruntime\transformers\models\gpt2\benchmark_gpt2.py
   Compressing: F:\Kimi Work\视频工具箱\tools\python\Lib\site-packages\onnxruntime\transformers\models\gpt2\convert_to_onnx.py
   Compressing: F:\Kimi Work\视频工具箱\tools\python\Lib\site-packages\onnxruntime\transformers\models\gpt2\gpt2_helper.py
   Compressing: F:\Kimi Work\视频工具箱\tools\python\Lib\site-packages\onnxruntime\transformers\models\gpt2\gpt2_parity.py
   Compressing: F:\Kimi Work\视频工具箱\tools\python\Lib\site-packages\onnxruntime\transformers\models\gpt2\gpt2_tester.py
   Compressing: F:\Kimi Work\视频工具箱\tools\python\Lib\site-packages\onnxruntime\transformers\models\gpt2\parity_check_helper.py
   Compressing: F:\Kimi Work\视频工具箱\tools\python\Lib\site-packages\onnxruntime\transformers\models\gpt2\__init__.py
   Compressing: F:\Kimi Work\视频工具箱\tools\python\Lib\site-packages\onnxruntime\transformers\models\llama\benchmark.py
   Compressing: F:\Kimi Work\视频工具箱\tools\python\Lib\site-packages\onnxruntime\transformers\models\llama\benchmark_all.py
   Compressing: F:\Kimi Work\视频工具箱\tools\python\Lib\site-packages\onnxruntime\transformers\models\llama\benchmark_e2e.py
   Compressing: F:\Kimi Work\视频工具箱\tools\python\Lib\site-packages\onnxruntime\transformers\models\llama\convert_to_onnx.py
   Compressing: F:\Kimi Work\视频工具箱\tools\python\Lib\site-packages\onnxruntime\transformers\models\llama\dist_settings.py
   Compressing: F:\Kimi Work\视频工具箱\tools\python\Lib\site-packages\onnxruntime\transformers\models\llama\llama_inputs.py
   Compressing: F:\Kimi Work\视频工具箱\tools\python\Lib\site-packages\onnxruntime\transformers\models\llama\llama_parity.py
   Compressing: F:\Kimi Work\视频工具箱\tools\python\Lib\site-packages\onnxruntime\transformers\models\llama\llama_torch.py
   Compressing: F:\Kimi Work\视频工具箱\tools\python\Lib\site-packages\onnxruntime\transformers\models\llama\quant_kv_dataloader.py
   Compressing: F:\Kimi Work\视频工具箱\tools\python\Lib\site-packages\onnxruntime\transformers\models\llama\__init__.py
   Compressing: F:\Kimi Work\视频工具箱\tools\python\Lib\site-packages\onnxruntime\transformers\models\longformer\benchmark_longformer.py
   Compressing: F:\Kimi Work\视频工具箱\tools\python\Lib\site-packages\onnxruntime\transformers\models\longformer\convert_to_onnx.py
   Compressing: F:\Kimi Work\视频工具箱\tools\python\Lib\site-packages\onnxruntime\transformers\models\longformer\generate_test_data.py
   Compressing: F:\Kimi Work\视频工具箱\tools\python\Lib\site-packages\onnxruntime\transformers\models\longformer\longformer_helper.py
   Compressing: F:\Kimi Work\视频工具箱\tools\python\Lib\site-packages\onnxruntime\transformers\models\longformer\__init__.py
   Compressing: F:\Kimi Work\视频工具箱\tools\python\Lib\site-packages\onnxruntime\transformers\models\phi2\convert_to_onnx.py
   Compressing: F:\Kimi Work\视频工具箱\tools\python\Lib\site-packages\onnxruntime\transformers\models\phi2\inference_example.py
   Compressing: F:\Kimi Work\视频工具箱\tools\python\Lib\site-packages\onnxruntime\transformers\models\phi2\__init__.py
   Compressing: F:\Kimi Work\视频工具箱\tools\python\Lib\site-packages\onnxruntime\transformers\models\sam2\benchmark_sam2.py
   Compressing: F:\Kimi Work\视频工具箱\tools\python\Lib\site-packages\onnxruntime\transformers\models\sam2\convert_to_onnx.py
   Compressing: F:\Kimi Work\视频工具箱\tools\python\Lib\site-packages\onnxruntime\transformers\models\sam2\image_decoder.py
   Compressing: F:\Kimi Work\视频工具箱\tools\python\Lib\site-packages\onnxruntime\transformers\models\sam2\image_encoder.py
   Compressing: F:\Kimi Work\视频工具箱\tools\python\Lib\site-packages\onnxruntime\transformers\models\sam2\mask_decoder.py
   Compressing: F:\Kimi Work\视频工具箱\tools\python\Lib\site-packages\onnxruntime\transformers\models\sam2\nvtx_helper.py
   Compressing: F:\Kimi Work\视频工具箱\tools\python\Lib\site-packages\onnxruntime\transformers\models\sam2\prompt_encoder.py
   Compressing: F:\Kimi Work\视频工具箱\tools\python\Lib\site-packages\onnxruntime\transformers\models\sam2\sam2_demo.py
   Compressing: F:\Kimi Work\视频工具箱\tools\python\Lib\site-packages\onnxruntime\transformers\models\sam2\sam2_image_onnx_predictor.py
   Compressing: F:\Kimi Work\视频工具箱\tools\python\Lib\site-packages\onnxruntime\transformers\models\sam2\sam2_utils.py
   Compressing: F:\Kimi Work\视频工具箱\tools\python\Lib\site-packages\onnxruntime\transformers\models\sam2\__init__.py
   Compressing: F:\Kimi Work\视频工具箱\tools\python\Lib\site-packages\onnxruntime\transformers\models\stable_diffusion\benchmark.py
   Compressing: F:\Kimi Work\视频工具箱\tools\python\Lib\site-packages\onnxruntime\transformers\models\stable_diffusion\benchmark_controlnet.py
   Compressing: F:\Kimi Work\视频工具箱\tools\python\Lib\site-packages\onnxruntime\transformers\models\stable_diffusion\demo_txt2img.py
   Compressing: F:\Kimi Work\视频工具箱\tools\python\Lib\site-packages\onnxruntime\transformers\models\stable_diffusion\demo_txt2img_xl.py
   Compressing: F:\Kimi Work\视频工具箱\tools\python\Lib\site-packages\onnxruntime\transformers\models\stable_diffusion\demo_utils.py
   Compressing: F:\Kimi Work\视频工具箱\tools\python\Lib\site-packages\onnxruntime\transformers\models\stable_diffusion\diffusion_models.py
   Compressing: F:\Kimi Work\视频工具箱\tools\python\Lib\site-packages\onnxruntime\transformers\models\stable_diffusion\diffusion_schedulers.py
   Compressing: F:\Kimi Work\视频工具箱\tools\python\Lib\site-packages\onnxruntime\transformers\models\stable_diffusion\engine_builder.py
   Compressing: F:\Kimi Work\视频工具箱\tools\python\Lib\site-packages\onnxruntime\transformers\models\stable_diffusion\engine_builder_ort_cuda.py
   Compressing: F:\Kimi Work\视频工具箱\tools\python\Lib\site-packages\onnxruntime\transformers\models\stable_diffusion\engine_builder_ort_trt.py
   Compressing: F:\Kimi Work\视频工具箱\tools\python\Lib\site-packages\onnxruntime\transformers\models\stable_diffusion\engine_builder_tensorrt.py
   Compressing: F:\Kimi Work\视频工具箱\tools\python\Lib\site-packages\onnxruntime\transformers\models\stable_diffusion\engine_builder_torch.py
   Compressing: F:\Kimi Work\视频工具箱\tools\python\Lib\site-packages\onnxruntime\transformers\models\stable_diffusion\optimize_pipeline.py
   Compressing: F:\Kimi Work\视频工具箱\tools\python\Lib\site-packages\onnxruntime\transformers\models\stable_diffusion\ort_optimizer.py
   Compressing: F:\Kimi Work\视频工具箱\tools\python\Lib\site-packages\onnxruntime\transformers\models\stable_diffusion\pipeline_stable_diffusion.py
   Compressing: F:\Kimi Work\视频工具箱\tools\python\Lib\site-packages\onnxruntime\transformers\models\stable_diffusion\trt_utilities.py
   Compressing: F:\Kimi Work\视频工具箱\tools\python\Lib\site-packages\onnxruntime\transformers\models\stable_diffusion\__init__.py
   Compressing: F:\Kimi Work\视频工具箱\tools\python\Lib\site-packages\onnxruntime\transformers\models\t5\convert_to_onnx.py
   Compressing: F:\Kimi Work\视频工具箱\tools\python\Lib\site-packages\onnxruntime\transformers\models\t5\t5_decoder.py
   Compressing: F:\Kimi Work\视频工具箱\tools\python\Lib\site-packages\onnxruntime\transformers\models\t5\t5_encoder.py
   Compressing: F:\Kimi Work\视频工具箱\tools\python\Lib\site-packages\onnxruntime\transformers\models\t5\t5_encoder_decoder_init.py
   Compressing: F:\Kimi Work\视频工具箱\tools\python\Lib\site-packages\onnxruntime\transformers\models\t5\t5_helper.py
   Compressing: F:\Kimi Work\视频工具箱\tools\python\Lib\site-packages\onnxruntime\transformers\models\t5\__init__.py
   Compressing: F:\Kimi Work\视频工具箱\tools\python\Lib\site-packages\onnxruntime\transformers\models\whisper\benchmark.py
   Compressing: F:\Kimi Work\视频工具箱\tools\python\Lib\site-packages\onnxruntime\transformers\models\whisper\benchmark_all.py
   Compressing: F:\Kimi Work\视频工具箱\tools\python\Lib\site-packages\onnxruntime\transformers\models\whisper\convert_to_onnx.py
   Compressing: F:\Kimi Work\视频工具箱\tools\python\Lib\site-packages\onnxruntime\transformers\models\whisper\whisper_chain.py
   Compressing: F:\Kimi Work\视频工具箱\tools\python\Lib\site-packages\onnxruntime\transformers\models\whisper\whisper_decoder.py
   Compressing: F:\Kimi Work\视频工具箱\tools\python\Lib\site-packages\onnxruntime\transformers\models\whisper\whisper_encoder.py
   Compressing: F:\Kimi Work\视频工具箱\tools\python\Lib\site-packages\onnxruntime\transformers\models\whisper\whisper_encoder_decoder_init.py
   Compressing: F:\Kimi Work\视频工具箱\tools\python\Lib\site-packages\onnxruntime\transformers\models\whisper\whisper_helper.py
   Compressing: F:\Kimi Work\视频工具箱\tools\python\Lib\site-packages\onnxruntime\transformers\models\whisper\whisper_inputs.py
   Compressing: F:\Kimi Work\视频工具箱\tools\python\Lib\site-packages\onnxruntime\transformers\models\whisper\whisper_jump_times.py
   Compressing: F:\Kimi Work\视频工具箱\tools\python\Lib\site-packages\onnxruntime\transformers\models\whisper\__init__.py
   Compressing: F:\Kimi Work\视频工具箱\tools\python\Lib\site-packages\onnxruntime-1.29.0.dist-info\entry_points.txt
   Compressing: F:\Kimi Work\视频工具箱\tools\python\Lib\site-packages\onnxruntime-1.29.0.dist-info\INSTALLER
   Compressing: F:\Kimi Work\视频工具箱\tools\python\Lib\site-packages\onnxruntime-1.29.0.dist-info\METADATA
   Compressing: F:\Kimi Work\视频工具箱\tools\python\Lib\site-packages\onnxruntime-1.29.0.dist-info\RECORD
   Compressing: F:\Kimi Work\视频工具箱\tools\python\Lib\site-packages\onnxruntime-1.29.0.dist-info\top_level.txt
   Compressing: F:\Kimi Work\视频工具箱\tools\python\Lib\site-packages\onnxruntime-1.29.0.dist-info\WHEEL
   Compressing: F:\Kimi Work\视频工具箱\tools\python\Lib\site-packages\packaging\dependency_groups.py
   Compressing: F:\Kimi Work\视频工具箱\tools\python\Lib\site-packages\packaging\direct_url.py
   Compressing: F:\Kimi Work\视频工具箱\tools\python\Lib\site-packages\packaging\errors.py
   Compressing: F:\Kimi Work\视频工具箱\tools\python\Lib\site-packages\packaging\markers.py
   Compressing: F:\Kimi Work\视频工具箱\tools\python\Lib\site-packages\packaging\metadata.py
   Compressing: F:\Kimi Work\视频工具箱\tools\python\Lib\site-packages\packaging\py.typed
   Compressing: F:\Kimi Work\视频工具箱\tools\python\Lib\site-packages\packaging\pylock.py
   Compressing: F:\Kimi Work\视频工具箱\tools\python\Lib\site-packages\packaging\ranges.py
   Compressing: F:\Kimi Work\视频工具箱\tools\python\Lib\site-packages\packaging\requirements.py
   Compressing: F:\Kimi Work\视频工具箱\tools\python\Lib\site-packages\packaging\specifiers.py
   Compressing: F:\Kimi Work\视频工具箱\tools\python\Lib\site-packages\packaging\tags.py
   Compressing: F:\Kimi Work\视频工具箱\tools\python\Lib\site-packages\packaging\utils.py
   Compressing: F:\Kimi Work\视频工具箱\tools\python\Lib\site-packages\packaging\version.py
   Compressing: F:\Kimi Work\视频工具箱\tools\python\Lib\site-packages\packaging\_elffile.py
   Compressing: F:\Kimi Work\视频工具箱\tools\python\Lib\site-packages\packaging\_manylinux.py
   Compressing: F:\Kimi Work\视频工具箱\tools\python\Lib\site-packages\packaging\_musllinux.py
   Compressing: F:\Kimi Work\视频工具箱\tools\python\Lib\site-packages\packaging\_parser.py
   Compressing: F:\Kimi Work\视频工具箱\tools\python\Lib\site-packages\packaging\_ranges.py
   Compressing: F:\Kimi Work\视频工具箱\tools\python\Lib\site-packages\packaging\_structures.py
   Compressing: F:\Kimi Work\视频工具箱\tools\python\Lib\site-packages\packaging\_tokenizer.py
   Compressing: F:\Kimi Work\视频工具箱\tools\python\Lib\site-packages\packaging\__init__.py
   Compressing: F:\Kimi Work\视频工具箱\tools\python\Lib\site-packages\packaging\licenses\_spdx.py
   Compressing: F:\Kimi Work\视频工具箱\tools\python\Lib\site-packages\packaging\licenses\__init__.py
   Compressing: F:\Kimi Work\视频工具箱\tools\python\Lib\site-packages\packaging-26.3.dist-info\INSTALLER
   Compressing: F:\Kimi Work\视频工具箱\tools\python\Lib\site-packages\packaging-26.3.dist-info\METADATA
   Compressing: F:\Kimi Work\视频工具箱\tools\python\Lib\site-packages\packaging-26.3.dist-info\RECORD
   Compressing: F:\Kimi Work\视频工具箱\tools\python\Lib\site-packages\packaging-26.3.dist-info\WHEEL
   Compressing: F:\Kimi Work\视频工具箱\tools\python\Lib\site-packages\packaging-26.3.dist-info\licenses\LICENSE
   Compressing: F:\Kimi Work\视频工具箱\tools\python\Lib\site-packages\packaging-26.3.dist-info\licenses\LICENSE.APACHE
   Compressing: F:\Kimi Work\视频工具箱\tools\python\Lib\site-packages\packaging-26.3.dist-info\licenses\LICENSE.BSD
   Compressing: F:\Kimi Work\视频工具箱\tools\python\Lib\site-packages\playwright\py.typed
   Compressing: F:\Kimi Work\视频工具箱\tools\python\Lib\site-packages\playwright\_repo_version.py
   Compressing: F:\Kimi Work\视频工具箱\tools\python\Lib\site-packages\playwright\__init__.py
   Compressing: F:\Kimi Work\视频工具箱\tools\python\Lib\site-packages\playwright\__main__.py
   Compressing: F:\Kimi Work\视频工具箱\tools\python\Lib\site-packages\playwright\async_api\_context_manager.py
   Compressing: F:\Kimi Work\视频工具箱\tools\python\Lib\site-packages\playwright\async_api\_generated.py
   Compressing: F:\Kimi Work\视频工具箱\tools\python\Lib\site-packages\playwright\async_api\__init__.py
   Compressing: F:\Kimi Work\视频工具箱\tools\python\Lib\site-packages\playwright\driver\LICENSE
   Compressing: F:\Kimi Work\视频工具箱\tools\python\Lib\site-packages\playwright\driver\node.exe
   Compressing: F:\Kimi Work\视频工具箱\tools\python\Lib\site-packages\playwright\driver\README.md
   Compressing: F:\Kimi Work\视频工具箱\tools\python\Lib\site-packages\playwright\driver\package\browsers.json
   Compressing: F:\Kimi Work\视频工具箱\tools\python\Lib\site-packages\playwright\driver\package\cli.js
   Compressing: F:\Kimi Work\视频工具箱\tools\python\Lib\site-packages\playwright\driver\package\index.d.ts
   Compressing: F:\Kimi Work\视频工具箱\tools\python\Lib\site-packages\playwright\driver\package\index.js
   Compressing: F:\Kimi Work\视频工具箱\tools\python\Lib\site-packages\playwright\driver\package\index.mjs
   Compressing: F:\Kimi Work\视频工具箱\tools\python\Lib\site-packages\playwright\driver\package\LICENSE
   Compressing: F:\Kimi Work\视频工具箱\tools\python\Lib\site-packages\playwright\driver\package\NOTICE
   Compressing: F:\Kimi Work\视频工具箱\tools\python\Lib\site-packages\playwright\driver\package\package.json
   Compressing: F:\Kimi Work\视频工具箱\tools\python\Lib\site-packages\playwright\driver\package\README.md
   Compressing: F:\Kimi Work\视频工具箱\tools\python\Lib\site-packages\playwright\driver\package\ThirdPartyNotices.txt
   Compressing: F:\Kimi Work\视频工具箱\tools\python\Lib\site-packages\playwright\driver\package\bin\install_media_pack.ps1
   Compressing: F:\Kimi Work\视频工具箱\tools\python\Lib\site-packages\playwright\driver\package\bin\install_webkit_wsl.ps1
   Compressing: F:\Kimi Work\视频工具箱\tools\python\Lib\site-packages\playwright\driver\package\bin\reinstall_chrome_beta_linux.sh
   Compressing: F:\Kimi Work\视频工具箱\tools\python\Lib\site-packages\playwright\driver\package\bin\reinstall_chrome_beta_mac.sh
   Compressing: F:\Kimi Work\视频工具箱\tools\python\Lib\site-packages\playwright\driver\package\bin\reinstall_chrome_beta_win.ps1
   Compressing: F:\Kimi Work\视频工具箱\tools\python\Lib\site-packages\playwright\driver\package\bin\reinstall_chrome_stable_linux.sh
   Compressing: F:\Kimi Work\视频工具箱\tools\python\Lib\site-packages\playwright\driver\package\bin\reinstall_chrome_stable_mac.sh
   Compressing: F:\Kimi Work\视频工具箱\tools\python\Lib\site-packages\playwright\driver\package\bin\reinstall_chrome_stable_win.ps1
   Compressing: F:\Kimi Work\视频工具箱\tools\python\Lib\site-packages\playwright\driver\package\bin\reinstall_msedge_beta_linux.sh
   Compressing: F:\Kimi Work\视频工具箱\tools\python\Lib\site-packages\playwright\driver\package\bin\reinstall_msedge_beta_mac.sh
   Compressing: F:\Kimi Work\视频工具箱\tools\python\Lib\site-packages\playwright\driver\package\bin\reinstall_msedge_beta_win.ps1
   Compressing: F:\Kimi Work\视频工具箱\tools\python\Lib\site-packages\playwright\driver\package\bin\reinstall_msedge_dev_linux.sh
   Compressing: F:\Kimi Work\视频工具箱\tools\python\Lib\site-packages\playwright\driver\package\bin\reinstall_msedge_dev_mac.sh
   Compressing: F:\Kimi Work\视频工具箱\tools\python\Lib\site-packages\playwright\driver\package\bin\reinstall_msedge_dev_win.ps1
   Compressing: F:\Kimi Work\视频工具箱\tools\python\Lib\site-packages\playwright\driver\package\bin\reinstall_msedge_stable_linux.sh
   Compressing: F:\Kimi Work\视频工具箱\tools\python\Lib\site-packages\playwright\driver\package\bin\reinstall_msedge_stable_mac.sh
   Compressing: F:\Kimi Work\视频工具箱\tools\python\Lib\site-packages\playwright\driver\package\bin\reinstall_msedge_stable_win.ps1
   Compressing: F:\Kimi Work\视频工具箱\tools\python\Lib\site-packages\playwright\driver\package\lib\bootstrap.js
   Compressing: F:\Kimi Work\视频工具箱\tools\python\Lib\site-packages\playwright\driver\package\lib\coreBundle.js
   Compressing: F:\Kimi Work\视频工具箱\tools\python\Lib\site-packages\playwright\driver\package\lib\package.js
   Compressing: F:\Kimi Work\视频工具箱\tools\python\Lib\site-packages\playwright\driver\package\lib\serverRegistry.js
   Compressing: F:\Kimi Work\视频工具箱\tools\python\Lib\site-packages\playwright\driver\package\lib\serverRegistry.js.LICENSE
   Compressing: F:\Kimi Work\视频工具箱\tools\python\Lib\site-packages\playwright\driver\package\lib\utilsBundle.js
   Compressing: F:\Kimi Work\视频工具箱\tools\python\Lib\site-packages\playwright\driver\package\lib\utilsBundle.js.LICENSE
   Compressing: F:\Kimi Work\视频工具箱\tools\python\Lib\site-packages\playwright\driver\package\lib\webp_codec.LICENSE
   Compressing: F:\Kimi Work\视频工具箱\tools\python\Lib\site-packages\playwright\driver\package\lib\webp_codec.wasm
   Compressing: F:\Kimi Work\视频工具箱\tools\python\Lib\site-packages\playwright\driver\package\lib\xdg-open
   Compressing: F:\Kimi Work\视频工具箱\tools\python\Lib\site-packages\playwright\driver\package\lib\entry\cliDaemon.js
   Compressing: F:\Kimi Work\视频工具箱\tools\python\Lib\site-packages\playwright\driver\package\lib\entry\dashboardApp.js
   Compressing: F:\Kimi Work\视频工具箱\tools\python\Lib\site-packages\playwright\driver\package\lib\entry\mcp.js
   Compressing: F:\Kimi Work\视频工具箱\tools\python\Lib\site-packages\playwright\driver\package\lib\entry\oopBrowserDownload.js
   Compressing: F:\Kimi Work\视频工具箱\tools\python\Lib\site-packages\playwright\driver\package\lib\server\chromium\appIcon.png
   Compressing: F:\Kimi Work\视频工具箱\tools\python\Lib\site-packages\playwright\driver\package\lib\server\electron\loader.js
   Compressing: F:\Kimi Work\视频工具箱\tools\python\Lib\site-packages\playwright\driver\package\lib\tools\cli-client\channelSessions.js
   Compressing: F:\Kimi Work\视频工具箱\tools\python\Lib\site-packages\playwright\driver\package\lib\tools\cli-client\cli.js
   Compressing: F:\Kimi Work\视频工具箱\tools\python\Lib\site-packages\playwright\driver\package\lib\tools\cli-client\help.json
   Compressing: F:\Kimi Work\视频工具箱\tools\python\Lib\site-packages\playwright\driver\package\lib\tools\cli-client\minimist.js
   Compressing: F:\Kimi Work\视频工具箱\tools\python\Lib\site-packages\playwright\driver\package\lib\tools\cli-client\output.js
   Compressing: F:\Kimi Work\视频工具箱\tools\python\Lib\site-packages\playwright\driver\package\lib\tools\cli-client\program.js
   Compressing: F:\Kimi Work\视频工具箱\tools\python\Lib\site-packages\playwright\driver\package\lib\tools\cli-client\registry.js
   Compressing: F:\Kimi Work\视频工具箱\tools\python\Lib\site-packages\playwright\driver\package\lib\tools\cli-client\session.js
   Compressing: F:\Kimi Work\视频工具箱\tools\python\Lib\site-packages\playwright\driver\package\lib\tools\dashboard\appIcon.png
   Compressing: F:\Kimi Work\视频工具箱\tools\python\Lib\site-packages\playwright\driver\package\lib\tools\skills\playwright-cli\SKILL.md
   Compressing: F:\Kimi Work\视频工具箱\tools\python\Lib\site-packages\playwright\driver\package\lib\tools\skills\playwright-cli\references\element-attributes.md
   Compressing: F:\Kimi Work\视频工具箱\tools\python\Lib\site-packages\playwright\driver\package\lib\tools\skills\playwright-cli\references\playwright-tests.md
   Compressing: F:\Kimi Work\视频工具箱\tools\python\Lib\site-packages\playwright\driver\package\lib\tools\skills\playwright-cli\references\request-mocking.md
   Compressing: F:\Kimi Work\视频工具箱\tools\python\Lib\site-packages\playwright\driver\package\lib\tools\skills\playwright-cli\references\running-code.md
   Compressing: F:\Kimi Work\视频工具箱\tools\python\Lib\site-packages\playwright\driver\package\lib\tools\skills\playwright-cli\references\session-management.md
   Compressing: F:\Kimi Work\视频工具箱\tools\python\Lib\site-packages\playwright\driver\package\lib\tools\skills\playwright-cli\references\storage-state.md
   Compressing: F:\Kimi Work\视频工具箱\tools\python\Lib\site-packages\playwright\driver\package\lib\tools\skills\playwright-cli\references\test-generation.md
   Compressing: F:\Kimi Work\视频工具箱\tools\python\Lib\site-packages\playwright\driver\package\lib\tools\skills\playwright-cli\references\tracing.md
   Compressing: F:\Kimi Work\视频工具箱\tools\python\Lib\site-packages\playwright\driver\package\lib\tools\skills\playwright-cli\references\video-recording.md
   Compressing: F:\Kimi Work\视频工具箱\tools\python\Lib\site-packages\playwright\driver\package\lib\tools\skills\playwright-component-testing\SKILL.md
   Compressing: F:\Kimi Work\视频工具箱\tools\python\Lib\site-packages\playwright\driver\package\lib\tools\skills\playwright-component-testing\references\gallery-spec.md
   Compressing: F:\Kimi Work\视频工具箱\tools\python\Lib\site-packages\playwright\driver\package\lib\tools\skills\playwright-component-testing\references\migration.md
   Compressing: F:\Kimi Work\视频工具箱\tools\python\Lib\site-packages\playwright\driver\package\lib\tools\skills\playwright-component-testing\references\react.md
   Compressing: F:\Kimi Work\视频工具箱\tools\python\Lib\site-packages\playwright\driver\package\lib\tools\skills\playwright-component-testing\references\vue.md
   Compressing: F:\Kimi Work\视频工具箱\tools\python\Lib\site-packages\playwright\driver\package\lib\tools\skills\playwright-trace\SKILL.md
   Compressing: F:\Kimi Work\视频工具箱\tools\python\Lib\site-packages\playwright\driver\package\lib\tools\utils\extension.js
   Compressing: F:\Kimi Work\视频工具箱\tools\python\Lib\site-packages\playwright\driver\package\lib\tools\utils\socketConnection.js
   Compressing: F:\Kimi Work\视频工具箱\tools\python\Lib\site-packages\playwright\driver\package\lib\vite\dashboard\index.html
   Compressing: F:\Kimi Work\视频工具箱\tools\python\Lib\site-packages\playwright\driver\package\lib\vite\dashboard\playwright-logo.svg
   Compressing: F:\Kimi Work\视频工具箱\tools\python\Lib\site-packages\playwright\driver\package\lib\vite\dashboard\assets\codicon-DCmgc-ay.ttf
   Compressing: F:\Kimi Work\视频工具箱\tools\python\Lib\site-packages\playwright\driver\package\lib\vite\dashboard\assets\firefox-1bWoP6pv.svg
   Compressing: F:\Kimi Work\视频工具箱\tools\python\Lib\site-packages\playwright\driver\package\lib\vite\dashboard\assets\firefox-beta-k3eOH_eK.svg
   Compressing: F:\Kimi Work\视频工具箱\tools\python\Lib\site-packages\playwright\driver\package\lib\vite\dashboard\assets\firefox-nightly-Cp5nfeDT.svg
   Compressing: F:\Kimi Work\视频工具箱\tools\python\Lib\site-packages\playwright\driver\package\lib\vite\dashboard\assets\index-CyWAfh-p.js
   Compressing: F:\Kimi Work\视频工具箱\tools\python\Lib\site-packages\playwright\driver\package\lib\vite\dashboard\assets\index-DhC616m4.css
   Compressing: F:\Kimi Work\视频工具箱\tools\python\Lib\site-packages\playwright\driver\package\lib\vite\dashboard\assets\safari-na3_-uQk.svg
   Compressing: F:\Kimi Work\视频工具箱\tools\python\Lib\site-packages\playwright\driver\package\lib\vite\htmlReport\index.html
   Compressing: F:\Kimi Work\视频工具箱\tools\python\Lib\site-packages\playwright\driver\package\lib\vite\htmlReport\report.css
   Compressing: F:\Kimi Work\视频工具箱\tools\python\Lib\site-packages\playwright\driver\package\lib\vite\htmlReport\report.js
   Compressing: F:\Kimi Work\视频工具箱\tools\python\Lib\site-packages\playwright\driver\package\lib\vite\recorder\index.html
   Compressing: F:\Kimi Work\视频工具箱\tools\python\Lib\site-packages\playwright\driver\package\lib\vite\recorder\playwright-logo.svg
   Compressing: F:\Kimi Work\视频工具箱\tools\python\Lib\site-packages\playwright\driver\package\lib\vite\recorder\assets\codeMirrorModule--QdMvsKi.css
   Compressing: F:\Kimi Work\视频工具箱\tools\python\Lib\site-packages\playwright\driver\package\lib\vite\recorder\assets\codeMirrorModule-CwYYHbcZ.js
   Compressing: F:\Kimi Work\视频工具箱\tools\python\Lib\site-packages\playwright\driver\package\lib\vite\recorder\assets\codicon-DCmgc-ay.ttf
   Compressing: F:\Kimi Work\视频工具箱\tools\python\Lib\site-packages\playwright\driver\package\lib\vite\recorder\assets\index-DYjdXIbE.js
   Compressing: F:\Kimi Work\视频工具箱\tools\python\Lib\site-packages\playwright\driver\package\lib\vite\recorder\assets\index-l_lX622x.css
   Compressing: F:\Kimi Work\视频工具箱\tools\python\Lib\site-packages\playwright\driver\package\lib\vite\traceViewer\codeMirrorModule.-QdMvsKi.css
   Compressing: F:\Kimi Work\视频工具箱\tools\python\Lib\site-packages\playwright\driver\package\lib\vite\traceViewer\codicon.DCmgc-ay.ttf
   Compressing: F:\Kimi Work\视频工具箱\tools\python\Lib\site-packages\playwright\driver\package\lib\vite\traceViewer\defaultSettingsView.BLFoOugd.css
   Compressing: F:\Kimi Work\视频工具箱\tools\python\Lib\site-packages\playwright\driver\package\lib\vite\traceViewer\index.B_TqY17P.css
   Compressing: F:\Kimi Work\视频工具箱\tools\python\Lib\site-packages\playwright\driver\package\lib\vite\traceViewer\index.Dl36UVQT.js
   Compressing: F:\Kimi Work\视频工具箱\tools\python\Lib\site-packages\playwright\driver\package\lib\vite\traceViewer\index.html
   Compressing: F:\Kimi Work\视频工具箱\tools\python\Lib\site-packages\playwright\driver\package\lib\vite\traceViewer\manifest.webmanifest
   Compressing: F:\Kimi Work\视频工具箱\tools\python\Lib\site-packages\playwright\driver\package\lib\vite\traceViewer\playwright-logo.svg
   Compressing: F:\Kimi Work\视频工具箱\tools\python\Lib\site-packages\playwright\driver\package\lib\vite\traceViewer\snapshot.B_Jk1wbt.js
   Compressing: F:\Kimi Work\视频工具箱\tools\python\Lib\site-packages\playwright\driver\package\lib\vite\traceViewer\snapshot.html
   Compressing: F:\Kimi Work\视频工具箱\tools\python\Lib\site-packages\playwright\driver\package\lib\vite\traceViewer\sw.bundle.js
   Compressing: F:\Kimi Work\视频工具箱\tools\python\Lib\site-packages\playwright\driver\package\lib\vite\traceViewer\uiMode.C7UW1sC9.css
   Compressing: F:\Kimi Work\视频工具箱\tools\python\Lib\site-packages\playwright\driver\package\lib\vite\traceViewer\uiMode.D962mr9b.js
   Compressing: F:\Kimi Work\视频工具箱\tools\python\Lib\site-packages\playwright\driver\package\lib\vite\traceViewer\uiMode.html
   Compressing: F:\Kimi Work\视频工具箱\tools\python\Lib\site-packages\playwright\driver\package\lib\vite\traceViewer\xtermModule.kHJ-D0s7.css
   Compressing: F:\Kimi Work\视频工具箱\tools\python\Lib\site-packages\playwright\driver\package\lib\vite\traceViewer\assets\codeMirrorModule-By56iMx7.js
   Compressing: F:\Kimi Work\视频工具箱\tools\python\Lib\site-packages\playwright\driver\package\lib\vite\traceViewer\assets\defaultSettingsView-B34OrIms.js
   Compressing: F:\Kimi Work\视频工具箱\tools\python\Lib\site-packages\playwright\driver\package\lib\vite\traceViewer\assets\urlMatch-L3liM589.js
   Compressing: F:\Kimi Work\视频工具箱\tools\python\Lib\site-packages\playwright\driver\package\lib\vite\traceViewer\assets\xtermModule-COQkjINf.js
   Compressing: F:\Kimi Work\视频工具箱\tools\python\Lib\site-packages\playwright\driver\package\types\protocol.d.ts
   Compressing: F:\Kimi Work\视频工具箱\tools\python\Lib\site-packages\playwright\driver\package\types\structs.d.ts
   Compressing: F:\Kimi Work\视频工具箱\tools\python\Lib\site-packages\playwright\driver\package\types\types.d.ts
   Compressing: F:\Kimi Work\视频工具箱\tools\python\Lib\site-packages\playwright\sync_api\_context_manager.py
   Compressing: F:\Kimi Work\视频工具箱\tools\python\Lib\site-packages\playwright\sync_api\_generated.py
   Compressing: F:\Kimi Work\视频工具箱\tools\python\Lib\site-packages\playwright\sync_api\__init__.py
   Compressing: F:\Kimi Work\视频工具箱\tools\python\Lib\site-packages\playwright\_impl\_api_structures.py
   Compressing: F:\Kimi Work\视频工具箱\tools\python\Lib\site-packages\playwright\_impl\_artifact.py
   Compressing: F:\Kimi Work\视频工具箱\tools\python\Lib\site-packages\playwright\_impl\_assertions.py
   Compressing: F:\Kimi Work\视频工具箱\tools\python\Lib\site-packages\playwright\_impl\_async_base.py
   Compressing: F:\Kimi Work\视频工具箱\tools\python\Lib\site-packages\playwright\_impl\_browser.py
   Compressing: F:\Kimi Work\视频工具箱\tools\python\Lib\site-packages\playwright\_impl\_browser_context.py
   Compressing: F:\Kimi Work\视频工具箱\tools\python\Lib\site-packages\playwright\_impl\_browser_type.py
   Compressing: F:\Kimi Work\视频工具箱\tools\python\Lib\site-packages\playwright\_impl\_cdp_session.py
   Compressing: F:\Kimi Work\视频工具箱\tools\python\Lib\site-packages\playwright\_impl\_clock.py
   Compressing: F:\Kimi Work\视频工具箱\tools\python\Lib\site-packages\playwright\_impl\_connection.py
   Compressing: F:\Kimi Work\视频工具箱\tools\python\Lib\site-packages\playwright\_impl\_console_message.py
   Compressing: F:\Kimi Work\视频工具箱\tools\python\Lib\site-packages\playwright\_impl\_credentials.py
   Compressing: F:\Kimi Work\视频工具箱\tools\python\Lib\site-packages\playwright\_impl\_debugger.py
   Compressing: F:\Kimi Work\视频工具箱\tools\python\Lib\site-packages\playwright\_impl\_dialog.py
   Compressing: F:\Kimi Work\视频工具箱\tools\python\Lib\site-packages\playwright\_impl\_disposable.py
   Compressing: F:\Kimi Work\视频工具箱\tools\python\Lib\site-packages\playwright\_impl\_download.py
   Compressing: F:\Kimi Work\视频工具箱\tools\python\Lib\site-packages\playwright\_impl\_driver.py
   Compressing: F:\Kimi Work\视频工具箱\tools\python\Lib\site-packages\playwright\_impl\_element_handle.py
   Compressing: F:\Kimi Work\视频工具箱\tools\python\Lib\site-packages\playwright\_impl\_errors.py
   Compressing: F:\Kimi Work\视频工具箱\tools\python\Lib\site-packages\playwright\_impl\_event_context_manager.py
   Compressing: F:\Kimi Work\视频工具箱\tools\python\Lib\site-packages\playwright\_impl\_fetch.py
   Compressing: F:\Kimi Work\视频工具箱\tools\python\Lib\site-packages\playwright\_impl\_file_chooser.py
   Compressing: F:\Kimi Work\视频工具箱\tools\python\Lib\site-packages\playwright\_impl\_form_data.py
   Compressing: F:\Kimi Work\视频工具箱\tools\python\Lib\site-packages\playwright\_impl\_frame.py
   Compressing: F:\Kimi Work\视频工具箱\tools\python\Lib\site-packages\playwright\_impl\_glob.py
   Compressing: F:\Kimi Work\视频工具箱\tools\python\Lib\site-packages\playwright\_impl\_greenlets.py
   Compressing: F:\Kimi Work\视频工具箱\tools\python\Lib\site-packages\playwright\_impl\_har_router.py
   Compressing: F:\Kimi Work\视频工具箱\tools\python\Lib\site-packages\playwright\_impl\_helper.py
   Compressing: F:\Kimi Work\视频工具箱\tools\python\Lib\site-packages\playwright\_impl\_impl_to_api_mapping.py
   Compressing: F:\Kimi Work\视频工具箱\tools\python\Lib\site-packages\playwright\_impl\_input.py
   Compressing: F:\Kimi Work\视频工具箱\tools\python\Lib\site-packages\playwright\_impl\_json_pipe.py
   Compressing: F:\Kimi Work\视频工具箱\tools\python\Lib\site-packages\playwright\_impl\_js_handle.py
   Compressing: F:\Kimi Work\视频工具箱\tools\python\Lib\site-packages\playwright\_impl\_local_utils.py
   Compressing: F:\Kimi Work\视频工具箱\tools\python\Lib\site-packages\playwright\_impl\_locator.py
   Compressing: F:\Kimi Work\视频工具箱\tools\python\Lib\site-packages\playwright\_impl\_map.py
   Compressing: F:\Kimi Work\视频工具箱\tools\python\Lib\site-packages\playwright\_impl\_network.py
   Compressing: F:\Kimi Work\视频工具箱\tools\python\Lib\site-packages\playwright\_impl\_object_factory.py
   Compressing: F:\Kimi Work\视频工具箱\tools\python\Lib\site-packages\playwright\_impl\_page.py
   Compressing: F:\Kimi Work\视频工具箱\tools\python\Lib\site-packages\playwright\_impl\_path_utils.py
   Compressing: F:\Kimi Work\视频工具箱\tools\python\Lib\site-packages\playwright\_impl\_playwright.py
   Compressing: F:\Kimi Work\视频工具箱\tools\python\Lib\site-packages\playwright\_impl\_screencast.py
   Compressing: F:\Kimi Work\视频工具箱\tools\python\Lib\site-packages\playwright\_impl\_selectors.py
   Compressing: F:\Kimi Work\视频工具箱\tools\python\Lib\site-packages\playwright\_impl\_set_input_files_helpers.py
   Compressing: F:\Kimi Work\视频工具箱\tools\python\Lib\site-packages\playwright\_impl\_stream.py
   Compressing: F:\Kimi Work\视频工具箱\tools\python\Lib\site-packages\playwright\_impl\_str_utils.py
   Compressing: F:\Kimi Work\视频工具箱\tools\python\Lib\site-packages\playwright\_impl\_sync_base.py
   Compressing: F:\Kimi Work\视频工具箱\tools\python\Lib\site-packages\playwright\_impl\_tracing.py
   Compressing: F:\Kimi Work\视频工具箱\tools\python\Lib\site-packages\playwright\_impl\_transport.py
   Compressing: F:\Kimi Work\视频工具箱\tools\python\Lib\site-packages\playwright\_impl\_video.py
   Compressing: F:\Kimi Work\视频工具箱\tools\python\Lib\site-packages\playwright\_impl\_waiter.py
   Compressing: F:\Kimi Work\视频工具箱\tools\python\Lib\site-packages\playwright\_impl\_web_error.py
   Compressing: F:\Kimi Work\视频工具箱\tools\python\Lib\site-packages\playwright\_impl\_web_storage.py
   Compressing: F:\Kimi Work\视频工具箱\tools\python\Lib\site-packages\playwright\_impl\_writable_stream.py
   Compressing: F:\Kimi Work\视频工具箱\tools\python\Lib\site-packages\playwright\_impl\__init__.py
   Compressing: F:\Kimi Work\视频工具箱\tools\python\Lib\site-packages\playwright\_impl\__pyinstaller\hook-playwright.async_api.py
   Compressing: F:\Kimi Work\视频工具箱\tools\python\Lib\site-packages\playwright\_impl\__pyinstaller\hook-playwright.sync_api.py
   Compressing: F:\Kimi Work\视频工具箱\tools\python\Lib\site-packages\playwright\_impl\__pyinstaller\__init__.py
   Compressing: F:\Kimi Work\视频工具箱\tools\python\Lib\site-packages\playwright-1.62.0.dist-info\entry_points.txt
   Compressing: F:\Kimi Work\视频工具箱\tools\python\Lib\site-packages\playwright-1.62.0.dist-info\INSTALLER
   Compressing: F:\Kimi Work\视频工具箱\tools\python\Lib\site-packages\playwright-1.62.0.dist-info\METADATA
   Compressing: F:\Kimi Work\视频工具箱\tools\python\Lib\site-packages\playwright-1.62.0.dist-info\RECORD
   Compressing: F:\Kimi Work\视频工具箱\tools\python\Lib\site-packages\playwright-1.62.0.dist-info\REQUESTED
   Compressing: F:\Kimi Work\视频工具箱\tools\python\Lib\site-packages\playwright-1.62.0.dist-info\top_level.txt
   Compressing: F:\Kimi Work\视频工具箱\tools\python\Lib\site-packages\playwright-1.62.0.dist-info\WHEEL
   Compressing: F:\Kimi Work\视频工具箱\tools\python\Lib\site-packages\playwright-1.62.0.dist-info\licenses\LICENSE
   Compressing: F:\Kimi Work\视频工具箱\tools\python\Lib\site-packages\protobuf-7.36.1.dist-info\INSTALLER
   Compressing: F:\Kimi Work\视频工具箱\tools\python\Lib\site-packages\protobuf-7.36.1.dist-info\LICENSE
   Compressing: F:\Kimi Work\视频工具箱\tools\python\Lib\site-packages\protobuf-7.36.1.dist-info\METADATA
   Compressing: F:\Kimi Work\视频工具箱\tools\python\Lib\site-packages\protobuf-7.36.1.dist-info\RECORD
   Compressing: F:\Kimi Work\视频工具箱\tools\python\Lib\site-packages\protobuf-7.36.1.dist-info\WHEEL
   Compressing: F:\Kimi Work\视频工具箱\tools\python\Lib\site-packages\pyautogui\_pyautogui_java.py
   Compressing: F:\Kimi Work\视频工具箱\tools\python\Lib\site-packages\pyautogui\_pyautogui_osx.py
   Compressing: F:\Kimi Work\视频工具箱\tools\python\Lib\site-packages\pyautogui\_pyautogui_win.py
   Compressing: F:\Kimi Work\视频工具箱\tools\python\Lib\site-packages\pyautogui\_pyautogui_x11.py
   Compressing: F:\Kimi Work\视频工具箱\tools\python\Lib\site-packages\pyautogui\__init__.py
   Compressing: F:\Kimi Work\视频工具箱\tools\python\Lib\site-packages\pyautogui\__main__.py
   Compressing: F:\Kimi Work\视频工具箱\tools\python\Lib\site-packages\pyautogui-0.9.54.dist-info\INSTALLER
   Compressing: F:\Kimi Work\视频工具箱\tools\python\Lib\site-packages\pyautogui-0.9.54.dist-info\METADATA
   Compressing: F:\Kimi Work\视频工具箱\tools\python\Lib\site-packages\pyautogui-0.9.54.dist-info\RECORD
   Compressing: F:\Kimi Work\视频工具箱\tools\python\Lib\site-packages\pyautogui-0.9.54.dist-info\REQUESTED
   Compressing: F:\Kimi Work\视频工具箱\tools\python\Lib\site-packages\pyautogui-0.9.54.dist-info\top_level.txt
   Compressing: F:\Kimi Work\视频工具箱\tools\python\Lib\site-packages\pyautogui-0.9.54.dist-info\WHEEL
   Compressing: F:\Kimi Work\视频工具箱\tools\python\Lib\site-packages\pyautogui-0.9.54.dist-info\licenses\AUTHORS.txt
   Compressing: F:\Kimi Work\视频工具箱\tools\python\Lib\site-packages\pyautogui-0.9.54.dist-info\licenses\LICENSE.txt
   Compressing: F:\Kimi Work\视频工具箱\tools\python\Lib\site-packages\pyee\asyncio.py
   Compressing: F:\Kimi Work\视频工具箱\tools\python\Lib\site-packages\pyee\base.py
   Compressing: F:\Kimi Work\视频工具箱\tools\python\Lib\site-packages\pyee\cls.py
   Compressing: F:\Kimi Work\视频工具箱\tools\python\Lib\site-packages\pyee\executor.py
   Compressing: F:\Kimi Work\视频工具箱\tools\python\Lib\site-packages\pyee\py.typed
   Compressing: F:\Kimi Work\视频工具箱\tools\python\Lib\site-packages\pyee\trio.py
   Compressing: F:\Kimi Work\视频工具箱\tools\python\Lib\site-packages\pyee\twisted.py
   Compressing: F:\Kimi Work\视频工具箱\tools\python\Lib\site-packages\pyee\uplift.py
   Compressing: F:\Kimi Work\视频工具箱\tools\python\Lib\site-packages\pyee\__init__.py
   Compressing: F:\Kimi Work\视频工具箱\tools\python\Lib\site-packages\pyee-13.0.1.dist-info\INSTALLER
   Compressing: F:\Kimi Work\视频工具箱\tools\python\Lib\site-packages\pyee-13.0.1.dist-info\METADATA
   Compressing: F:\Kimi Work\视频工具箱\tools\python\Lib\site-packages\pyee-13.0.1.dist-info\RECORD
   Compressing: F:\Kimi Work\视频工具箱\tools\python\Lib\site-packages\pyee-13.0.1.dist-info\top_level.txt
   Compressing: F:\Kimi Work\视频工具箱\tools\python\Lib\site-packages\pyee-13.0.1.dist-info\WHEEL
   Compressing: F:\Kimi Work\视频工具箱\tools\python\Lib\site-packages\pyee-13.0.1.dist-info\licenses\LICENSE
   Compressing: F:\Kimi Work\视频工具箱\tools\python\Lib\site-packages\pygetwindow\_pygetwindow_macos.py
   Compressing: F:\Kimi Work\视频工具箱\tools\python\Lib\site-packages\pygetwindow\_pygetwindow_win.py
   Compressing: F:\Kimi Work\视频工具箱\tools\python\Lib\site-packages\pygetwindow\__init__.py
   Compressing: F:\Kimi Work\视频工具箱\tools\python\Lib\site-packages\pygetwindow-0.0.9.dist-info\INSTALLER
   Compressing: F:\Kimi Work\视频工具箱\tools\python\Lib\site-packages\pygetwindow-0.0.9.dist-info\METADATA
   Compressing: F:\Kimi Work\视频工具箱\tools\python\Lib\site-packages\pygetwindow-0.0.9.dist-info\RECORD
   Compressing: F:\Kimi Work\视频工具箱\tools\python\Lib\site-packages\pygetwindow-0.0.9.dist-info\top_level.txt
   Compressing: F:\Kimi Work\视频工具箱\tools\python\Lib\site-packages\pygetwindow-0.0.9.dist-info\WHEEL
   Compressing: F:\Kimi Work\视频工具箱\tools\python\Lib\site-packages\pymsgbox\_native_win.py
   Compressing: F:\Kimi Work\视频工具箱\tools\python\Lib\site-packages\pymsgbox\__init__.py
   Compressing: F:\Kimi Work\视频工具箱\tools\python\Lib\site-packages\pymsgbox-2.0.1.dist-info\INSTALLER
   Compressing: F:\Kimi Work\视频工具箱\tools\python\Lib\site-packages\pymsgbox-2.0.1.dist-info\METADATA
   Compressing: F:\Kimi Work\视频工具箱\tools\python\Lib\site-packages\pymsgbox-2.0.1.dist-info\RECORD
   Compressing: F:\Kimi Work\视频工具箱\tools\python\Lib\site-packages\pymsgbox-2.0.1.dist-info\top_level.txt
   Compressing: F:\Kimi Work\视频工具箱\tools\python\Lib\site-packages\pymsgbox-2.0.1.dist-info\WHEEL
   Compressing: F:\Kimi Work\视频工具箱\tools\python\Lib\site-packages\pymsgbox-2.0.1.dist-info\licenses\AUTHORS.txt
   Compressing: F:\Kimi Work\视频工具箱\tools\python\Lib\site-packages\pymsgbox-2.0.1.dist-info\licenses\LICENSE.txt
   Compressing: F:\Kimi Work\视频工具箱\tools\python\Lib\site-packages\pyperclip\__init__.py
   Compressing: F:\Kimi Work\视频工具箱\tools\python\Lib\site-packages\pyperclip\__main__.py
   Compressing: F:\Kimi Work\视频工具箱\tools\python\Lib\site-packages\pyperclip-1.11.0.dist-info\INSTALLER
   Compressing: F:\Kimi Work\视频工具箱\tools\python\Lib\site-packages\pyperclip-1.11.0.dist-info\METADATA
   Compressing: F:\Kimi Work\视频工具箱\tools\python\Lib\site-packages\pyperclip-1.11.0.dist-info\RECORD
   Compressing: F:\Kimi Work\视频工具箱\tools\python\Lib\site-packages\pyperclip-1.11.0.dist-info\REQUESTED
   Compressing: F:\Kimi Work\视频工具箱\tools\python\Lib\site-packages\pyperclip-1.11.0.dist-info\top_level.txt
   Compressing: F:\Kimi Work\视频工具箱\tools\python\Lib\site-packages\pyperclip-1.11.0.dist-info\WHEEL
   Compressing: F:\Kimi Work\视频工具箱\tools\python\Lib\site-packages\pyperclip-1.11.0.dist-info\licenses\AUTHORS.txt
   Compressing: F:\Kimi Work\视频工具箱\tools\python\Lib\site-packages\pyperclip-1.11.0.dist-info\licenses\LICENSE.txt
   Compressing: F:\Kimi Work\视频工具箱\tools\python\Lib\site-packages\pyrect\__init__.py
   Compressing: F:\Kimi Work\视频工具箱\tools\python\Lib\site-packages\pyrect-0.2.0.dist-info\INSTALLER
   Compressing: F:\Kimi Work\视频工具箱\tools\python\Lib\site-packages\pyrect-0.2.0.dist-info\METADATA
   Compressing: F:\Kimi Work\视频工具箱\tools\python\Lib\site-packages\pyrect-0.2.0.dist-info\RECORD
   Compressing: F:\Kimi Work\视频工具箱\tools\python\Lib\site-packages\pyrect-0.2.0.dist-info\top_level.txt
   Compressing: F:\Kimi Work\视频工具箱\tools\python\Lib\site-packages\pyrect-0.2.0.dist-info\WHEEL
   Compressing: F:\Kimi Work\视频工具箱\tools\python\Lib\site-packages\pyrect-0.2.0.dist-info\licenses\AUTHORS.txt
   Compressing: F:\Kimi Work\视频工具箱\tools\python\Lib\site-packages\pyrect-0.2.0.dist-info\licenses\LICENSE.txt
   Compressing: F:\Kimi Work\视频工具箱\tools\python\Lib\site-packages\pyscreeze\__init__.py
   Compressing: F:\Kimi Work\视频工具箱\tools\python\Lib\site-packages\pyscreeze-1.0.1.dist-info\INSTALLER
   Compressing: F:\Kimi Work\视频工具箱\tools\python\Lib\site-packages\pyscreeze-1.0.1.dist-info\METADATA
   Compressing: F:\Kimi Work\视频工具箱\tools\python\Lib\site-packages\pyscreeze-1.0.1.dist-info\RECORD
   Compressing: F:\Kimi Work\视频工具箱\tools\python\Lib\site-packages\pyscreeze-1.0.1.dist-info\top_level.txt
   Compressing: F:\Kimi Work\视频工具箱\tools\python\Lib\site-packages\pyscreeze-1.0.1.dist-info\WHEEL
   Compressing: F:\Kimi Work\视频工具箱\tools\python\Lib\site-packages\pyscreeze-1.0.1.dist-info\licenses\AUTHORS.txt
   Compressing: F:\Kimi Work\视频工具箱\tools\python\Lib\site-packages\pyscreeze-1.0.1.dist-info\licenses\LICENSE.txt
   Compressing: F:\Kimi Work\视频工具箱\tools\python\Lib\site-packages\pytweening\__init__.py
   Compressing: F:\Kimi Work\视频工具箱\tools\python\Lib\site-packages\pytweening-1.2.0.dist-info\INSTALLER
   Compressing: F:\Kimi Work\视频工具箱\tools\python\Lib\site-packages\pytweening-1.2.0.dist-info\METADATA
   Compressing: F:\Kimi Work\视频工具箱\tools\python\Lib\site-packages\pytweening-1.2.0.dist-info\RECORD
   Compressing: F:\Kimi Work\视频工具箱\tools\python\Lib\site-packages\pytweening-1.2.0.dist-info\top_level.txt
   Compressing: F:\Kimi Work\视频工具箱\tools\python\Lib\site-packages\pytweening-1.2.0.dist-info\WHEEL
   Compressing: F:\Kimi Work\视频工具箱\tools\python\Lib\site-packages\pytweening-1.2.0.dist-info\licenses\AUTHORS.txt
   Compressing: F:\Kimi Work\视频工具箱\tools\python\Lib\site-packages\pytweening-1.2.0.dist-info\licenses\LICENSE.txt
   Compressing: F:\Kimi Work\视频工具箱\tools\python\Lib\site-packages\pyyaml-6.0.3.dist-info\INSTALLER
   Compressing: F:\Kimi Work\视频工具箱\tools\python\Lib\site-packages\pyyaml-6.0.3.dist-info\METADATA
   Compressing: F:\Kimi Work\视频工具箱\tools\python\Lib\site-packages\pyyaml-6.0.3.dist-info\RECORD
   Compressing: F:\Kimi Work\视频工具箱\tools\python\Lib\site-packages\pyyaml-6.0.3.dist-info\top_level.txt
   Compressing: F:\Kimi Work\视频工具箱\tools\python\Lib\site-packages\pyyaml-6.0.3.dist-info\WHEEL
   Compressing: F:\Kimi Work\视频工具箱\tools\python\Lib\site-packages\pyyaml-6.0.3.dist-info\licenses\LICENSE
   Compressing: F:\Kimi Work\视频工具箱\tools\python\Lib\site-packages\requests\adapters.py
   Compressing: F:\Kimi Work\视频工具箱\tools\python\Lib\site-packages\requests\api.py
   Compressing: F:\Kimi Work\视频工具箱\tools\python\Lib\site-packages\requests\auth.py
   Compressing: F:\Kimi Work\视频工具箱\tools\python\Lib\site-packages\requests\certs.py
   Compressing: F:\Kimi Work\视频工具箱\tools\python\Lib\site-packages\requests\compat.py
   Compressing: F:\Kimi Work\视频工具箱\tools\python\Lib\site-packages\requests\cookies.py
   Compressing: F:\Kimi Work\视频工具箱\tools\python\Lib\site-packages\requests\exceptions.py
   Compressing: F:\Kimi Work\视频工具箱\tools\python\Lib\site-packages\requests\help.py
   Compressing: F:\Kimi Work\视频工具箱\tools\python\Lib\site-packages\requests\hooks.py
   Compressing: F:\Kimi Work\视频工具箱\tools\python\Lib\site-packages\requests\models.py
   Compressing: F:\Kimi Work\视频工具箱\tools\python\Lib\site-packages\requests\packages.py
   Compressing: F:\Kimi Work\视频工具箱\tools\python\Lib\site-packages\requests\py.typed
   Compressing: F:\Kimi Work\视频工具箱\tools\python\Lib\site-packages\requests\sessions.py
   Compressing: F:\Kimi Work\视频工具箱\tools\python\Lib\site-packages\requests\status_codes.py
   Compressing: F:\Kimi Work\视频工具箱\tools\python\Lib\site-packages\requests\structures.py
   Compressing: F:\Kimi Work\视频工具箱\tools\python\Lib\site-packages\requests\utils.py
   Compressing: F:\Kimi Work\视频工具箱\tools\python\Lib\site-packages\requests\_internal_utils.py
   Compressing: F:\Kimi Work\视频工具箱\tools\python\Lib\site-packages\requests\_types.py
   Compressing: F:\Kimi Work\视频工具箱\tools\python\Lib\site-packages\requests\__init__.py
   Compressing: F:\Kimi Work\视频工具箱\tools\python\Lib\site-packages\requests\__version__.py
   Compressing: F:\Kimi Work\视频工具箱\tools\python\Lib\site-packages\requests-2.34.2.dist-info\INSTALLER
   Compressing: F:\Kimi Work\视频工具箱\tools\python\Lib\site-packages\requests-2.34.2.dist-info\METADATA
   Compressing: F:\Kimi Work\视频工具箱\tools\python\Lib\site-packages\requests-2.34.2.dist-info\RECORD
   Compressing: F:\Kimi Work\视频工具箱\tools\python\Lib\site-packages\requests-2.34.2.dist-info\top_level.txt
   Compressing: F:\Kimi Work\视频工具箱\tools\python\Lib\site-packages\requests-2.34.2.dist-info\WHEEL
   Compressing: F:\Kimi Work\视频工具箱\tools\python\Lib\site-packages\requests-2.34.2.dist-info\licenses\LICENSE
   Compressing: F:\Kimi Work\视频工具箱\tools\python\Lib\site-packages\requests-2.34.2.dist-info\licenses\NOTICE
   Compressing: F:\Kimi Work\视频工具箱\tools\python\Lib\site-packages\Scripts\bottle.exe
   Compressing: F:\Kimi Work\视频工具箱\tools\python\Lib\site-packages\Scripts\bottle.py
   Compressing: F:\Kimi Work\视频工具箱\tools\python\Lib\site-packages\Scripts\cffi-gen-src.exe
   Compressing: F:\Kimi Work\视频工具箱\tools\python\Lib\site-packages\Scripts\ct2-fairseq-converter.exe
   Compressing: F:\Kimi Work\视频工具箱\tools\python\Lib\site-packages\Scripts\ct2-marian-converter.exe
   Compressing: F:\Kimi Work\视频工具箱\tools\python\Lib\site-packages\Scripts\ct2-openai-gpt2-converter.exe
   Compressing: F:\Kimi Work\视频工具箱\tools\python\Lib\site-packages\Scripts\ct2-opennmt-py-converter.exe
   Compressing: F:\Kimi Work\视频工具箱\tools\python\Lib\site-packages\Scripts\ct2-opennmt-tf-converter.exe
   Compressing: F:\Kimi Work\视频工具箱\tools\python\Lib\site-packages\Scripts\ct2-opus-mt-converter.exe
   Compressing: F:\Kimi Work\视频工具箱\tools\python\Lib\site-packages\Scripts\ct2-transformers-converter.exe
   Compressing: F:\Kimi Work\视频工具箱\tools\python\Lib\site-packages\Scripts\f2py.exe
   Compressing: F:\Kimi Work\视频工具箱\tools\python\Lib\site-packages\Scripts\fastapi.exe
   Compressing: F:\Kimi Work\视频工具箱\tools\python\Lib\site-packages\Scripts\gradio.exe
   Compressing: F:\Kimi Work\视频工具箱\tools\python\Lib\site-packages\Scripts\hf-gradio.exe
   Compressing: F:\Kimi Work\视频工具箱\tools\python\Lib\site-packages\Scripts\hf.exe
   Compressing: F:\Kimi Work\视频工具箱\tools\python\Lib\site-packages\Scripts\httpx.exe
   Compressing: F:\Kimi Work\视频工具箱\tools\python\Lib\site-packages\Scripts\httpx2.exe
   Compressing: F:\Kimi Work\视频工具箱\tools\python\Lib\site-packages\Scripts\huggingface-cli.exe
   Compressing: F:\Kimi Work\视频工具箱\tools\python\Lib\site-packages\Scripts\idna.exe
   Compressing: F:\Kimi Work\视频工具箱\tools\python\Lib\site-packages\Scripts\imageio_download_bin.exe
   Compressing: F:\Kimi Work\视频工具箱\tools\python\Lib\site-packages\Scripts\imageio_remove_bin.exe
   Compressing: F:\Kimi Work\视频工具箱\tools\python\Lib\site-packages\Scripts\isympy.exe
   Compressing: F:\Kimi Work\视频工具箱\tools\python\Lib\site-packages\Scripts\jsonschema.exe
   Compressing: F:\Kimi Work\视频工具箱\tools\python\Lib\site-packages\Scripts\lsm2bin.exe
   Compressing: F:\Kimi Work\视频工具箱\tools\python\Lib\site-packages\Scripts\markdown-it.exe
   Compressing: F:\Kimi Work\视频工具箱\tools\python\Lib\site-packages\Scripts\normalizer.exe
   Compressing: F:\Kimi Work\视频工具箱\tools\python\Lib\site-packages\Scripts\numba
   Compressing: F:\Kimi Work\视频工具箱\tools\python\Lib\site-packages\Scripts\numpy-config.exe
   Compressing: F:\Kimi Work\视频工具箱\tools\python\Lib\site-packages\Scripts\onnxruntime_test.exe
   Compressing: F:\Kimi Work\视频工具箱\tools\python\Lib\site-packages\Scripts\pip.exe
   Compressing: F:\Kimi Work\视频工具箱\tools\python\Lib\site-packages\Scripts\pip3.12.exe
   Compressing: F:\Kimi Work\视频工具箱\tools\python\Lib\site-packages\Scripts\pip3.exe
   Compressing: F:\Kimi Work\视频工具箱\tools\python\Lib\site-packages\Scripts\playwright.exe
   Compressing: F:\Kimi Work\视频工具箱\tools\python\Lib\site-packages\Scripts\py7zr.exe
   Compressing: F:\Kimi Work\视频工具箱\tools\python\Lib\site-packages\Scripts\pyav.exe
   Compressing: F:\Kimi Work\视频工具箱\tools\python\Lib\site-packages\Scripts\pygmentize.exe
   Compressing: F:\Kimi Work\视频工具箱\tools\python\Lib\site-packages\Scripts\pyi-archive_viewer.exe
   Compressing: F:\Kimi Work\视频工具箱\tools\python\Lib\site-packages\Scripts\pyi-bindepend.exe
   Compressing: F:\Kimi Work\视频工具箱\tools\python\Lib\site-packages\Scripts\pyi-grab_version.exe
   Compressing: F:\Kimi Work\视频工具箱\tools\python\Lib\site-packages\Scripts\pyi-makespec.exe
   Compressing: F:\Kimi Work\视频工具箱\tools\python\Lib\site-packages\Scripts\pyi-set_version.exe
   Compressing: F:\Kimi Work\视频工具箱\tools\python\Lib\site-packages\Scripts\pyinstaller.exe
   Compressing: F:\Kimi Work\视频工具箱\tools\python\Lib\site-packages\Scripts\rembg.exe
   Compressing: F:\Kimi Work\视频工具箱\tools\python\Lib\site-packages\Scripts\tiff2fsspec.exe
   Compressing: F:\Kimi Work\视频工具箱\tools\python\Lib\site-packages\Scripts\tiffcomment.exe
   Compressing: F:\Kimi Work\视频工具箱\tools\python\Lib\site-packages\Scripts\tifffile.exe
   Compressing: F:\Kimi Work\视频工具箱\tools\python\Lib\site-packages\Scripts\tiny-agents.exe
   Compressing: F:\Kimi Work\视频工具箱\tools\python\Lib\site-packages\Scripts\torchfrtrace.exe
   Compressing: F:\Kimi Work\视频工具箱\tools\python\Lib\site-packages\Scripts\torchrun.exe
   Compressing: F:\Kimi Work\视频工具箱\tools\python\Lib\site-packages\Scripts\tqdm.exe
   Compressing: F:\Kimi Work\视频工具箱\tools\python\Lib\site-packages\Scripts\typer.exe
   Compressing: F:\Kimi Work\视频工具箱\tools\python\Lib\site-packages\Scripts\upload_theme.exe
   Compressing: F:\Kimi Work\视频工具箱\tools\python\Lib\site-packages\Scripts\uvicorn.exe
   Compressing: F:\Kimi Work\视频工具箱\tools\python\Lib\site-packages\share\man\man1\isympy.1
   Compressing: F:\Kimi Work\视频工具箱\tools\python\Lib\site-packages\sniffio\py.typed
   Compressing: F:\Kimi Work\视频工具箱\tools\python\Lib\site-packages\sniffio\_impl.py
   Compressing: F:\Kimi Work\视频工具箱\tools\python\Lib\site-packages\sniffio\_version.py
   Compressing: F:\Kimi Work\视频工具箱\tools\python\Lib\site-packages\sniffio\__init__.py
   Compressing: F:\Kimi Work\视频工具箱\tools\python\Lib\site-packages\sniffio\_tests\test_sniffio.py
   Compressing: F:\Kimi Work\视频工具箱\tools\python\Lib\site-packages\sniffio\_tests\__init__.py
   Compressing: F:\Kimi Work\视频工具箱\tools\python\Lib\site-packages\sniffio-1.3.1.dist-info\INSTALLER
   Compressing: F:\Kimi Work\视频工具箱\tools\python\Lib\site-packages\sniffio-1.3.1.dist-info\LICENSE
   Compressing: F:\Kimi Work\视频工具箱\tools\python\Lib\site-packages\sniffio-1.3.1.dist-info\LICENSE.APACHE2
   Compressing: F:\Kimi Work\视频工具箱\tools\python\Lib\site-packages\sniffio-1.3.1.dist-info\LICENSE.MIT
   Compressing: F:\Kimi Work\视频工具箱\tools\python\Lib\site-packages\sniffio-1.3.1.dist-info\METADATA
   Compressing: F:\Kimi Work\视频工具箱\tools\python\Lib\site-packages\sniffio-1.3.1.dist-info\RECORD
   Compressing: F:\Kimi Work\视频工具箱\tools\python\Lib\site-packages\sniffio-1.3.1.dist-info\top_level.txt
   Compressing: F:\Kimi Work\视频工具箱\tools\python\Lib\site-packages\sniffio-1.3.1.dist-info\WHEEL
   Compressing: F:\Kimi Work\视频工具箱\tools\python\Lib\site-packages\tokenizers\decoders.pyi
   Compressing: F:\Kimi Work\视频工具箱\tools\python\Lib\site-packages\tokenizers\models.pyi
   Compressing: F:\Kimi Work\视频工具箱\tools\python\Lib\site-packages\tokenizers\normalizers.pyi
   Compressing: F:\Kimi Work\视频工具箱\tools\python\Lib\site-packages\tokenizers\pre_tokenizers.pyi
   Compressing: F:\Kimi Work\视频工具箱\tools\python\Lib\site-packages\tokenizers\processors.pyi
   Compressing: F:\Kimi Work\视频工具箱\tools\python\Lib\site-packages\tokenizers\py.typed
   Compressing: F:\Kimi Work\视频工具箱\tools\python\Lib\site-packages\tokenizers\tokenizers.pyd
   Compressing: F:\Kimi Work\视频工具箱\tools\python\Lib\site-packages\tokenizers\tokenizers.pyi
   Compressing: F:\Kimi Work\视频工具箱\tools\python\Lib\site-packages\tokenizers\trainers.pyi
   Compressing: F:\Kimi Work\视频工具箱\tools\python\Lib\site-packages\tokenizers\__init__.py
   Compressing: F:\Kimi Work\视频工具箱\tools\python\Lib\site-packages\tokenizers\__init__.pyi
   Compressing: F:\Kimi Work\视频工具箱\tools\python\Lib\site-packages\tokenizers\decoders\__init__.py
   Compressing: F:\Kimi Work\视频工具箱\tools\python\Lib\site-packages\tokenizers\implementations\base_tokenizer.py
   Compressing: F:\Kimi Work\视频工具箱\tools\python\Lib\site-packages\tokenizers\implementations\bert_wordpiece.py
   Compressing: F:\Kimi Work\视频工具箱\tools\python\Lib\site-packages\tokenizers\implementations\byte_level_bpe.py
   Compressing: F:\Kimi Work\视频工具箱\tools\python\Lib\site-packages\tokenizers\implementations\char_level_bpe.py
   Compressing: F:\Kimi Work\视频工具箱\tools\python\Lib\site-packages\tokenizers\implementations\sentencepiece_bpe.py
   Compressing: F:\Kimi Work\视频工具箱\tools\python\Lib\site-packages\tokenizers\implementations\sentencepiece_unigram.py
   Compressing: F:\Kimi Work\视频工具箱\tools\python\Lib\site-packages\tokenizers\implementations\__init__.py
   Compressing: F:\Kimi Work\视频工具箱\tools\python\Lib\site-packages\tokenizers\models\__init__.py
   Compressing: F:\Kimi Work\视频工具箱\tools\python\Lib\site-packages\tokenizers\normalizers\__init__.py
   Compressing: F:\Kimi Work\视频工具箱\tools\python\Lib\site-packages\tokenizers\pre_tokenizers\__init__.py
   Compressing: F:\Kimi Work\视频工具箱\tools\python\Lib\site-packages\tokenizers\processors\__init__.py
   Compressing: F:\Kimi Work\视频工具箱\tools\python\Lib\site-packages\tokenizers\tools\visualizer-styles.css
   Compressing: F:\Kimi Work\视频工具箱\tools\python\Lib\site-packages\tokenizers\tools\visualizer.py
   Compressing: F:\Kimi Work\视频工具箱\tools\python\Lib\site-packages\tokenizers\tools\__init__.py
   Compressing: F:\Kimi Work\视频工具箱\tools\python\Lib\site-packages\tokenizers\trainers\__init__.py
   Compressing: F:\Kimi Work\视频工具箱\tools\python\Lib\site-packages\tokenizers\trainers\__init__.pyi
   Compressing: F:\Kimi Work\视频工具箱\tools\python\Lib\site-packages\tokenizers-0.23.2.dist-info\INSTALLER
   Compressing: F:\Kimi Work\视频工具箱\tools\python\Lib\site-packages\tokenizers-0.23.2.dist-info\METADATA
   Compressing: F:\Kimi Work\视频工具箱\tools\python\Lib\site-packages\tokenizers-0.23.2.dist-info\RECORD
   Compressing: F:\Kimi Work\视频工具箱\tools\python\Lib\site-packages\tokenizers-0.23.2.dist-info\WHEEL
   Compressing: F:\Kimi Work\视频工具箱\tools\python\Lib\site-packages\tokenizers-0.23.2.dist-info\sboms\tokenizers-python.cyclonedx.json
   Compressing: F:\Kimi Work\视频工具箱\tools\python\Lib\site-packages\tqdm\asyncio.py
   Compressing: F:\Kimi Work\视频工具箱\tools\python\Lib\site-packages\tqdm\auto.py
   Compressing: F:\Kimi Work\视频工具箱\tools\python\Lib\site-packages\tqdm\autonotebook.py
   Compressing: F:\Kimi Work\视频工具箱\tools\python\Lib\site-packages\tqdm\cli.py
   Compressing: F:\Kimi Work\视频工具箱\tools\python\Lib\site-packages\tqdm\completion.sh
   Compressing: F:\Kimi Work\视频工具箱\tools\python\Lib\site-packages\tqdm\dask.py
   Compressing: F:\Kimi Work\视频工具箱\tools\python\Lib\site-packages\tqdm\gui.py
   Compressing: F:\Kimi Work\视频工具箱\tools\python\Lib\site-packages\tqdm\keras.py
   Compressing: F:\Kimi Work\视频工具箱\tools\python\Lib\site-packages\tqdm\notebook.py
   Compressing: F:\Kimi Work\视频工具箱\tools\python\Lib\site-packages\tqdm\rich.py
   Compressing: F:\Kimi Work\视频工具箱\tools\python\Lib\site-packages\tqdm\std.py
   Compressing: F:\Kimi Work\视频工具箱\tools\python\Lib\site-packages\tqdm\tk.py
   Compressing: F:\Kimi Work\视频工具箱\tools\python\Lib\site-packages\tqdm\tqdm.1
   Compressing: F:\Kimi Work\视频工具箱\tools\python\Lib\site-packages\tqdm\utils.py
   Compressing: F:\Kimi Work\视频工具箱\tools\python\Lib\site-packages\tqdm\version.py
   Compressing: F:\Kimi Work\视频工具箱\tools\python\Lib\site-packages\tqdm\_main.py
   Compressing: F:\Kimi Work\视频工具箱\tools\python\Lib\site-packages\tqdm\_monitor.py
   Compressing: F:\Kimi Work\视频工具箱\tools\python\Lib\site-packages\tqdm\_tqdm.py
   Compressing: F:\Kimi Work\视频工具箱\tools\python\Lib\site-packages\tqdm\_tqdm_gui.py
   Compressing: F:\Kimi Work\视频工具箱\tools\python\Lib\site-packages\tqdm\_tqdm_notebook.py
   Compressing: F:\Kimi Work\视频工具箱\tools\python\Lib\site-packages\tqdm\_tqdm_pandas.py
   Compressing: F:\Kimi Work\视频工具箱\tools\python\Lib\site-packages\tqdm\_utils.py
   Compressing: F:\Kimi Work\视频工具箱\tools\python\Lib\site-packages\tqdm\__init__.py
   Compressing: F:\Kimi Work\视频工具箱\tools\python\Lib\site-packages\tqdm\__main__.py
   Compressing: F:\Kimi Work\视频工具箱\tools\python\Lib\site-packages\tqdm\contrib\bells.py
   Compressing: F:\Kimi Work\视频工具箱\tools\python\Lib\site-packages\tqdm\contrib\concurrent.py
   Compressing: F:\Kimi Work\视频工具箱\tools\python\Lib\site-packages\tqdm\contrib\discord.py
   Compressing: F:\Kimi Work\视频工具箱\tools\python\Lib\site-packages\tqdm\contrib\itertools.py
   Compressing: F:\Kimi Work\视频工具箱\tools\python\Lib\site-packages\tqdm\contrib\logging.py
   Compressing: F:\Kimi Work\视频工具箱\tools\python\Lib\site-packages\tqdm\contrib\slack.py
   Compressing: F:\Kimi Work\视频工具箱\tools\python\Lib\site-packages\tqdm\contrib\telegram.py
   Compressing: F:\Kimi Work\视频工具箱\tools\python\Lib\site-packages\tqdm\contrib\utils_worker.py
   Compressing: F:\Kimi Work\视频工具箱\tools\python\Lib\site-packages\tqdm\contrib\__init__.py
   Compressing: F:\Kimi Work\视频工具箱\tools\python\Lib\site-packages\tqdm-4.70.0.dist-info\entry_points.txt
   Compressing: F:\Kimi Work\视频工具箱\tools\python\Lib\site-packages\tqdm-4.70.0.dist-info\INSTALLER
   Compressing: F:\Kimi Work\视频工具箱\tools\python\Lib\site-packages\tqdm-4.70.0.dist-info\METADATA
   Compressing: F:\Kimi Work\视频工具箱\tools\python\Lib\site-packages\tqdm-4.70.0.dist-info\RECORD
   Compressing: F:\Kimi Work\视频工具箱\tools\python\Lib\site-packages\tqdm-4.70.0.dist-info\top_level.txt
   Compressing: F:\Kimi Work\视频工具箱\tools\python\Lib\site-packages\tqdm-4.70.0.dist-info\WHEEL
   Compressing: F:\Kimi Work\视频工具箱\tools\python\Lib\site-packages\tqdm-4.70.0.dist-info\licenses\LICENCE
   Compressing: F:\Kimi Work\视频工具箱\tools\python\Lib\site-packages\typing_extensions-4.16.0.dist-info\INSTALLER
   Compressing: F:\Kimi Work\视频工具箱\tools\python\Lib\site-packages\typing_extensions-4.16.0.dist-info\METADATA
   Compressing: F:\Kimi Work\视频工具箱\tools\python\Lib\site-packages\typing_extensions-4.16.0.dist-info\RECORD
   Compressing: F:\Kimi Work\视频工具箱\tools\python\Lib\site-packages\typing_extensions-4.16.0.dist-info\WHEEL
   Compressing: F:\Kimi Work\视频工具箱\tools\python\Lib\site-packages\typing_extensions-4.16.0.dist-info\licenses\LICENSE
   Compressing: F:\Kimi Work\视频工具箱\tools\python\Lib\site-packages\urllib3\connection.py
   Compressing: F:\Kimi Work\视频工具箱\tools\python\Lib\site-packages\urllib3\connectionpool.py
   Compressing: F:\Kimi Work\视频工具箱\tools\python\Lib\site-packages\urllib3\exceptions.py
   Compressing: F:\Kimi Work\视频工具箱\tools\python\Lib\site-packages\urllib3\fields.py
   Compressing: F:\Kimi Work\视频工具箱\tools\python\Lib\site-packages\urllib3\filepost.py
   Compressing: F:\Kimi Work\视频工具箱\tools\python\Lib\site-packages\urllib3\poolmanager.py
   Compressing: F:\Kimi Work\视频工具箱\tools\python\Lib\site-packages\urllib3\py.typed
   Compressing: F:\Kimi Work\视频工具箱\tools\python\Lib\site-packages\urllib3\response.py
   Compressing: F:\Kimi Work\视频工具箱\tools\python\Lib\site-packages\urllib3\_base_connection.py
   Compressing: F:\Kimi Work\视频工具箱\tools\python\Lib\site-packages\urllib3\_collections.py
   Compressing: F:\Kimi Work\视频工具箱\tools\python\Lib\site-packages\urllib3\_request_methods.py
   Compressing: F:\Kimi Work\视频工具箱\tools\python\Lib\site-packages\urllib3\_version.py
   Compressing: F:\Kimi Work\视频工具箱\tools\python\Lib\site-packages\urllib3\__init__.py
   Compressing: F:\Kimi Work\视频工具箱\tools\python\Lib\site-packages\urllib3\contrib\pyopenssl.py
   Compressing: F:\Kimi Work\视频工具箱\tools\python\Lib\site-packages\urllib3\contrib\socks.py
   Compressing: F:\Kimi Work\视频工具箱\tools\python\Lib\site-packages\urllib3\contrib\__init__.py
   Compressing: F:\Kimi Work\视频工具箱\tools\python\Lib\site-packages\urllib3\contrib\emscripten\connection.py
   Compressing: F:\Kimi Work\视频工具箱\tools\python\Lib\site-packages\urllib3\contrib\emscripten\emscripten_fetch_worker.js
   Compressing: F:\Kimi Work\视频工具箱\tools\python\Lib\site-packages\urllib3\contrib\emscripten\fetch.py
   Compressing: F:\Kimi Work\视频工具箱\tools\python\Lib\site-packages\urllib3\contrib\emscripten\request.py
   Compressing: F:\Kimi Work\视频工具箱\tools\python\Lib\site-packages\urllib3\contrib\emscripten\response.py
   Compressing: F:\Kimi Work\视频工具箱\tools\python\Lib\site-packages\urllib3\contrib\emscripten\__init__.py
   Compressing: F:\Kimi Work\视频工具箱\tools\python\Lib\site-packages\urllib3\http2\connection.py
   Compressing: F:\Kimi Work\视频工具箱\tools\python\Lib\site-packages\urllib3\http2\probe.py
   Compressing: F:\Kimi Work\视频工具箱\tools\python\Lib\site-packages\urllib3\http2\__init__.py
   Compressing: F:\Kimi Work\视频工具箱\tools\python\Lib\site-packages\urllib3\util\connection.py
   Compressing: F:\Kimi Work\视频工具箱\tools\python\Lib\site-packages\urllib3\util\proxy.py
   Compressing: F:\Kimi Work\视频工具箱\tools\python\Lib\site-packages\urllib3\util\request.py
   Compressing: F:\Kimi Work\视频工具箱\tools\python\Lib\site-packages\urllib3\util\response.py
   Compressing: F:\Kimi Work\视频工具箱\tools\python\Lib\site-packages\urllib3\util\retry.py
   Compressing: F:\Kimi Work\视频工具箱\tools\python\Lib\site-packages\urllib3\util\ssltransport.py
   Compressing: F:\Kimi Work\视频工具箱\tools\python\Lib\site-packages\urllib3\util\ssl_.py
   Compressing: F:\Kimi Work\视频工具箱\tools\python\Lib\site-packages\urllib3\util\ssl_match_hostname.py
   Compressing: F:\Kimi Work\视频工具箱\tools\python\Lib\site-packages\urllib3\util\timeout.py
   Compressing: F:\Kimi Work\视频工具箱\tools\python\Lib\site-packages\urllib3\util\url.py
   Compressing: F:\Kimi Work\视频工具箱\tools\python\Lib\site-packages\urllib3\util\util.py
   Compressing: F:\Kimi Work\视频工具箱\tools\python\Lib\site-packages\urllib3\util\wait.py
   Compressing: F:\Kimi Work\视频工具箱\tools\python\Lib\site-packages\urllib3\util\__init__.py
   Compressing: F:\Kimi Work\视频工具箱\tools\python\Lib\site-packages\urllib3-2.7.0.dist-info\INSTALLER
   Compressing: F:\Kimi Work\视频工具箱\tools\python\Lib\site-packages\urllib3-2.7.0.dist-info\METADATA
   Compressing: F:\Kimi Work\视频工具箱\tools\python\Lib\site-packages\urllib3-2.7.0.dist-info\RECORD
   Compressing: F:\Kimi Work\视频工具箱\tools\python\Lib\site-packages\urllib3-2.7.0.dist-info\WHEEL
   Compressing: F:\Kimi Work\视频工具箱\tools\python\Lib\site-packages\urllib3-2.7.0.dist-info\licenses\LICENSE.txt
   Compressing: F:\Kimi Work\视频工具箱\tools\python\Lib\site-packages\yaml\composer.py
   Compressing: F:\Kimi Work\视频工具箱\tools\python\Lib\site-packages\yaml\constructor.py
   Compressing: F:\Kimi Work\视频工具箱\tools\python\Lib\site-packages\yaml\cyaml.py
   Compressing: F:\Kimi Work\视频工具箱\tools\python\Lib\site-packages\yaml\dumper.py
   Compressing: F:\Kimi Work\视频工具箱\tools\python\Lib\site-packages\yaml\emitter.py
   Compressing: F:\Kimi Work\视频工具箱\tools\python\Lib\site-packages\yaml\error.py
   Compressing: F:\Kimi Work\视频工具箱\tools\python\Lib\site-packages\yaml\events.py
   Compressing: F:\Kimi Work\视频工具箱\tools\python\Lib\site-packages\yaml\loader.py
   Compressing: F:\Kimi Work\视频工具箱\tools\python\Lib\site-packages\yaml\nodes.py
   Compressing: F:\Kimi Work\视频工具箱\tools\python\Lib\site-packages\yaml\parser.py
   Compressing: F:\Kimi Work\视频工具箱\tools\python\Lib\site-packages\yaml\reader.py
   Compressing: F:\Kimi Work\视频工具箱\tools\python\Lib\site-packages\yaml\representer.py
   Compressing: F:\Kimi Work\视频工具箱\tools\python\Lib\site-packages\yaml\resolver.py
   Compressing: F:\Kimi Work\视频工具箱\tools\python\Lib\site-packages\yaml\scanner.py
   Compressing: F:\Kimi Work\视频工具箱\tools\python\Lib\site-packages\yaml\serializer.py
   Compressing: F:\Kimi Work\视频工具箱\tools\python\Lib\site-packages\yaml\tokens.py
   Compressing: F:\Kimi Work\视频工具箱\tools\python\Lib\site-packages\yaml\_yaml.cp312-win_amd64.pyd
   Compressing: F:\Kimi Work\视频工具箱\tools\python\Lib\site-packages\yaml\__init__.py
   Compressing: F:\Kimi Work\视频工具箱\tools\python\Lib\site-packages\_yaml\__init__.py
   Compressing: F:\Kimi Work\视频工具箱\tools\python\Lib\sqlite3\dbapi2.py
   Compressing: F:\Kimi Work\视频工具箱\tools\python\Lib\sqlite3\dump.py
   Compressing: F:\Kimi Work\视频工具箱\tools\python\Lib\sqlite3\__init__.py
   Compressing: F:\Kimi Work\视频工具箱\tools\python\Lib\sqlite3\__main__.py
   Compressing: F:\Kimi Work\视频工具箱\tools\python\Lib\tkinter\colorchooser.py
   Compressing: F:\Kimi Work\视频工具箱\tools\python\Lib\tkinter\commondialog.py
   Compressing: F:\Kimi Work\视频工具箱\tools\python\Lib\tkinter\constants.py
   Compressing: F:\Kimi Work\视频工具箱\tools\python\Lib\tkinter\dialog.py
   Compressing: F:\Kimi Work\视频工具箱\tools\python\Lib\tkinter\dnd.py
   Compressing: F:\Kimi Work\视频工具箱\tools\python\Lib\tkinter\filedialog.py
   Compressing: F:\Kimi Work\视频工具箱\tools\python\Lib\tkinter\font.py
   Compressing: F:\Kimi Work\视频工具箱\tools\python\Lib\tkinter\messagebox.py
   Compressing: F:\Kimi Work\视频工具箱\tools\python\Lib\tkinter\scrolledtext.py
   Compressing: F:\Kimi Work\视频工具箱\tools\python\Lib\tkinter\simpledialog.py
   Compressing: F:\Kimi Work\视频工具箱\tools\python\Lib\tkinter\tix.py
   Compressing: F:\Kimi Work\视频工具箱\tools\python\Lib\tkinter\ttk.py
   Compressing: F:\Kimi Work\视频工具箱\tools\python\Lib\tkinter\__init__.py
   Compressing: F:\Kimi Work\视频工具箱\tools\python\Lib\tkinter\__main__.py
   Compressing: F:\Kimi Work\视频工具箱\tools\python\Lib\tomllib\_parser.py
   Compressing: F:\Kimi Work\视频工具箱\tools\python\Lib\tomllib\_re.py
   Compressing: F:\Kimi Work\视频工具箱\tools\python\Lib\tomllib\_types.py
   Compressing: F:\Kimi Work\视频工具箱\tools\python\Lib\tomllib\__init__.py
   Compressing: F:\Kimi Work\视频工具箱\tools\python\Lib\unittest\async_case.py
   Compressing: F:\Kimi Work\视频工具箱\tools\python\Lib\unittest\case.py
   Compressing: F:\Kimi Work\视频工具箱\tools\python\Lib\unittest\loader.py
   Compressing: F:\Kimi Work\视频工具箱\tools\python\Lib\unittest\main.py
   Compressing: F:\Kimi Work\视频工具箱\tools\python\Lib\unittest\mock.py
   Compressing: F:\Kimi Work\视频工具箱\tools\python\Lib\unittest\result.py
   Compressing: F:\Kimi Work\视频工具箱\tools\python\Lib\unittest\runner.py
   Compressing: F:\Kimi Work\视频工具箱\tools\python\Lib\unittest\signals.py
   Compressing: F:\Kimi Work\视频工具箱\tools\python\Lib\unittest\suite.py
   Compressing: F:\Kimi Work\视频工具箱\tools\python\Lib\unittest\util.py
   Compressing: F:\Kimi Work\视频工具箱\tools\python\Lib\unittest\_log.py
   Compressing: F:\Kimi Work\视频工具箱\tools\python\Lib\unittest\__init__.py
   Compressing: F:\Kimi Work\视频工具箱\tools\python\Lib\unittest\__main__.py
   Compressing: F:\Kimi Work\视频工具箱\tools\python\Lib\urllib\error.py
   Compressing: F:\Kimi Work\视频工具箱\tools\python\Lib\urllib\parse.py
   Compressing: F:\Kimi Work\视频工具箱\tools\python\Lib\urllib\request.py
   Compressing: F:\Kimi Work\视频工具箱\tools\python\Lib\urllib\response.py
   Compressing: F:\Kimi Work\视频工具箱\tools\python\Lib\urllib\robotparser.py
   Compressing: F:\Kimi Work\视频工具箱\tools\python\Lib\urllib\__init__.py
   Compressing: F:\Kimi Work\视频工具箱\tools\python\Lib\venv\__init__.py
   Compressing: F:\Kimi Work\视频工具箱\tools\python\Lib\venv\__main__.py
   Compressing: F:\Kimi Work\视频工具箱\tools\python\Lib\venv\scripts\common\activate
   Compressing: F:\Kimi Work\视频工具箱\tools\python\Lib\venv\scripts\common\Activate.ps1
   Compressing: F:\Kimi Work\视频工具箱\tools\python\Lib\venv\scripts\nt\activate.bat
   Compressing: F:\Kimi Work\视频工具箱\tools\python\Lib\venv\scripts\nt\deactivate.bat
   Compressing: F:\Kimi Work\视频工具箱\tools\python\Lib\venv\scripts\nt\python.exe
   Compressing: F:\Kimi Work\视频工具箱\tools\python\Lib\venv\scripts\nt\pythonw.exe
   Compressing: F:\Kimi Work\视频工具箱\tools\python\Lib\venv\scripts\posix\activate.csh
   Compressing: F:\Kimi Work\视频工具箱\tools\python\Lib\venv\scripts\posix\activate.fish
   Compressing: F:\Kimi Work\视频工具箱\tools\python\Lib\wsgiref\handlers.py
   Compressing: F:\Kimi Work\视频工具箱\tools\python\Lib\wsgiref\headers.py
   Compressing: F:\Kimi Work\视频工具箱\tools\python\Lib\wsgiref\simple_server.py
   Compressing: F:\Kimi Work\视频工具箱\tools\python\Lib\wsgiref\types.py
   Compressing: F:\Kimi Work\视频工具箱\tools\python\Lib\wsgiref\util.py
   Compressing: F:\Kimi Work\视频工具箱\tools\python\Lib\wsgiref\validate.py
   Compressing: F:\Kimi Work\视频工具箱\tools\python\Lib\wsgiref\__init__.py
   Compressing: F:\Kimi Work\视频工具箱\tools\python\Lib\xml\__init__.py
   Compressing: F:\Kimi Work\视频工具箱\tools\python\Lib\xml\dom\domreg.py
   Compressing: F:\Kimi Work\视频工具箱\tools\python\Lib\xml\dom\expatbuilder.py
   Compressing: F:\Kimi Work\视频工具箱\tools\python\Lib\xml\dom\minicompat.py
   Compressing: F:\Kimi Work\视频工具箱\tools\python\Lib\xml\dom\minidom.py
   Compressing: F:\Kimi Work\视频工具箱\tools\python\Lib\xml\dom\NodeFilter.py
   Compressing: F:\Kimi Work\视频工具箱\tools\python\Lib\xml\dom\pulldom.py
   Compressing: F:\Kimi Work\视频工具箱\tools\python\Lib\xml\dom\xmlbuilder.py
   Compressing: F:\Kimi Work\视频工具箱\tools\python\Lib\xml\dom\__init__.py
   Compressing: F:\Kimi Work\视频工具箱\tools\python\Lib\xml\etree\cElementTree.py
   Compressing: F:\Kimi Work\视频工具箱\tools\python\Lib\xml\etree\ElementInclude.py
   Compressing: F:\Kimi Work\视频工具箱\tools\python\Lib\xml\etree\ElementPath.py
   Compressing: F:\Kimi Work\视频工具箱\tools\python\Lib\xml\etree\ElementTree.py
   Compressing: F:\Kimi Work\视频工具箱\tools\python\Lib\xml\etree\__init__.py
   Compressing: F:\Kimi Work\视频工具箱\tools\python\Lib\xml\parsers\expat.py
   Compressing: F:\Kimi Work\视频工具箱\tools\python\Lib\xml\parsers\__init__.py
   Compressing: F:\Kimi Work\视频工具箱\tools\python\Lib\xml\sax\expatreader.py
   Compressing: F:\Kimi Work\视频工具箱\tools\python\Lib\xml\sax\handler.py
   Compressing: F:\Kimi Work\视频工具箱\tools\python\Lib\xml\sax\saxutils.py
   Compressing: F:\Kimi Work\视频工具箱\tools\python\Lib\xml\sax\xmlreader.py
   Compressing: F:\Kimi Work\视频工具箱\tools\python\Lib\xml\sax\_exceptions.py
   Compressing: F:\Kimi Work\视频工具箱\tools\python\Lib\xml\sax\__init__.py
   Compressing: F:\Kimi Work\视频工具箱\tools\python\Lib\xmlrpc\client.py
   Compressing: F:\Kimi Work\视频工具箱\tools\python\Lib\xmlrpc\server.py
   Compressing: F:\Kimi Work\视频工具箱\tools\python\Lib\xmlrpc\__init__.py
   Compressing: F:\Kimi Work\视频工具箱\tools\python\Lib\zipfile\__init__.py
   Compressing: F:\Kimi Work\视频工具箱\tools\python\Lib\zipfile\__main__.py
   Compressing: F:\Kimi Work\视频工具箱\tools\python\Lib\zipfile\_path\glob.py
   Compressing: F:\Kimi Work\视频工具箱\tools\python\Lib\zipfile\_path\__init__.py
   Compressing: F:\Kimi Work\视频工具箱\tools\python\Lib\zoneinfo\_common.py
   Compressing: F:\Kimi Work\视频工具箱\tools\python\Lib\zoneinfo\_tzpath.py
   Compressing: F:\Kimi Work\视频工具箱\tools\python\Lib\zoneinfo\_zoneinfo.py
   Compressing: F:\Kimi Work\视频工具箱\tools\python\Lib\zoneinfo\__init__.py
   Compressing: F:\Kimi Work\视频工具箱\tools\python\Lib\__phello__\spam.py
   Compressing: F:\Kimi Work\视频工具箱\tools\python\Lib\__phello__\__init__.py
   Compressing: F:\Kimi Work\视频工具箱\tools\python\Lib\__phello__\ham\eggs.py
   Compressing: F:\Kimi Work\视频工具箱\tools\python\Lib\__phello__\ham\__init__.py
   Compressing: F:\Kimi Work\视频工具箱\tools\python\Scripts\bottle.exe
   Compressing: F:\Kimi Work\视频工具箱\tools\python\Scripts\bottle.py
   Compressing: F:\Kimi Work\视频工具箱\tools\python\Scripts\cffi-gen-src.exe
   Compressing: F:\Kimi Work\视频工具箱\tools\python\Scripts\ct2-fairseq-converter.exe
   Compressing: F:\Kimi Work\视频工具箱\tools\python\Scripts\ct2-marian-converter.exe
   Compressing: F:\Kimi Work\视频工具箱\tools\python\Scripts\ct2-openai-gpt2-converter.exe
   Compressing: F:\Kimi Work\视频工具箱\tools\python\Scripts\ct2-opennmt-py-converter.exe
   Compressing: F:\Kimi Work\视频工具箱\tools\python\Scripts\ct2-opennmt-tf-converter.exe
   Compressing: F:\Kimi Work\视频工具箱\tools\python\Scripts\ct2-opus-mt-converter.exe
   Compressing: F:\Kimi Work\视频工具箱\tools\python\Scripts\ct2-transformers-converter.exe
   Compressing: F:\Kimi Work\视频工具箱\tools\python\Scripts\f2py.exe
   Compressing: F:\Kimi Work\视频工具箱\tools\python\Scripts\fastapi.exe
   Compressing: F:\Kimi Work\视频工具箱\tools\python\Scripts\gradio.exe
   Compressing: F:\Kimi Work\视频工具箱\tools\python\Scripts\hf-gradio.exe
   Compressing: F:\Kimi Work\视频工具箱\tools\python\Scripts\hf.exe
   Compressing: F:\Kimi Work\视频工具箱\tools\python\Scripts\httpx.exe
   Compressing: F:\Kimi Work\视频工具箱\tools\python\Scripts\httpx2.exe
   Compressing: F:\Kimi Work\视频工具箱\tools\python\Scripts\huggingface-cli.exe
   Compressing: F:\Kimi Work\视频工具箱\tools\python\Scripts\idna.exe
   Compressing: F:\Kimi Work\视频工具箱\tools\python\Scripts\imageio_download_bin.exe
   Compressing: F:\Kimi Work\视频工具箱\tools\python\Scripts\imageio_remove_bin.exe
   Compressing: F:\Kimi Work\视频工具箱\tools\python\Scripts\isympy.exe
   Compressing: F:\Kimi Work\视频工具箱\tools\python\Scripts\jsonschema.exe
   Compressing: F:\Kimi Work\视频工具箱\tools\python\Scripts\lsm2bin.exe
   Compressing: F:\Kimi Work\视频工具箱\tools\python\Scripts\markdown-it.exe
   Compressing: F:\Kimi Work\视频工具箱\tools\python\Scripts\normalizer.exe
   Compressing: F:\Kimi Work\视频工具箱\tools\python\Scripts\numba
   Compressing: F:\Kimi Work\视频工具箱\tools\python\Scripts\numpy-config.exe
   Compressing: F:\Kimi Work\视频工具箱\tools\python\Scripts\onnxruntime_test.exe
   Compressing: F:\Kimi Work\视频工具箱\tools\python\Scripts\pip.exe
   Compressing: F:\Kimi Work\视频工具箱\tools\python\Scripts\pip3.12.exe
   Compressing: F:\Kimi Work\视频工具箱\tools\python\Scripts\pip3.exe
   Compressing: F:\Kimi Work\视频工具箱\tools\python\Scripts\playwright.exe
   Compressing: F:\Kimi Work\视频工具箱\tools\python\Scripts\py7zr.exe
   Compressing: F:\Kimi Work\视频工具箱\tools\python\Scripts\pyav.exe
   Compressing: F:\Kimi Work\视频工具箱\tools\python\Scripts\pygmentize.exe
   Compressing: F:\Kimi Work\视频工具箱\tools\python\Scripts\pyi-archive_viewer.exe
   Compressing: F:\Kimi Work\视频工具箱\tools\python\Scripts\pyi-bindepend.exe
   Compressing: F:\Kimi Work\视频工具箱\tools\python\Scripts\pyi-grab_version.exe
   Compressing: F:\Kimi Work\视频工具箱\tools\python\Scripts\pyi-makespec.exe
   Compressing: F:\Kimi Work\视频工具箱\tools\python\Scripts\pyi-set_version.exe
   Compressing: F:\Kimi Work\视频工具箱\tools\python\Scripts\pyinstaller.exe
   Compressing: F:\Kimi Work\视频工具箱\tools\python\Scripts\rembg.exe
   Compressing: F:\Kimi Work\视频工具箱\tools\python\Scripts\tiff2fsspec.exe
   Compressing: F:\Kimi Work\视频工具箱\tools\python\Scripts\tiffcomment.exe
   Compressing: F:\Kimi Work\视频工具箱\tools\python\Scripts\tifffile.exe
   Compressing: F:\Kimi Work\视频工具箱\tools\python\Scripts\tiny-agents.exe
   Compressing: F:\Kimi Work\视频工具箱\tools\python\Scripts\torchfrtrace.exe
   Compressing: F:\Kimi Work\视频工具箱\tools\python\Scripts\torchrun.exe
   Compressing: F:\Kimi Work\视频工具箱\tools\python\Scripts\tqdm.exe
   Compressing: F:\Kimi Work\视频工具箱\tools\python\Scripts\typer.exe
   Compressing: F:\Kimi Work\视频工具箱\tools\python\Scripts\upload_theme.exe
   Compressing: F:\Kimi Work\视频工具箱\tools\python\Scripts\uvicorn.exe
   Compressing: F:\Kimi Work\视频工具箱\tools\python\share\man\man1\isympy.1
   Compressing: F:\Kimi Work\视频工具箱\tools\python\tcl\tcl86t.lib
   Compressing: F:\Kimi Work\视频工具箱\tools\python\tcl\tclConfig.sh
   Compressing: F:\Kimi Work\视频工具箱\tools\python\tcl\tclooConfig.sh
   Compressing: F:\Kimi Work\视频工具箱\tools\python\tcl\tclstub86.lib
   Compressing: F:\Kimi Work\视频工具箱\tools\python\tcl\tk86t.lib
   Compressing: F:\Kimi Work\视频工具箱\tools\python\tcl\tkstub86.lib
   Compressing: F:\Kimi Work\视频工具箱\tools\python\tcl\dde1.4\pkgIndex.tcl
   Compressing: F:\Kimi Work\视频工具箱\tools\python\tcl\dde1.4\tcldde14.dll
   Compressing: F:\Kimi Work\视频工具箱\tools\python\tcl\nmake\nmakehlp.c
   Compressing: F:\Kimi Work\视频工具箱\tools\python\tcl\nmake\rules.vc
   Compressing: F:\Kimi Work\视频工具箱\tools\python\tcl\nmake\targets.vc
   Compressing: F:\Kimi Work\视频工具箱\tools\python\tcl\nmake\tcl.nmake
   Compressing: F:\Kimi Work\视频工具箱\tools\python\tcl\nmake\x86_64-w64-mingw32-nmakehlp.exe
   Compressing: F:\Kimi Work\视频工具箱\tools\python\tcl\reg1.3\pkgIndex.tcl
   Compressing: F:\Kimi Work\视频工具箱\tools\python\tcl\reg1.3\tclreg13.dll
   Compressing: F:\Kimi Work\视频工具箱\tools\python\tcl\tcl8\8.4\platform-1.0.19.tm
   Compressing: F:\Kimi Work\视频工具箱\tools\python\tcl\tcl8\8.4\platform\shell-1.1.4.tm
   Compressing: F:\Kimi Work\视频工具箱\tools\python\tcl\tcl8\8.5\msgcat-1.6.1.tm
   Compressing: F:\Kimi Work\视频工具箱\tools\python\tcl\tcl8\8.5\tcltest-2.5.8.tm
   Compressing: F:\Kimi Work\视频工具箱\tools\python\tcl\tcl8\8.6\http-2.9.8.tm
   Compressing: F:\Kimi Work\视频工具箱\tools\python\tcl\tcl8.6\auto.tcl
   Compressing: F:\Kimi Work\视频工具箱\tools\python\tcl\tcl8.6\clock.tcl
   Compressing: F:\Kimi Work\视频工具箱\tools\python\tcl\tcl8.6\history.tcl
   Compressing: F:\Kimi Work\视频工具箱\tools\python\tcl\tcl8.6\init.tcl
   Compressing: F:\Kimi Work\视频工具箱\tools\python\tcl\tcl8.6\package.tcl
   Compressing: F:\Kimi Work\视频工具箱\tools\python\tcl\tcl8.6\parray.tcl
   Compressing: F:\Kimi Work\视频工具箱\tools\python\tcl\tcl8.6\safe.tcl
   Compressing: F:\Kimi Work\视频工具箱\tools\python\tcl\tcl8.6\tclIndex
   Compressing: F:\Kimi Work\视频工具箱\tools\python\tcl\tcl8.6\tm.tcl
   Compressing: F:\Kimi Work\视频工具箱\tools\python\tcl\tcl8.6\word.tcl
   Compressing: F:\Kimi Work\视频工具箱\tools\python\tcl\tcl8.6\encoding\ascii.enc
   Compressing: F:\Kimi Work\视频工具箱\tools\python\tcl\tcl8.6\encoding\big5.enc
   Compressing: F:\Kimi Work\视频工具箱\tools\python\tcl\tcl8.6\encoding\cns11643.enc
   Compressing: F:\Kimi Work\视频工具箱\tools\python\tcl\tcl8.6\encoding\cp1250.enc
   Compressing: F:\Kimi Work\视频工具箱\tools\python\tcl\tcl8.6\encoding\cp1251.enc
   Compressing: F:\Kimi Work\视频工具箱\tools\python\tcl\tcl8.6\encoding\cp1252.enc
   Compressing: F:\Kimi Work\视频工具箱\tools\python\tcl\tcl8.6\encoding\cp1253.enc
   Compressing: F:\Kimi Work\视频工具箱\tools\python\tcl\tcl8.6\encoding\cp1254.enc
   Compressing: F:\Kimi Work\视频工具箱\tools\python\tcl\tcl8.6\encoding\cp1255.enc
   Compressing: F:\Kimi Work\视频工具箱\tools\python\tcl\tcl8.6\encoding\cp1256.enc
   Compressing: F:\Kimi Work\视频工具箱\tools\python\tcl\tcl8.6\encoding\cp1257.enc
   Compressing: F:\Kimi Work\视频工具箱\tools\python\tcl\tcl8.6\encoding\cp1258.enc
   Compressing: F:\Kimi Work\视频工具箱\tools\python\tcl\tcl8.6\encoding\cp437.enc
   Compressing: F:\Kimi Work\视频工具箱\tools\python\tcl\tcl8.6\encoding\cp737.enc
   Compressing: F:\Kimi Work\视频工具箱\tools\python\tcl\tcl8.6\encoding\cp775.enc
   Compressing: F:\Kimi Work\视频工具箱\tools\python\tcl\tcl8.6\encoding\cp850.enc
   Compressing: F:\Kimi Work\视频工具箱\tools\python\tcl\tcl8.6\encoding\cp852.enc
   Compressing: F:\Kimi Work\视频工具箱\tools\python\tcl\tcl8.6\encoding\cp855.enc
   Compressing: F:\Kimi Work\视频工具箱\tools\python\tcl\tcl8.6\encoding\cp857.enc
   Compressing: F:\Kimi Work\视频工具箱\tools\python\tcl\tcl8.6\encoding\cp860.enc
   Compressing: F:\Kimi Work\视频工具箱\tools\python\tcl\tcl8.6\encoding\cp861.enc
   Compressing: F:\Kimi Work\视频工具箱\tools\python\tcl\tcl8.6\encoding\cp862.enc
   Compressing: F:\Kimi Work\视频工具箱\tools\python\tcl\tcl8.6\encoding\cp863.enc
   Compressing: F:\Kimi Work\视频工具箱\tools\python\tcl\tcl8.6\encoding\cp864.enc
   Compressing: F:\Kimi Work\视频工具箱\tools\python\tcl\tcl8.6\encoding\cp865.enc
   Compressing: F:\Kimi Work\视频工具箱\tools\python\tcl\tcl8.6\encoding\cp866.enc
   Compressing: F:\Kimi Work\视频工具箱\tools\python\tcl\tcl8.6\encoding\cp869.enc
   Compressing: F:\Kimi Work\视频工具箱\tools\python\tcl\tcl8.6\encoding\cp874.enc
   Compressing: F:\Kimi Work\视频工具箱\tools\python\tcl\tcl8.6\encoding\cp932.enc
   Compressing: F:\Kimi Work\视频工具箱\tools\python\tcl\tcl8.6\encoding\cp936.enc
   Compressing: F:\Kimi Work\视频工具箱\tools\python\tcl\tcl8.6\encoding\cp949.enc
   Compressing: F:\Kimi Work\视频工具箱\tools\python\tcl\tcl8.6\encoding\cp950.enc
   Compressing: F:\Kimi Work\视频工具箱\tools\python\tcl\tcl8.6\encoding\dingbats.enc
   Compressing: F:\Kimi Work\视频工具箱\tools\python\tcl\tcl8.6\encoding\ebcdic.enc
   Compressing: F:\Kimi Work\视频工具箱\tools\python\tcl\tcl8.6\encoding\euc-cn.enc
   Compressing: F:\Kimi Work\视频工具箱\tools\python\tcl\tcl8.6\encoding\euc-jp.enc
   Compressing: F:\Kimi Work\视频工具箱\tools\python\tcl\tcl8.6\encoding\euc-kr.enc
   Compressing: F:\Kimi Work\视频工具箱\tools\python\tcl\tcl8.6\encoding\gb12345.enc
   Compressing: F:\Kimi Work\视频工具箱\tools\python\tcl\tcl8.6\encoding\gb1988.enc
   Compressing: F:\Kimi Work\视频工具箱\tools\python\tcl\tcl8.6\encoding\gb2312-raw.enc
   Compressing: F:\Kimi Work\视频工具箱\tools\python\tcl\tcl8.6\encoding\gb2312.enc
   Compressing: F:\Kimi Work\视频工具箱\tools\python\tcl\tcl8.6\encoding\iso2022-jp.enc
   Compressing: F:\Kimi Work\视频工具箱\tools\python\tcl\tcl8.6\encoding\iso2022-kr.enc
   Compressing: F:\Kimi Work\视频工具箱\tools\python\tcl\tcl8.6\encoding\iso2022.enc
   Compressing: F:\Kimi Work\视频工具箱\tools\python\tcl\tcl8.6\encoding\iso8859-1.enc
   Compressing: F:\Kimi Work\视频工具箱\tools\python\tcl\tcl8.6\encoding\iso8859-10.enc
   Compressing: F:\Kimi Work\视频工具箱\tools\python\tcl\tcl8.6\encoding\iso8859-11.enc
   Compressing: F:\Kimi Work\视频工具箱\tools\python\tcl\tcl8.6\encoding\iso8859-13.enc
   Compressing: F:\Kimi Work\视频工具箱\tools\python\tcl\tcl8.6\encoding\iso8859-14.enc
   Compressing: F:\Kimi Work\视频工具箱\tools\python\tcl\tcl8.6\encoding\iso8859-15.enc
   Compressing: F:\Kimi Work\视频工具箱\tools\python\tcl\tcl8.6\encoding\iso8859-16.enc
   Compressing: F:\Kimi Work\视频工具箱\tools\python\tcl\tcl8.6\encoding\iso8859-2.enc
   Compressing: F:\Kimi Work\视频工具箱\tools\python\tcl\tcl8.6\encoding\iso8859-3.enc
   Compressing: F:\Kimi Work\视频工具箱\tools\python\tcl\tcl8.6\encoding\iso8859-4.enc
   Compressing: F:\Kimi Work\视频工具箱\tools\python\tcl\tcl8.6\encoding\iso8859-5.enc
   Compressing: F:\Kimi Work\视频工具箱\tools\python\tcl\tcl8.6\encoding\iso8859-6.enc
   Compressing: F:\Kimi Work\视频工具箱\tools\python\tcl\tcl8.6\encoding\iso8859-7.enc
   Compressing: F:\Kimi Work\视频工具箱\tools\python\tcl\tcl8.6\encoding\iso8859-8.enc
   Compressing: F:\Kimi Work\视频工具箱\tools\python\tcl\tcl8.6\encoding\iso8859-9.enc
   Compressing: F:\Kimi Work\视频工具箱\tools\python\tcl\tcl8.6\encoding\jis0201.enc
   Compressing: F:\Kimi Work\视频工具箱\tools\python\tcl\tcl8.6\encoding\jis0208.enc
   Compressing: F:\Kimi Work\视频工具箱\tools\python\tcl\tcl8.6\encoding\jis0212.enc
   Compressing: F:\Kimi Work\视频工具箱\tools\python\tcl\tcl8.6\encoding\koi8-r.enc
   Compressing: F:\Kimi Work\视频工具箱\tools\python\tcl\tcl8.6\encoding\koi8-ru.enc
   Compressing: F:\Kimi Work\视频工具箱\tools\python\tcl\tcl8.6\encoding\koi8-t.enc
   Compressing: F:\Kimi Work\视频工具箱\tools\python\tcl\tcl8.6\encoding\koi8-u.enc
   Compressing: F:\Kimi Work\视频工具箱\tools\python\tcl\tcl8.6\encoding\ksc5601.enc
   Compressing: F:\Kimi Work\视频工具箱\tools\python\tcl\tcl8.6\encoding\macCentEuro.enc
   Compressing: F:\Kimi Work\视频工具箱\tools\python\tcl\tcl8.6\encoding\macCroatian.enc
   Compressing: F:\Kimi Work\视频工具箱\tools\python\tcl\tcl8.6\encoding\macCyrillic.enc
   Compressing: F:\Kimi Work\视频工具箱\tools\python\tcl\tcl8.6\encoding\macDingbats.enc
   Compressing: F:\Kimi Work\视频工具箱\tools\python\tcl\tcl8.6\encoding\macGreek.enc
   Compressing: F:\Kimi Work\视频工具箱\tools\python\tcl\tcl8.6\encoding\macIceland.enc
   Compressing: F:\Kimi Work\视频工具箱\tools\python\tcl\tcl8.6\encoding\macJapan.enc
   Compressing: F:\Kimi Work\视频工具箱\tools\python\tcl\tcl8.6\encoding\macRoman.enc
   Compressing: F:\Kimi Work\视频工具箱\tools\python\tcl\tcl8.6\encoding\macRomania.enc
   Compressing: F:\Kimi Work\视频工具箱\tools\python\tcl\tcl8.6\encoding\macThai.enc
   Compressing: F:\Kimi Work\视频工具箱\tools\python\tcl\tcl8.6\encoding\macTurkish.enc
   Compressing: F:\Kimi Work\视频工具箱\tools\python\tcl\tcl8.6\encoding\macUkraine.enc
   Compressing: F:\Kimi Work\视频工具箱\tools\python\tcl\tcl8.6\encoding\shiftjis.enc
   Compressing: F:\Kimi Work\视频工具箱\tools\python\tcl\tcl8.6\encoding\symbol.enc
   Compressing: F:\Kimi Work\视频工具箱\tools\python\tcl\tcl8.6\encoding\tis-620.enc
   Compressing: F:\Kimi Work\视频工具箱\tools\python\tcl\tcl8.6\http1.0\http.tcl
   Compressing: F:\Kimi Work\视频工具箱\tools\python\tcl\tcl8.6\http1.0\pkgIndex.tcl
   Compressing: F:\Kimi Work\视频工具箱\tools\python\tcl\tcl8.6\msgs\af.msg
   Compressing: F:\Kimi Work\视频工具箱\tools\python\tcl\tcl8.6\msgs\af_za.msg
   Compressing: F:\Kimi Work\视频工具箱\tools\python\tcl\tcl8.6\msgs\ar.msg
   Compressing: F:\Kimi Work\视频工具箱\tools\python\tcl\tcl8.6\msgs\ar_in.msg
   Compressing: F:\Kimi Work\视频工具箱\tools\python\tcl\tcl8.6\msgs\ar_jo.msg
   Compressing: F:\Kimi Work\视频工具箱\tools\python\tcl\tcl8.6\msgs\ar_lb.msg
   Compressing: F:\Kimi Work\视频工具箱\tools\python\tcl\tcl8.6\msgs\ar_sy.msg
   Compressing: F:\Kimi Work\视频工具箱\tools\python\tcl\tcl8.6\msgs\be.msg
   Compressing: F:\Kimi Work\视频工具箱\tools\python\tcl\tcl8.6\msgs\bg.msg
   Compressing: F:\Kimi Work\视频工具箱\tools\python\tcl\tcl8.6\msgs\bn.msg
   Compressing: F:\Kimi Work\视频工具箱\tools\python\tcl\tcl8.6\msgs\bn_in.msg
   Compressing: F:\Kimi Work\视频工具箱\tools\python\tcl\tcl8.6\msgs\ca.msg
   Compressing: F:\Kimi Work\视频工具箱\tools\python\tcl\tcl8.6\msgs\cs.msg
   Compressing: F:\Kimi Work\视频工具箱\tools\python\tcl\tcl8.6\msgs\da.msg
   Compressing: F:\Kimi Work\视频工具箱\tools\python\tcl\tcl8.6\msgs\de.msg
   Compressing: F:\Kimi Work\视频工具箱\tools\python\tcl\tcl8.6\msgs\de_at.msg
   Compressing: F:\Kimi Work\视频工具箱\tools\python\tcl\tcl8.6\msgs\de_be.msg
   Compressing: F:\Kimi Work\视频工具箱\tools\python\tcl\tcl8.6\msgs\el.msg
   Compressing: F:\Kimi Work\视频工具箱\tools\python\tcl\tcl8.6\msgs\en_au.msg
   Compressing: F:\Kimi Work\视频工具箱\tools\python\tcl\tcl8.6\msgs\en_be.msg
   Compressing: F:\Kimi Work\视频工具箱\tools\python\tcl\tcl8.6\msgs\en_bw.msg
   Compressing: F:\Kimi Work\视频工具箱\tools\python\tcl\tcl8.6\msgs\en_ca.msg
   Compressing: F:\Kimi Work\视频工具箱\tools\python\tcl\tcl8.6\msgs\en_gb.msg
   Compressing: F:\Kimi Work\视频工具箱\tools\python\tcl\tcl8.6\msgs\en_hk.msg
   Compressing: F:\Kimi Work\视频工具箱\tools\python\tcl\tcl8.6\msgs\en_ie.msg
   Compressing: F:\Kimi Work\视频工具箱\tools\python\tcl\tcl8.6\msgs\en_in.msg
   Compressing: F:\Kimi Work\视频工具箱\tools\python\tcl\tcl8.6\msgs\en_nz.msg
   Compressing: F:\Kimi Work\视频工具箱\tools\python\tcl\tcl8.6\msgs\en_ph.msg
   Compressing: F:\Kimi Work\视频工具箱\tools\python\tcl\tcl8.6\msgs\en_sg.msg
   Compressing: F:\Kimi Work\视频工具箱\tools\python\tcl\tcl8.6\msgs\en_za.msg
   Compressing: F:\Kimi Work\视频工具箱\tools\python\tcl\tcl8.6\msgs\en_zw.msg
   Compressing: F:\Kimi Work\视频工具箱\tools\python\tcl\tcl8.6\msgs\eo.msg
   Compressing: F:\Kimi Work\视频工具箱\tools\python\tcl\tcl8.6\msgs\es.msg
   Compressing: F:\Kimi Work\视频工具箱\tools\python\tcl\tcl8.6\msgs\es_ar.msg
   Compressing: F:\Kimi Work\视频工具箱\tools\python\tcl\tcl8.6\msgs\es_bo.msg
   Compressing: F:\Kimi Work\视频工具箱\tools\python\tcl\tcl8.6\msgs\es_cl.msg
   Compressing: F:\Kimi Work\视频工具箱\tools\python\tcl\tcl8.6\msgs\es_co.msg
   Compressing: F:\Kimi Work\视频工具箱\tools\python\tcl\tcl8.6\msgs\es_cr.msg
   Compressing: F:\Kimi Work\视频工具箱\tools\python\tcl\tcl8.6\msgs\es_do.msg
   Compressing: F:\Kimi Work\视频工具箱\tools\python\tcl\tcl8.6\msgs\es_ec.msg
   Compressing: F:\Kimi Work\视频工具箱\tools\python\tcl\tcl8.6\msgs\es_gt.msg
   Compressing: F:\Kimi Work\视频工具箱\tools\python\tcl\tcl8.6\msgs\es_hn.msg
   Compressing: F:\Kimi Work\视频工具箱\tools\python\tcl\tcl8.6\msgs\es_mx.msg
   Compressing: F:\Kimi Work\视频工具箱\tools\python\tcl\tcl8.6\msgs\es_ni.msg
   Compressing: F:\Kimi Work\视频工具箱\tools\python\tcl\tcl8.6\msgs\es_pa.msg
   Compressing: F:\Kimi Work\视频工具箱\tools\python\tcl\tcl8.6\msgs\es_pe.msg
   Compressing: F:\Kimi Work\视频工具箱\tools\python\tcl\tcl8.6\msgs\es_pr.msg
   Compressing: F:\Kimi Work\视频工具箱\tools\python\tcl\tcl8.6\msgs\es_py.msg
   Compressing: F:\Kimi Work\视频工具箱\tools\python\tcl\tcl8.6\msgs\es_sv.msg
   Compressing: F:\Kimi Work\视频工具箱\tools\python\tcl\tcl8.6\msgs\es_uy.msg
   Compressing: F:\Kimi Work\视频工具箱\tools\python\tcl\tcl8.6\msgs\es_ve.msg
   Compressing: F:\Kimi Work\视频工具箱\tools\python\tcl\tcl8.6\msgs\et.msg
   Compressing: F:\Kimi Work\视频工具箱\tools\python\tcl\tcl8.6\msgs\eu.msg
   Compressing: F:\Kimi Work\视频工具箱\tools\python\tcl\tcl8.6\msgs\eu_es.msg
   Compressing: F:\Kimi Work\视频工具箱\tools\python\tcl\tcl8.6\msgs\fa.msg
   Compressing: F:\Kimi Work\视频工具箱\tools\python\tcl\tcl8.6\msgs\fa_in.msg
   Compressing: F:\Kimi Work\视频工具箱\tools\python\tcl\tcl8.6\msgs\fa_ir.msg
   Compressing: F:\Kimi Work\视频工具箱\tools\python\tcl\tcl8.6\msgs\fi.msg
   Compressing: F:\Kimi Work\视频工具箱\tools\python\tcl\tcl8.6\msgs\fo.msg
   Compressing: F:\Kimi Work\视频工具箱\tools\python\tcl\tcl8.6\msgs\fo_fo.msg
   Compressing: F:\Kimi Work\视频工具箱\tools\python\tcl\tcl8.6\msgs\fr.msg
   Compressing: F:\Kimi Work\视频工具箱\tools\python\tcl\tcl8.6\msgs\fr_be.msg
   Compressing: F:\Kimi Work\视频工具箱\tools\python\tcl\tcl8.6\msgs\fr_ca.msg
   Compressing: F:\Kimi Work\视频工具箱\tools\python\tcl\tcl8.6\msgs\fr_ch.msg
   Compressing: F:\Kimi Work\视频工具箱\tools\python\tcl\tcl8.6\msgs\ga.msg
   Compressing: F:\Kimi Work\视频工具箱\tools\python\tcl\tcl8.6\msgs\ga_ie.msg
   Compressing: F:\Kimi Work\视频工具箱\tools\python\tcl\tcl8.6\msgs\gl.msg
   Compressing: F:\Kimi Work\视频工具箱\tools\python\tcl\tcl8.6\msgs\gl_es.msg
   Compressing: F:\Kimi Work\视频工具箱\tools\python\tcl\tcl8.6\msgs\gv.msg
   Compressing: F:\Kimi Work\视频工具箱\tools\python\tcl\tcl8.6\msgs\gv_gb.msg
   Compressing: F:\Kimi Work\视频工具箱\tools\python\tcl\tcl8.6\msgs\he.msg
   Compressing: F:\Kimi Work\视频工具箱\tools\python\tcl\tcl8.6\msgs\hi.msg
   Compressing: F:\Kimi Work\视频工具箱\tools\python\tcl\tcl8.6\msgs\hi_in.msg
   Compressing: F:\Kimi Work\视频工具箱\tools\python\tcl\tcl8.6\msgs\hr.msg
   Compressing: F:\Kimi Work\视频工具箱\tools\python\tcl\tcl8.6\msgs\hu.msg
   Compressing: F:\Kimi Work\视频工具箱\tools\python\tcl\tcl8.6\msgs\id.msg
   Compressing: F:\Kimi Work\视频工具箱\tools\python\tcl\tcl8.6\msgs\id_id.msg
   Compressing: F:\Kimi Work\视频工具箱\tools\python\tcl\tcl8.6\msgs\is.msg
   Compressing: F:\Kimi Work\视频工具箱\tools\python\tcl\tcl8.6\msgs\it.msg
   Compressing: F:\Kimi Work\视频工具箱\tools\python\tcl\tcl8.6\msgs\it_ch.msg
   Compressing: F:\Kimi Work\视频工具箱\tools\python\tcl\tcl8.6\msgs\ja.msg
   Compressing: F:\Kimi Work\视频工具箱\tools\python\tcl\tcl8.6\msgs\kl.msg
   Compressing: F:\Kimi Work\视频工具箱\tools\python\tcl\tcl8.6\msgs\kl_gl.msg
   Compressing: F:\Kimi Work\视频工具箱\tools\python\tcl\tcl8.6\msgs\ko.msg
   Compressing: F:\Kimi Work\视频工具箱\tools\python\tcl\tcl8.6\msgs\kok.msg
   Compressing: F:\Kimi Work\视频工具箱\tools\python\tcl\tcl8.6\msgs\kok_in.msg
   Compressing: F:\Kimi Work\视频工具箱\tools\python\tcl\tcl8.6\msgs\ko_kr.msg
   Compressing: F:\Kimi Work\视频工具箱\tools\python\tcl\tcl8.6\msgs\kw.msg
   Compressing: F:\Kimi Work\视频工具箱\tools\python\tcl\tcl8.6\msgs\kw_gb.msg
   Compressing: F:\Kimi Work\视频工具箱\tools\python\tcl\tcl8.6\msgs\lt.msg
   Compressing: F:\Kimi Work\视频工具箱\tools\python\tcl\tcl8.6\msgs\lv.msg
   Compressing: F:\Kimi Work\视频工具箱\tools\python\tcl\tcl8.6\msgs\mk.msg
   Compressing: F:\Kimi Work\视频工具箱\tools\python\tcl\tcl8.6\msgs\mr.msg
   Compressing: F:\Kimi Work\视频工具箱\tools\python\tcl\tcl8.6\msgs\mr_in.msg
   Compressing: F:\Kimi Work\视频工具箱\tools\python\tcl\tcl8.6\msgs\ms.msg
   Compressing: F:\Kimi Work\视频工具箱\tools\python\tcl\tcl8.6\msgs\ms_my.msg
   Compressing: F:\Kimi Work\视频工具箱\tools\python\tcl\tcl8.6\msgs\mt.msg
   Compressing: F:\Kimi Work\视频工具箱\tools\python\tcl\tcl8.6\msgs\nb.msg
   Compressing: F:\Kimi Work\视频工具箱\tools\python\tcl\tcl8.6\msgs\nl.msg
   Compressing: F:\Kimi Work\视频工具箱\tools\python\tcl\tcl8.6\msgs\nl_be.msg
   Compressing: F:\Kimi Work\视频工具箱\tools\python\tcl\tcl8.6\msgs\nn.msg
   Compressing: F:\Kimi Work\视频工具箱\tools\python\tcl\tcl8.6\msgs\pl.msg
   Compressing: F:\Kimi Work\视频工具箱\tools\python\tcl\tcl8.6\msgs\pt.msg
   Compressing: F:\Kimi Work\视频工具箱\tools\python\tcl\tcl8.6\msgs\pt_br.msg
   Compressing: F:\Kimi Work\视频工具箱\tools\python\tcl\tcl8.6\msgs\ro.msg
   Compressing: F:\Kimi Work\视频工具箱\tools\python\tcl\tcl8.6\msgs\ru.msg
   Compressing: F:\Kimi Work\视频工具箱\tools\python\tcl\tcl8.6\msgs\ru_ua.msg
   Compressing: F:\Kimi Work\视频工具箱\tools\python\tcl\tcl8.6\msgs\sh.msg
   Compressing: F:\Kimi Work\视频工具箱\tools\python\tcl\tcl8.6\msgs\sk.msg
   Compressing: F:\Kimi Work\视频工具箱\tools\python\tcl\tcl8.6\msgs\sl.msg
   Compressing: F:\Kimi Work\视频工具箱\tools\python\tcl\tcl8.6\msgs\sq.msg
   Compressing: F:\Kimi Work\视频工具箱\tools\python\tcl\tcl8.6\msgs\sr.msg
   Compressing: F:\Kimi Work\视频工具箱\tools\python\tcl\tcl8.6\msgs\sv.msg
   Compressing: F:\Kimi Work\视频工具箱\tools\python\tcl\tcl8.6\msgs\sw.msg
   Compressing: F:\Kimi Work\视频工具箱\tools\python\tcl\tcl8.6\msgs\ta.msg
   Compressing: F:\Kimi Work\视频工具箱\tools\python\tcl\tcl8.6\msgs\ta_in.msg
   Compressing: F:\Kimi Work\视频工具箱\tools\python\tcl\tcl8.6\msgs\te.msg
   Compressing: F:\Kimi Work\视频工具箱\tools\python\tcl\tcl8.6\msgs\te_in.msg
   Compressing: F:\Kimi Work\视频工具箱\tools\python\tcl\tcl8.6\msgs\th.msg
   Compressing: F:\Kimi Work\视频工具箱\tools\python\tcl\tcl8.6\msgs\tr.msg
   Compressing: F:\Kimi Work\视频工具箱\tools\python\tcl\tcl8.6\msgs\uk.msg
   Compressing: F:\Kimi Work\视频工具箱\tools\python\tcl\tcl8.6\msgs\vi.msg
   Compressing: F:\Kimi Work\视频工具箱\tools\python\tcl\tcl8.6\msgs\zh.msg
   Compressing: F:\Kimi Work\视频工具箱\tools\python\tcl\tcl8.6\msgs\zh_cn.msg
   Compressing: F:\Kimi Work\视频工具箱\tools\python\tcl\tcl8.6\msgs\zh_hk.msg
   Compressing: F:\Kimi Work\视频工具箱\tools\python\tcl\tcl8.6\msgs\zh_sg.msg
   Compressing: F:\Kimi Work\视频工具箱\tools\python\tcl\tcl8.6\msgs\zh_tw.msg
   Compressing: F:\Kimi Work\视频工具箱\tools\python\tcl\tcl8.6\opt0.4\optparse.tcl
   Compressing: F:\Kimi Work\视频工具箱\tools\python\tcl\tcl8.6\opt0.4\pkgIndex.tcl
   Compressing: F:\Kimi Work\视频工具箱\tools\python\tcl\tcl8.6\tzdata\CET
   Compressing: F:\Kimi Work\视频工具箱\tools\python\tcl\tcl8.6\tzdata\CST6CDT
   Compressing: F:\Kimi Work\视频工具箱\tools\python\tcl\tcl8.6\tzdata\Cuba
   Compressing: F:\Kimi Work\视频工具箱\tools\python\tcl\tcl8.6\tzdata\EET
   Compressing: F:\Kimi Work\视频工具箱\tools\python\tcl\tcl8.6\tzdata\Egypt
   Compressing: F:\Kimi Work\视频工具箱\tools\python\tcl\tcl8.6\tzdata\Eire
   Compressing: F:\Kimi Work\视频工具箱\tools\python\tcl\tcl8.6\tzdata\EST
   Compressing: F:\Kimi Work\视频工具箱\tools\python\tcl\tcl8.6\tzdata\EST5EDT
   Compressing: F:\Kimi Work\视频工具箱\tools\python\tcl\tcl8.6\tzdata\GB
   Compressing: F:\Kimi Work\视频工具箱\tools\python\tcl\tcl8.6\tzdata\GB-Eire
   Compressing: F:\Kimi Work\视频工具箱\tools\python\tcl\tcl8.6\tzdata\GMT
   Compressing: F:\Kimi Work\视频工具箱\tools\python\tcl\tcl8.6\tzdata\GMT+0
   Compressing: F:\Kimi Work\视频工具箱\tools\python\tcl\tcl8.6\tzdata\GMT-0
   Compressing: F:\Kimi Work\视频工具箱\tools\python\tcl\tcl8.6\tzdata\GMT0
   Compressing: F:\Kimi Work\视频工具箱\tools\python\tcl\tcl8.6\tzdata\Greenwich
   Compressing: F:\Kimi Work\视频工具箱\tools\python\tcl\tcl8.6\tzdata\Hongkong
   Compressing: F:\Kimi Work\视频工具箱\tools\python\tcl\tcl8.6\tzdata\HST
   Compressing: F:\Kimi Work\视频工具箱\tools\python\tcl\tcl8.6\tzdata\Iceland
   Compressing: F:\Kimi Work\视频工具箱\tools\python\tcl\tcl8.6\tzdata\Iran
   Compressing: F:\Kimi Work\视频工具箱\tools\python\tcl\tcl8.6\tzdata\Israel
   Compressing: F:\Kimi Work\视频工具箱\tools\python\tcl\tcl8.6\tzdata\Jamaica
   Compressing: F:\Kimi Work\视频工具箱\tools\python\tcl\tcl8.6\tzdata\Japan
   Compressing: F:\Kimi Work\视频工具箱\tools\python\tcl\tcl8.6\tzdata\Kwajalein
   Compressing: F:\Kimi Work\视频工具箱\tools\python\tcl\tcl8.6\tzdata\Libya
   Compressing: F:\Kimi Work\视频工具箱\tools\python\tcl\tcl8.6\tzdata\MET
   Compressing: F:\Kimi Work\视频工具箱\tools\python\tcl\tcl8.6\tzdata\MST
   Compressing: F:\Kimi Work\视频工具箱\tools\python\tcl\tcl8.6\tzdata\MST7MDT
   Compressing: F:\Kimi Work\视频工具箱\tools\python\tcl\tcl8.6\tzdata\Navajo
   Compressing: F:\Kimi Work\视频工具箱\tools\python\tcl\tcl8.6\tzdata\NZ
   Compressing: F:\Kimi Work\视频工具箱\tools\python\tcl\tcl8.6\tzdata\NZ-CHAT
   Compressing: F:\Kimi Work\视频工具箱\tools\python\tcl\tcl8.6\tzdata\Poland
   Compressing: F:\Kimi Work\视频工具箱\tools\python\tcl\tcl8.6\tzdata\Portugal
   Compressing: F:\Kimi Work\视频工具箱\tools\python\tcl\tcl8.6\tzdata\PRC
   Compressing: F:\Kimi Work\视频工具箱\tools\python\tcl\tcl8.6\tzdata\PST8PDT
   Compressing: F:\Kimi Work\视频工具箱\tools\python\tcl\tcl8.6\tzdata\ROC
   Compressing: F:\Kimi Work\视频工具箱\tools\python\tcl\tcl8.6\tzdata\ROK
   Compressing: F:\Kimi Work\视频工具箱\tools\python\tcl\tcl8.6\tzdata\Singapore
   Compressing: F:\Kimi Work\视频工具箱\tools\python\tcl\tcl8.6\tzdata\Turkey
   Compressing: F:\Kimi Work\视频工具箱\tools\python\tcl\tcl8.6\tzdata\UCT
   Compressing: F:\Kimi Work\视频工具箱\tools\python\tcl\tcl8.6\tzdata\Universal
   Compressing: F:\Kimi Work\视频工具箱\tools\python\tcl\tcl8.6\tzdata\UTC
   Compressing: F:\Kimi Work\视频工具箱\tools\python\tcl\tcl8.6\tzdata\W-SU
   Compressing: F:\Kimi Work\视频工具箱\tools\python\tcl\tcl8.6\tzdata\WET
   Compressing: F:\Kimi Work\视频工具箱\tools\python\tcl\tcl8.6\tzdata\Zulu
   Compressing: F:\Kimi Work\视频工具箱\tools\python\tcl\tcl8.6\tzdata\Africa\Abidjan
   Compressing: F:\Kimi Work\视频工具箱\tools\python\tcl\tcl8.6\tzdata\Africa\Accra
   Compressing: F:\Kimi Work\视频工具箱\tools\python\tcl\tcl8.6\tzdata\Africa\Addis_Ababa
   Compressing: F:\Kimi Work\视频工具箱\tools\python\tcl\tcl8.6\tzdata\Africa\Algiers
   Compressing: F:\Kimi Work\视频工具箱\tools\python\tcl\tcl8.6\tzdata\Africa\Asmara
   Compressing: F:\Kimi Work\视频工具箱\tools\python\tcl\tcl8.6\tzdata\Africa\Asmera
   Compressing: F:\Kimi Work\视频工具箱\tools\python\tcl\tcl8.6\tzdata\Africa\Bamako
   Compressing: F:\Kimi Work\视频工具箱\tools\python\tcl\tcl8.6\tzdata\Africa\Bangui
   Compressing: F:\Kimi Work\视频工具箱\tools\python\tcl\tcl8.6\tzdata\Africa\Banjul
   Compressing: F:\Kimi Work\视频工具箱\tools\python\tcl\tcl8.6\tzdata\Africa\Bissau
   Compressing: F:\Kimi Work\视频工具箱\tools\python\tcl\tcl8.6\tzdata\Africa\Blantyre
   Compressing: F:\Kimi Work\视频工具箱\tools\python\tcl\tcl8.6\tzdata\Africa\Brazzaville
   Compressing: F:\Kimi Work\视频工具箱\tools\python\tcl\tcl8.6\tzdata\Africa\Bujumbura
   Compressing: F:\Kimi Work\视频工具箱\tools\python\tcl\tcl8.6\tzdata\Africa\Cairo
   Compressing: F:\Kimi Work\视频工具箱\tools\python\tcl\tcl8.6\tzdata\Africa\Casablanca
   Compressing: F:\Kimi Work\视频工具箱\tools\python\tcl\tcl8.6\tzdata\Africa\Ceuta
   Compressing: F:\Kimi Work\视频工具箱\tools\python\tcl\tcl8.6\tzdata\Africa\Conakry
   Compressing: F:\Kimi Work\视频工具箱\tools\python\tcl\tcl8.6\tzdata\Africa\Dakar
   Compressing: F:\Kimi Work\视频工具箱\tools\python\tcl\tcl8.6\tzdata\Africa\Dar_es_Salaam
   Compressing: F:\Kimi Work\视频工具箱\tools\python\tcl\tcl8.6\tzdata\Africa\Djibouti
   Compressing: F:\Kimi Work\视频工具箱\tools\python\tcl\tcl8.6\tzdata\Africa\Douala
   Compressing: F:\Kimi Work\视频工具箱\tools\python\tcl\tcl8.6\tzdata\Africa\El_Aaiun
   Compressing: F:\Kimi Work\视频工具箱\tools\python\tcl\tcl8.6\tzdata\Africa\Freetown
   Compressing: F:\Kimi Work\视频工具箱\tools\python\tcl\tcl8.6\tzdata\Africa\Gaborone
   Compressing: F:\Kimi Work\视频工具箱\tools\python\tcl\tcl8.6\tzdata\Africa\Harare
   Compressing: F:\Kimi Work\视频工具箱\tools\python\tcl\tcl8.6\tzdata\Africa\Johannesburg
   Compressing: F:\Kimi Work\视频工具箱\tools\python\tcl\tcl8.6\tzdata\Africa\Juba
   Compressing: F:\Kimi Work\视频工具箱\tools\python\tcl\tcl8.6\tzdata\Africa\Kampala
   Compressing: F:\Kimi Work\视频工具箱\tools\python\tcl\tcl8.6\tzdata\Africa\Khartoum
   Compressing: F:\Kimi Work\视频工具箱\tools\python\tcl\tcl8.6\tzdata\Africa\Kigali
   Compressing: F:\Kimi Work\视频工具箱\tools\python\tcl\tcl8.6\tzdata\Africa\Kinshasa
   Compressing: F:\Kimi Work\视频工具箱\tools\python\tcl\tcl8.6\tzdata\Africa\Lagos
   Compressing: F:\Kimi Work\视频工具箱\tools\python\tcl\tcl8.6\tzdata\Africa\Libreville
   Compressing: F:\Kimi Work\视频工具箱\tools\python\tcl\tcl8.6\tzdata\Africa\Lome
   Compressing: F:\Kimi Work\视频工具箱\tools\python\tcl\tcl8.6\tzdata\Africa\Luanda
   Compressing: F:\Kimi Work\视频工具箱\tools\python\tcl\tcl8.6\tzdata\Africa\Lubumbashi
   Compressing: F:\Kimi Work\视频工具箱\tools\python\tcl\tcl8.6\tzdata\Africa\Lusaka
   Compressing: F:\Kimi Work\视频工具箱\tools\python\tcl\tcl8.6\tzdata\Africa\Malabo
   Compressing: F:\Kimi Work\视频工具箱\tools\python\tcl\tcl8.6\tzdata\Africa\Maputo
   Compressing: F:\Kimi Work\视频工具箱\tools\python\tcl\tcl8.6\tzdata\Africa\Maseru
   Compressing: F:\Kimi Work\视频工具箱\tools\python\tcl\tcl8.6\tzdata\Africa\Mbabane
   Compressing: F:\Kimi Work\视频工具箱\tools\python\tcl\tcl8.6\tzdata\Africa\Mogadishu
   Compressing: F:\Kimi Work\视频工具箱\tools\python\tcl\tcl8.6\tzdata\Africa\Monrovia
   Compressing: F:\Kimi Work\视频工具箱\tools\python\tcl\tcl8.6\tzdata\Africa\Nairobi
   Compressing: F:\Kimi Work\视频工具箱\tools\python\tcl\tcl8.6\tzdata\Africa\Ndjamena
   Compressing: F:\Kimi Work\视频工具箱\tools\python\tcl\tcl8.6\tzdata\Africa\Niamey
   Compressing: F:\Kimi Work\视频工具箱\tools\python\tcl\tcl8.6\tzdata\Africa\Nouakchott
   Compressing: F:\Kimi Work\视频工具箱\tools\python\tcl\tcl8.6\tzdata\Africa\Ouagadougou
   Compressing: F:\Kimi Work\视频工具箱\tools\python\tcl\tcl8.6\tzdata\Africa\Porto-Novo
   Compressing: F:\Kimi Work\视频工具箱\tools\python\tcl\tcl8.6\tzdata\Africa\Sao_Tome
   Compressing: F:\Kimi Work\视频工具箱\tools\python\tcl\tcl8.6\tzdata\Africa\Timbuktu
   Compressing: F:\Kimi Work\视频工具箱\tools\python\tcl\tcl8.6\tzdata\Africa\Tripoli
   Compressing: F:\Kimi Work\视频工具箱\tools\python\tcl\tcl8.6\tzdata\Africa\Tunis
   Compressing: F:\Kimi Work\视频工具箱\tools\python\tcl\tcl8.6\tzdata\Africa\Windhoek
   Compressing: F:\Kimi Work\视频工具箱\tools\python\tcl\tcl8.6\tzdata\America\Adak
   Compressing: F:\Kimi Work\视频工具箱\tools\python\tcl\tcl8.6\tzdata\America\Anchorage
   Compressing: F:\Kimi Work\视频工具箱\tools\python\tcl\tcl8.6\tzdata\America\Anguilla
   Compressing: F:\Kimi Work\视频工具箱\tools\python\tcl\tcl8.6\tzdata\America\Antigua
   Compressing: F:\Kimi Work\视频工具箱\tools\python\tcl\tcl8.6\tzdata\America\Araguaina
   Compressing: F:\Kimi Work\视频工具箱\tools\python\tcl\tcl8.6\tzdata\America\Aruba
   Compressing: F:\Kimi Work\视频工具箱\tools\python\tcl\tcl8.6\tzdata\America\Asuncion
   Compressing: F:\Kimi Work\视频工具箱\tools\python\tcl\tcl8.6\tzdata\America\Atikokan
   Compressing: F:\Kimi Work\视频工具箱\tools\python\tcl\tcl8.6\tzdata\America\Atka
   Compressing: F:\Kimi Work\视频工具箱\tools\python\tcl\tcl8.6\tzdata\America\Bahia
   Compressing: F:\Kimi Work\视频工具箱\tools\python\tcl\tcl8.6\tzdata\America\Bahia_Banderas
   Compressing: F:\Kimi Work\视频工具箱\tools\python\tcl\tcl8.6\tzdata\America\Barbados
   Compressing: F:\Kimi Work\视频工具箱\tools\python\tcl\tcl8.6\tzdata\America\Belem
   Compressing: F:\Kimi Work\视频工具箱\tools\python\tcl\tcl8.6\tzdata\America\Belize
   Compressing: F:\Kimi Work\视频工具箱\tools\python\tcl\tcl8.6\tzdata\America\Blanc-Sablon
   Compressing: F:\Kimi Work\视频工具箱\tools\python\tcl\tcl8.6\tzdata\America\Boa_Vista
   Compressing: F:\Kimi Work\视频工具箱\tools\python\tcl\tcl8.6\tzdata\America\Bogota
   Compressing: F:\Kimi Work\视频工具箱\tools\python\tcl\tcl8.6\tzdata\America\Boise
   Compressing: F:\Kimi Work\视频工具箱\tools\python\tcl\tcl8.6\tzdata\America\Buenos_Aires
   Compressing: F:\Kimi Work\视频工具箱\tools\python\tcl\tcl8.6\tzdata\America\Cambridge_Bay
   Compressing: F:\Kimi Work\视频工具箱\tools\python\tcl\tcl8.6\tzdata\America\Campo_Grande
   Compressing: F:\Kimi Work\视频工具箱\tools\python\tcl\tcl8.6\tzdata\America\Cancun
   Compressing: F:\Kimi Work\视频工具箱\tools\python\tcl\tcl8.6\tzdata\America\Caracas
   Compressing: F:\Kimi Work\视频工具箱\tools\python\tcl\tcl8.6\tzdata\America\Catamarca
   Compressing: F:\Kimi Work\视频工具箱\tools\python\tcl\tcl8.6\tzdata\America\Cayenne
   Compressing: F:\Kimi Work\视频工具箱\tools\python\tcl\tcl8.6\tzdata\America\Cayman
   Compressing: F:\Kimi Work\视频工具箱\tools\python\tcl\tcl8.6\tzdata\America\Chicago
   Compressing: F:\Kimi Work\视频工具箱\tools\python\tcl\tcl8.6\tzdata\America\Chihuahua
   Compressing: F:\Kimi Work\视频工具箱\tools\python\tcl\tcl8.6\tzdata\America\Ciudad_Juarez
   Compressing: F:\Kimi Work\视频工具箱\tools\python\tcl\tcl8.6\tzdata\America\Coral_Harbour
   Compressing: F:\Kimi Work\视频工具箱\tools\python\tcl\tcl8.6\tzdata\America\Cordoba
   Compressing: F:\Kimi Work\视频工具箱\tools\python\tcl\tcl8.6\tzdata\America\Costa_Rica
   Compressing: F:\Kimi Work\视频工具箱\tools\python\tcl\tcl8.6\tzdata\America\Creston
   Compressing: F:\Kimi Work\视频工具箱\tools\python\tcl\tcl8.6\tzdata\America\Cuiaba
   Compressing: F:\Kimi Work\视频工具箱\tools\python\tcl\tcl8.6\tzdata\America\Curacao
   Compressing: F:\Kimi Work\视频工具箱\tools\python\tcl\tcl8.6\tzdata\America\Danmarkshavn
   Compressing: F:\Kimi Work\视频工具箱\tools\python\tcl\tcl8.6\tzdata\America\Dawson
   Compressing: F:\Kimi Work\视频工具箱\tools\python\tcl\tcl8.6\tzdata\America\Dawson_Creek
   Compressing: F:\Kimi Work\视频工具箱\tools\python\tcl\tcl8.6\tzdata\America\Denver
   Compressing: F:\Kimi Work\视频工具箱\tools\python\tcl\tcl8.6\tzdata\America\Detroit
   Compressing: F:\Kimi Work\视频工具箱\tools\python\tcl\tcl8.6\tzdata\America\Dominica
   Compressing: F:\Kimi Work\视频工具箱\tools\python\tcl\tcl8.6\tzdata\America\Edmonton
   Compressing: F:\Kimi Work\视频工具箱\tools\python\tcl\tcl8.6\tzdata\America\Eirunepe
   Compressing: F:\Kimi Work\视频工具箱\tools\python\tcl\tcl8.6\tzdata\America\El_Salvador
   Compressing: F:\Kimi Work\视频工具箱\tools\python\tcl\tcl8.6\tzdata\America\Ensenada
   Compressing: F:\Kimi Work\视频工具箱\tools\python\tcl\tcl8.6\tzdata\America\Fortaleza
   Compressing: F:\Kimi Work\视频工具箱\tools\python\tcl\tcl8.6\tzdata\America\Fort_Nelson
   Compressing: F:\Kimi Work\视频工具箱\tools\python\tcl\tcl8.6\tzdata\America\Fort_Wayne
   Compressing: F:\Kimi Work\视频工具箱\tools\python\tcl\tcl8.6\tzdata\America\Glace_Bay
   Compressing: F:\Kimi Work\视频工具箱\tools\python\tcl\tcl8.6\tzdata\America\Godthab
   Compressing: F:\Kimi Work\视频工具箱\tools\python\tcl\tcl8.6\tzdata\America\Goose_Bay
   Compressing: F:\Kimi Work\视频工具箱\tools\python\tcl\tcl8.6\tzdata\America\Grand_Turk
   Compressing: F:\Kimi Work\视频工具箱\tools\python\tcl\tcl8.6\tzdata\America\Grenada
   Compressing: F:\Kimi Work\视频工具箱\tools\python\tcl\tcl8.6\tzdata\America\Guadeloupe
   Compressing: F:\Kimi Work\视频工具箱\tools\python\tcl\tcl8.6\tzdata\America\Guatemala
   Compressing: F:\Kimi Work\视频工具箱\tools\python\tcl\tcl8.6\tzdata\America\Guayaquil
   Compressing: F:\Kimi Work\视频工具箱\tools\python\tcl\tcl8.6\tzdata\America\Guyana
   Compressing: F:\Kimi Work\视频工具箱\tools\python\tcl\tcl8.6\tzdata\America\Halifax
   Compressing: F:\Kimi Work\视频工具箱\tools\python\tcl\tcl8.6\tzdata\America\Havana
   Compressing: F:\Kimi Work\视频工具箱\tools\python\tcl\tcl8.6\tzdata\America\Hermosillo
   Compressing: F:\Kimi Work\视频工具箱\tools\python\tcl\tcl8.6\tzdata\America\Indianapolis
   Compressing: F:\Kimi Work\视频工具箱\tools\python\tcl\tcl8.6\tzdata\America\Inuvik
   Compressing: F:\Kimi Work\视频工具箱\tools\python\tcl\tcl8.6\tzdata\America\Iqaluit
   Compressing: F:\Kimi Work\视频工具箱\tools\python\tcl\tcl8.6\tzdata\America\Jamaica
   Compressing: F:\Kimi Work\视频工具箱\tools\python\tcl\tcl8.6\tzdata\America\Jujuy
   Compressing: F:\Kimi Work\视频工具箱\tools\python\tcl\tcl8.6\tzdata\America\Juneau
   Compressing: F:\Kimi Work\视频工具箱\tools\python\tcl\tcl8.6\tzdata\America\Knox_IN
   Compressing: F:\Kimi Work\视频工具箱\tools\python\tcl\tcl8.6\tzdata\America\Kralendijk
   Compressing: F:\Kimi Work\视频工具箱\tools\python\tcl\tcl8.6\tzdata\America\La_Paz
   Compressing: F:\Kimi Work\视频工具箱\tools\python\tcl\tcl8.6\tzdata\America\Lima
   Compressing: F:\Kimi Work\视频工具箱\tools\python\tcl\tcl8.6\tzdata\America\Los_Angeles
   Compressing: F:\Kimi Work\视频工具箱\tools\python\tcl\tcl8.6\tzdata\America\Louisville
   Compressing: F:\Kimi Work\视频工具箱\tools\python\tcl\tcl8.6\tzdata\America\Lower_Princes
   Compressing: F:\Kimi Work\视频工具箱\tools\python\tcl\tcl8.6\tzdata\America\Maceio
   Compressing: F:\Kimi Work\视频工具箱\tools\python\tcl\tcl8.6\tzdata\America\Managua
   Compressing: F:\Kimi Work\视频工具箱\tools\python\tcl\tcl8.6\tzdata\America\Manaus
   Compressing: F:\Kimi Work\视频工具箱\tools\python\tcl\tcl8.6\tzdata\America\Marigot
   Compressing: F:\Kimi Work\视频工具箱\tools\python\tcl\tcl8.6\tzdata\America\Martinique
   Compressing: F:\Kimi Work\视频工具箱\tools\python\tcl\tcl8.6\tzdata\America\Matamoros
   Compressing: F:\Kimi Work\视频工具箱\tools\python\tcl\tcl8.6\tzdata\America\Mazatlan
   Compressing: F:\Kimi Work\视频工具箱\tools\python\tcl\tcl8.6\tzdata\America\Mendoza
   Compressing: F:\Kimi Work\视频工具箱\tools\python\tcl\tcl8.6\tzdata\America\Menominee
   Compressing: F:\Kimi Work\视频工具箱\tools\python\tcl\tcl8.6\tzdata\America\Merida
   Compressing: F:\Kimi Work\视频工具箱\tools\python\tcl\tcl8.6\tzdata\America\Metlakatla
   Compressing: F:\Kimi Work\视频工具箱\tools\python\tcl\tcl8.6\tzdata\America\Mexico_City
   Compressing: F:\Kimi Work\视频工具箱\tools\python\tcl\tcl8.6\tzdata\America\Miquelon
   Compressing: F:\Kimi Work\视频工具箱\tools\python\tcl\tcl8.6\tzdata\America\Moncton
   Compressing: F:\Kimi Work\视频工具箱\tools\python\tcl\tcl8.6\tzdata\America\Monterrey
   Compressing: F:\Kimi Work\视频工具箱\tools\python\tcl\tcl8.6\tzdata\America\Montevideo
   Compressing: F:\Kimi Work\视频工具箱\tools\python\tcl\tcl8.6\tzdata\America\Montreal
   Compressing: F:\Kimi Work\视频工具箱\tools\python\tcl\tcl8.6\tzdata\America\Montserrat
   Compressing: F:\Kimi Work\视频工具箱\tools\python\tcl\tcl8.6\tzdata\America\Nassau
   Compressing: F:\Kimi Work\视频工具箱\tools\python\tcl\tcl8.6\tzdata\America\New_York
   Compressing: F:\Kimi Work\视频工具箱\tools\python\tcl\tcl8.6\tzdata\America\Nipigon
   Compressing: F:\Kimi Work\视频工具箱\tools\python\tcl\tcl8.6\tzdata\America\Nome
   Compressing: F:\Kimi Work\视频工具箱\tools\python\tcl\tcl8.6\tzdata\America\Noronha
   Compressing: F:\Kimi Work\视频工具箱\tools\python\tcl\tcl8.6\tzdata\America\Nuuk
   Compressing: F:\Kimi Work\视频工具箱\tools\python\tcl\tcl8.6\tzdata\America\Ojinaga
   Compressing: F:\Kimi Work\视频工具箱\tools\python\tcl\tcl8.6\tzdata\America\Panama
   Compressing: F:\Kimi Work\视频工具箱\tools\python\tcl\tcl8.6\tzdata\America\Pangnirtung
   Compressing: F:\Kimi Work\视频工具箱\tools\python\tcl\tcl8.6\tzdata\America\Paramaribo
   Compressing: F:\Kimi Work\视频工具箱\tools\python\tcl\tcl8.6\tzdata\America\Phoenix
   Compressing: F:\Kimi Work\视频工具箱\tools\python\tcl\tcl8.6\tzdata\America\Port-au-Prince
   Compressing: F:\Kimi Work\视频工具箱\tools\python\tcl\tcl8.6\tzdata\America\Porto_Acre
   Compressing: F:\Kimi Work\视频工具箱\tools\python\tcl\tcl8.6\tzdata\America\Porto_Velho
   Compressing: F:\Kimi Work\视频工具箱\tools\python\tcl\tcl8.6\tzdata\America\Port_of_Spain
   Compressing: F:\Kimi Work\视频工具箱\tools\python\tcl\tcl8.6\tzdata\America\Puerto_Rico
   Compressing: F:\Kimi Work\视频工具箱\tools\python\tcl\tcl8.6\tzdata\America\Punta_Arenas
   Compressing: F:\Kimi Work\视频工具箱\tools\python\tcl\tcl8.6\tzdata\America\Rainy_River
   Compressing: F:\Kimi Work\视频工具箱\tools\python\tcl\tcl8.6\tzdata\America\Rankin_Inlet
   Compressing: F:\Kimi Work\视频工具箱\tools\python\tcl\tcl8.6\tzdata\America\Recife
   Compressing: F:\Kimi Work\视频工具箱\tools\python\tcl\tcl8.6\tzdata\America\Regina
   Compressing: F:\Kimi Work\视频工具箱\tools\python\tcl\tcl8.6\tzdata\America\Resolute
   Compressing: F:\Kimi Work\视频工具箱\tools\python\tcl\tcl8.6\tzdata\America\Rio_Branco
   Compressing: F:\Kimi Work\视频工具箱\tools\python\tcl\tcl8.6\tzdata\America\Rosario
   Compressing: F:\Kimi Work\视频工具箱\tools\python\tcl\tcl8.6\tzdata\America\Santarem
   Compressing: F:\Kimi Work\视频工具箱\tools\python\tcl\tcl8.6\tzdata\America\Santa_Isabel
   Compressing: F:\Kimi Work\视频工具箱\tools\python\tcl\tcl8.6\tzdata\America\Santiago
   Compressing: F:\Kimi Work\视频工具箱\tools\python\tcl\tcl8.6\tzdata\America\Santo_Domingo
   Compressing: F:\Kimi Work\视频工具箱\tools\python\tcl\tcl8.6\tzdata\America\Sao_Paulo
   Compressing: F:\Kimi Work\视频工具箱\tools\python\tcl\tcl8.6\tzdata\America\Scoresbysund
   Compressing: F:\Kimi Work\视频工具箱\tools\python\tcl\tcl8.6\tzdata\America\Shiprock
   Compressing: F:\Kimi Work\视频工具箱\tools\python\tcl\tcl8.6\tzdata\America\Sitka
   Compressing: F:\Kimi Work\视频工具箱\tools\python\tcl\tcl8.6\tzdata\America\St_Barthelemy
   Compressing: F:\Kimi Work\视频工具箱\tools\python\tcl\tcl8.6\tzdata\America\St_Johns
   Compressing: F:\Kimi Work\视频工具箱\tools\python\tcl\tcl8.6\tzdata\America\St_Kitts
   Compressing: F:\Kimi Work\视频工具箱\tools\python\tcl\tcl8.6\tzdata\America\St_Lucia
   Compressing: F:\Kimi Work\视频工具箱\tools\python\tcl\tcl8.6\tzdata\America\St_Thomas
   Compressing: F:\Kimi Work\视频工具箱\tools\python\tcl\tcl8.6\tzdata\America\St_Vincent
   Compressing: F:\Kimi Work\视频工具箱\tools\python\tcl\tcl8.6\tzdata\America\Swift_Current
   Compressing: F:\Kimi Work\视频工具箱\tools\python\tcl\tcl8.6\tzdata\America\Tegucigalpa
   Compressing: F:\Kimi Work\视频工具箱\tools\python\tcl\tcl8.6\tzdata\America\Thule
   Compressing: F:\Kimi Work\视频工具箱\tools\python\tcl\tcl8.6\tzdata\America\Thunder_Bay
   Compressing: F:\Kimi Work\视频工具箱\tools\python\tcl\tcl8.6\tzdata\America\Tijuana
   Compressing: F:\Kimi Work\视频工具箱\tools\python\tcl\tcl8.6\tzdata\America\Toronto
   Compressing: F:\Kimi Work\视频工具箱\tools\python\tcl\tcl8.6\tzdata\America\Tortola
   Compressing: F:\Kimi Work\视频工具箱\tools\python\tcl\tcl8.6\tzdata\America\Vancouver
   Compressing: F:\Kimi Work\视频工具箱\tools\python\tcl\tcl8.6\tzdata\America\Virgin
   Compressing: F:\Kimi Work\视频工具箱\tools\python\tcl\tcl8.6\tzdata\America\Whitehorse
   Compressing: F:\Kimi Work\视频工具箱\tools\python\tcl\tcl8.6\tzdata\America\Winnipeg
   Compressing: F:\Kimi Work\视频工具箱\tools\python\tcl\tcl8.6\tzdata\America\Yakutat
   Compressing: F:\Kimi Work\视频工具箱\tools\python\tcl\tcl8.6\tzdata\America\Yellowknife
   Compressing: F:\Kimi Work\视频工具箱\tools\python\tcl\tcl8.6\tzdata\America\Argentina\Buenos_Aires
   Compressing: F:\Kimi Work\视频工具箱\tools\python\tcl\tcl8.6\tzdata\America\Argentina\Catamarca
   Compressing: F:\Kimi Work\视频工具箱\tools\python\tcl\tcl8.6\tzdata\America\Argentina\ComodRivadavia
   Compressing: F:\Kimi Work\视频工具箱\tools\python\tcl\tcl8.6\tzdata\America\Argentina\Cordoba
   Compressing: F:\Kimi Work\视频工具箱\tools\python\tcl\tcl8.6\tzdata\America\Argentina\Jujuy
   Compressing: F:\Kimi Work\视频工具箱\tools\python\tcl\tcl8.6\tzdata\America\Argentina\La_Rioja
   Compressing: F:\Kimi Work\视频工具箱\tools\python\tcl\tcl8.6\tzdata\America\Argentina\Mendoza
   Compressing: F:\Kimi Work\视频工具箱\tools\python\tcl\tcl8.6\tzdata\America\Argentina\Rio_Gallegos
   Compressing: F:\Kimi Work\视频工具箱\tools\python\tcl\tcl8.6\tzdata\America\Argentina\Salta
   Compressing: F:\Kimi Work\视频工具箱\tools\python\tcl\tcl8.6\tzdata\America\Argentina\San_Juan
   Compressing: F:\Kimi Work\视频工具箱\tools\python\tcl\tcl8.6\tzdata\America\Argentina\San_Luis
   Compressing: F:\Kimi Work\视频工具箱\tools\python\tcl\tcl8.6\tzdata\America\Argentina\Tucuman
   Compressing: F:\Kimi Work\视频工具箱\tools\python\tcl\tcl8.6\tzdata\America\Argentina\Ushuaia
   Compressing: F:\Kimi Work\视频工具箱\tools\python\tcl\tcl8.6\tzdata\America\Indiana\Indianapolis
   Compressing: F:\Kimi Work\视频工具箱\tools\python\tcl\tcl8.6\tzdata\America\Indiana\Knox
   Compressing: F:\Kimi Work\视频工具箱\tools\python\tcl\tcl8.6\tzdata\America\Indiana\Marengo
   Compressing: F:\Kimi Work\视频工具箱\tools\python\tcl\tcl8.6\tzdata\America\Indiana\Petersburg
   Compressing: F:\Kimi Work\视频工具箱\tools\python\tcl\tcl8.6\tzdata\America\Indiana\Tell_City
   Compressing: F:\Kimi Work\视频工具箱\tools\python\tcl\tcl8.6\tzdata\America\Indiana\Vevay
   Compressing: F:\Kimi Work\视频工具箱\tools\python\tcl\tcl8.6\tzdata\America\Indiana\Vincennes
   Compressing: F:\Kimi Work\视频工具箱\tools\python\tcl\tcl8.6\tzdata\America\Indiana\Winamac
   Compressing: F:\Kimi Work\视频工具箱\tools\python\tcl\tcl8.6\tzdata\America\Kentucky\Louisville
   Compressing: F:\Kimi Work\视频工具箱\tools\python\tcl\tcl8.6\tzdata\America\Kentucky\Monticello
   Compressing: F:\Kimi Work\视频工具箱\tools\python\tcl\tcl8.6\tzdata\America\North_Dakota\Beulah
   Compressing: F:\Kimi Work\视频工具箱\tools\python\tcl\tcl8.6\tzdata\America\North_Dakota\Center
   Compressing: F:\Kimi Work\视频工具箱\tools\python\tcl\tcl8.6\tzdata\America\North_Dakota\New_Salem
   Compressing: F:\Kimi Work\视频工具箱\tools\python\tcl\tcl8.6\tzdata\Antarctica\Casey
   Compressing: F:\Kimi Work\视频工具箱\tools\python\tcl\tcl8.6\tzdata\Antarctica\Davis
   Compressing: F:\Kimi Work\视频工具箱\tools\python\tcl\tcl8.6\tzdata\Antarctica\DumontDUrville
   Compressing: F:\Kimi Work\视频工具箱\tools\python\tcl\tcl8.6\tzdata\Antarctica\Macquarie
   Compressing: F:\Kimi Work\视频工具箱\tools\python\tcl\tcl8.6\tzdata\Antarctica\Mawson
   Compressing: F:\Kimi Work\视频工具箱\tools\python\tcl\tcl8.6\tzdata\Antarctica\McMurdo
   Compressing: F:\Kimi Work\视频工具箱\tools\python\tcl\tcl8.6\tzdata\Antarctica\Palmer
   Compressing: F:\Kimi Work\视频工具箱\tools\python\tcl\tcl8.6\tzdata\Antarctica\Rothera
   Compressing: F:\Kimi Work\视频工具箱\tools\python\tcl\tcl8.6\tzdata\Antarctica\South_Pole
   Compressing: F:\Kimi Work\视频工具箱\tools\python\tcl\tcl8.6\tzdata\Antarctica\Syowa
   Compressing: F:\Kimi Work\视频工具箱\tools\python\tcl\tcl8.6\tzdata\Antarctica\Troll
   Compressing: F:\Kimi Work\视频工具箱\tools\python\tcl\tcl8.6\tzdata\Antarctica\Vostok
   Compressing: F:\Kimi Work\视频工具箱\tools\python\tcl\tcl8.6\tzdata\Arctic\Longyearbyen
   Compressing: F:\Kimi Work\视频工具箱\tools\python\tcl\tcl8.6\tzdata\Asia\Aden
   Compressing: F:\Kimi Work\视频工具箱\tools\python\tcl\tcl8.6\tzdata\Asia\Almaty
   Compressing: F:\Kimi Work\视频工具箱\tools\python\tcl\tcl8.6\tzdata\Asia\Amman
   Compressing: F:\Kimi Work\视频工具箱\tools\python\tcl\tcl8.6\tzdata\Asia\Anadyr
   Compressing: F:\Kimi Work\视频工具箱\tools\python\tcl\tcl8.6\tzdata\Asia\Aqtau
   Compressing: F:\Kimi Work\视频工具箱\tools\python\tcl\tcl8.6\tzdata\Asia\Aqtobe
   Compressing: F:\Kimi Work\视频工具箱\tools\python\tcl\tcl8.6\tzdata\Asia\Ashgabat
   Compressing: F:\Kimi Work\视频工具箱\tools\python\tcl\tcl8.6\tzdata\Asia\Ashkhabad
   Compressing: F:\Kimi Work\视频工具箱\tools\python\tcl\tcl8.6\tzdata\Asia\Atyrau
   Compressing: F:\Kimi Work\视频工具箱\tools\python\tcl\tcl8.6\tzdata\Asia\Baghdad
   Compressing: F:\Kimi Work\视频工具箱\tools\python\tcl\tcl8.6\tzdata\Asia\Bahrain
   Compressing: F:\Kimi Work\视频工具箱\tools\python\tcl\tcl8.6\tzdata\Asia\Baku
   Compressing: F:\Kimi Work\视频工具箱\tools\python\tcl\tcl8.6\tzdata\Asia\Bangkok
   Compressing: F:\Kimi Work\视频工具箱\tools\python\tcl\tcl8.6\tzdata\Asia\Barnaul
   Compressing: F:\Kimi Work\视频工具箱\tools\python\tcl\tcl8.6\tzdata\Asia\Beirut
   Compressing: F:\Kimi Work\视频工具箱\tools\python\tcl\tcl8.6\tzdata\Asia\Bishkek
   Compressing: F:\Kimi Work\视频工具箱\tools\python\tcl\tcl8.6\tzdata\Asia\Brunei
   Compressing: F:\Kimi Work\视频工具箱\tools\python\tcl\tcl8.6\tzdata\Asia\Calcutta
   Compressing: F:\Kimi Work\视频工具箱\tools\python\tcl\tcl8.6\tzdata\Asia\Chita
   Compressing: F:\Kimi Work\视频工具箱\tools\python\tcl\tcl8.6\tzdata\Asia\Choibalsan
   Compressing: F:\Kimi Work\视频工具箱\tools\python\tcl\tcl8.6\tzdata\Asia\Chongqing
   Compressing: F:\Kimi Work\视频工具箱\tools\python\tcl\tcl8.6\tzdata\Asia\Chungking
   Compressing: F:\Kimi Work\视频工具箱\tools\python\tcl\tcl8.6\tzdata\Asia\Colombo
   Compressing: F:\Kimi Work\视频工具箱\tools\python\tcl\tcl8.6\tzdata\Asia\Dacca
   Compressing: F:\Kimi Work\视频工具箱\tools\python\tcl\tcl8.6\tzdata\Asia\Damascus
   Compressing: F:\Kimi Work\视频工具箱\tools\python\tcl\tcl8.6\tzdata\Asia\Dhaka
   Compressing: F:\Kimi Work\视频工具箱\tools\python\tcl\tcl8.6\tzdata\Asia\Dili
   Compressing: F:\Kimi Work\视频工具箱\tools\python\tcl\tcl8.6\tzdata\Asia\Dubai
   Compressing: F:\Kimi Work\视频工具箱\tools\python\tcl\tcl8.6\tzdata\Asia\Dushanbe
   Compressing: F:\Kimi Work\视频工具箱\tools\python\tcl\tcl8.6\tzdata\Asia\Famagusta
   Compressing: F:\Kimi Work\视频工具箱\tools\python\tcl\tcl8.6\tzdata\Asia\Gaza
   Compressing: F:\Kimi Work\视频工具箱\tools\python\tcl\tcl8.6\tzdata\Asia\Harbin
   Compressing: F:\Kimi Work\视频工具箱\tools\python\tcl\tcl8.6\tzdata\Asia\Hebron
   Compressing: F:\Kimi Work\视频工具箱\tools\python\tcl\tcl8.6\tzdata\Asia\Hong_Kong
   Compressing: F:\Kimi Work\视频工具箱\tools\python\tcl\tcl8.6\tzdata\Asia\Hovd
   Compressing: F:\Kimi Work\视频工具箱\tools\python\tcl\tcl8.6\tzdata\Asia\Ho_Chi_Minh
   Compressing: F:\Kimi Work\视频工具箱\tools\python\tcl\tcl8.6\tzdata\Asia\Irkutsk
   Compressing: F:\Kimi Work\视频工具箱\tools\python\tcl\tcl8.6\tzdata\Asia\Istanbul
   Compressing: F:\Kimi Work\视频工具箱\tools\python\tcl\tcl8.6\tzdata\Asia\Jakarta
   Compressing: F:\Kimi Work\视频工具箱\tools\python\tcl\tcl8.6\tzdata\Asia\Jayapura
   Compressing: F:\Kimi Work\视频工具箱\tools\python\tcl\tcl8.6\tzdata\Asia\Jerusalem
   Compressing: F:\Kimi Work\视频工具箱\tools\python\tcl\tcl8.6\tzdata\Asia\Kabul
   Compressing: F:\Kimi Work\视频工具箱\tools\python\tcl\tcl8.6\tzdata\Asia\Kamchatka
   Compressing: F:\Kimi Work\视频工具箱\tools\python\tcl\tcl8.6\tzdata\Asia\Karachi
   Compressing: F:\Kimi Work\视频工具箱\tools\python\tcl\tcl8.6\tzdata\Asia\Kashgar
   Compressing: F:\Kimi Work\视频工具箱\tools\python\tcl\tcl8.6\tzdata\Asia\Kathmandu
   Compressing: F:\Kimi Work\视频工具箱\tools\python\tcl\tcl8.6\tzdata\Asia\Katmandu
   Compressing: F:\Kimi Work\视频工具箱\tools\python\tcl\tcl8.6\tzdata\Asia\Khandyga
   Compressing: F:\Kimi Work\视频工具箱\tools\python\tcl\tcl8.6\tzdata\Asia\Kolkata
   Compressing: F:\Kimi Work\视频工具箱\tools\python\tcl\tcl8.6\tzdata\Asia\Krasnoyarsk
   Compressing: F:\Kimi Work\视频工具箱\tools\python\tcl\tcl8.6\tzdata\Asia\Kuala_Lumpur
   Compressing: F:\Kimi Work\视频工具箱\tools\python\tcl\tcl8.6\tzdata\Asia\Kuching
   Compressing: F:\Kimi Work\视频工具箱\tools\python\tcl\tcl8.6\tzdata\Asia\Kuwait
   Compressing: F:\Kimi Work\视频工具箱\tools\python\tcl\tcl8.6\tzdata\Asia\Macao
   Compressing: F:\Kimi Work\视频工具箱\tools\python\tcl\tcl8.6\tzdata\Asia\Macau
   Compressing: F:\Kimi Work\视频工具箱\tools\python\tcl\tcl8.6\tzdata\Asia\Magadan
   Compressing: F:\Kimi Work\视频工具箱\tools\python\tcl\tcl8.6\tzdata\Asia\Makassar
   Compressing: F:\Kimi Work\视频工具箱\tools\python\tcl\tcl8.6\tzdata\Asia\Manila
   Compressing: F:\Kimi Work\视频工具箱\tools\python\tcl\tcl8.6\tzdata\Asia\Muscat
   Compressing: F:\Kimi Work\视频工具箱\tools\python\tcl\tcl8.6\tzdata\Asia\Nicosia
   Compressing: F:\Kimi Work\视频工具箱\tools\python\tcl\tcl8.6\tzdata\Asia\Novokuznetsk
   Compressing: F:\Kimi Work\视频工具箱\tools\python\tcl\tcl8.6\tzdata\Asia\Novosibirsk
   Compressing: F:\Kimi Work\视频工具箱\tools\python\tcl\tcl8.6\tzdata\Asia\Omsk
   Compressing: F:\Kimi Work\视频工具箱\tools\python\tcl\tcl8.6\tzdata\Asia\Oral
   Compressing: F:\Kimi Work\视频工具箱\tools\python\tcl\tcl8.6\tzdata\Asia\Phnom_Penh
   Compressing: F:\Kimi Work\视频工具箱\tools\python\tcl\tcl8.6\tzdata\Asia\Pontianak
   Compressing: F:\Kimi Work\视频工具箱\tools\python\tcl\tcl8.6\tzdata\Asia\Pyongyang
   Compressing: F:\Kimi Work\视频工具箱\tools\python\tcl\tcl8.6\tzdata\Asia\Qatar
   Compressing: F:\Kimi Work\视频工具箱\tools\python\tcl\tcl8.6\tzdata\Asia\Qostanay
   Compressing: F:\Kimi Work\视频工具箱\tools\python\tcl\tcl8.6\tzdata\Asia\Qyzylorda
   Compressing: F:\Kimi Work\视频工具箱\tools\python\tcl\tcl8.6\tzdata\Asia\Rangoon
   Compressing: F:\Kimi Work\视频工具箱\tools\python\tcl\tcl8.6\tzdata\Asia\Riyadh
   Compressing: F:\Kimi Work\视频工具箱\tools\python\tcl\tcl8.6\tzdata\Asia\Saigon
   Compressing: F:\Kimi Work\视频工具箱\tools\python\tcl\tcl8.6\tzdata\Asia\Sakhalin
   Compressing: F:\Kimi Work\视频工具箱\tools\python\tcl\tcl8.6\tzdata\Asia\Samarkand
   Compressing: F:\Kimi Work\视频工具箱\tools\python\tcl\tcl8.6\tzdata\Asia\Seoul
   Compressing: F:\Kimi Work\视频工具箱\tools\python\tcl\tcl8.6\tzdata\Asia\Shanghai
   Compressing: F:\Kimi Work\视频工具箱\tools\python\tcl\tcl8.6\tzdata\Asia\Singapore
   Compressing: F:\Kimi Work\视频工具箱\tools\python\tcl\tcl8.6\tzdata\Asia\Srednekolymsk
   Compressing: F:\Kimi Work\视频工具箱\tools\python\tcl\tcl8.6\tzdata\Asia\Taipei
   Compressing: F:\Kimi Work\视频工具箱\tools\python\tcl\tcl8.6\tzdata\Asia\Tashkent
   Compressing: F:\Kimi Work\视频工具箱\tools\python\tcl\tcl8.6\tzdata\Asia\Tbilisi
   Compressing: F:\Kimi Work\视频工具箱\tools\python\tcl\tcl8.6\tzdata\Asia\Tehran
   Compressing: F:\Kimi Work\视频工具箱\tools\python\tcl\tcl8.6\tzdata\Asia\Tel_Aviv
   Compressing: F:\Kimi Work\视频工具箱\tools\python\tcl\tcl8.6\tzdata\Asia\Thimbu
   Compressing: F:\Kimi Work\视频工具箱\tools\python\tcl\tcl8.6\tzdata\Asia\Thimphu
   Compressing: F:\Kimi Work\视频工具箱\tools\python\tcl\tcl8.6\tzdata\Asia\Tokyo
   Compressing: F:\Kimi Work\视频工具箱\tools\python\tcl\tcl8.6\tzdata\Asia\Tomsk
   Compressing: F:\Kimi Work\视频工具箱\tools\python\tcl\tcl8.6\tzdata\Asia\Ujung_Pandang
   Compressing: F:\Kimi Work\视频工具箱\tools\python\tcl\tcl8.6\tzdata\Asia\Ulaanbaatar
   Compressing: F:\Kimi Work\视频工具箱\tools\python\tcl\tcl8.6\tzdata\Asia\Ulan_Bator
   Compressing: F:\Kimi Work\视频工具箱\tools\python\tcl\tcl8.6\tzdata\Asia\Urumqi
   Compressing: F:\Kimi Work\视频工具箱\tools\python\tcl\tcl8.6\tzdata\Asia\Ust-Nera
   Compressing: F:\Kimi Work\视频工具箱\tools\python\tcl\tcl8.6\tzdata\Asia\Vientiane
   Compressing: F:\Kimi Work\视频工具箱\tools\python\tcl\tcl8.6\tzdata\Asia\Vladivostok
   Compressing: F:\Kimi Work\视频工具箱\tools\python\tcl\tcl8.6\tzdata\Asia\Yakutsk
   Compressing: F:\Kimi Work\视频工具箱\tools\python\tcl\tcl8.6\tzdata\Asia\Yangon
   Compressing: F:\Kimi Work\视频工具箱\tools\python\tcl\tcl8.6\tzdata\Asia\Yekaterinburg
   Compressing: F:\Kimi Work\视频工具箱\tools\python\tcl\tcl8.6\tzdata\Asia\Yerevan
   Compressing: F:\Kimi Work\视频工具箱\tools\python\tcl\tcl8.6\tzdata\Atlantic\Azores
   Compressing: F:\Kimi Work\视频工具箱\tools\python\tcl\tcl8.6\tzdata\Atlantic\Bermuda
   Compressing: F:\Kimi Work\视频工具箱\tools\python\tcl\tcl8.6\tzdata\Atlantic\Canary
   Compressing: F:\Kimi Work\视频工具箱\tools\python\tcl\tcl8.6\tzdata\Atlantic\Cape_Verde
   Compressing: F:\Kimi Work\视频工具箱\tools\python\tcl\tcl8.6\tzdata\Atlantic\Faeroe
   Compressing: F:\Kimi Work\视频工具箱\tools\python\tcl\tcl8.6\tzdata\Atlantic\Faroe
   Compressing: F:\Kimi Work\视频工具箱\tools\python\tcl\tcl8.6\tzdata\Atlantic\Jan_Mayen
   Compressing: F:\Kimi Work\视频工具箱\tools\python\tcl\tcl8.6\tzdata\Atlantic\Madeira
   Compressing: F:\Kimi Work\视频工具箱\tools\python\tcl\tcl8.6\tzdata\Atlantic\Reykjavik
   Compressing: F:\Kimi Work\视频工具箱\tools\python\tcl\tcl8.6\tzdata\Atlantic\South_Georgia
   Compressing: F:\Kimi Work\视频工具箱\tools\python\tcl\tcl8.6\tzdata\Atlantic\Stanley
   Compressing: F:\Kimi Work\视频工具箱\tools\python\tcl\tcl8.6\tzdata\Atlantic\St_Helena
   Compressing: F:\Kimi Work\视频工具箱\tools\python\tcl\tcl8.6\tzdata\Australia\ACT
   Compressing: F:\Kimi Work\视频工具箱\tools\python\tcl\tcl8.6\tzdata\Australia\Adelaide
   Compressing: F:\Kimi Work\视频工具箱\tools\python\tcl\tcl8.6\tzdata\Australia\Brisbane
   Compressing: F:\Kimi Work\视频工具箱\tools\python\tcl\tcl8.6\tzdata\Australia\Broken_Hill
   Compressing: F:\Kimi Work\视频工具箱\tools\python\tcl\tcl8.6\tzdata\Australia\Canberra
   Compressing: F:\Kimi Work\视频工具箱\tools\python\tcl\tcl8.6\tzdata\Australia\Currie
   Compressing: F:\Kimi Work\视频工具箱\tools\python\tcl\tcl8.6\tzdata\Australia\Darwin
   Compressing: F:\Kimi Work\视频工具箱\tools\python\tcl\tcl8.6\tzdata\Australia\Eucla
   Compressing: F:\Kimi Work\视频工具箱\tools\python\tcl\tcl8.6\tzdata\Australia\Hobart
   Compressing: F:\Kimi Work\视频工具箱\tools\python\tcl\tcl8.6\tzdata\Australia\LHI
   Compressing: F:\Kimi Work\视频工具箱\tools\python\tcl\tcl8.6\tzdata\Australia\Lindeman
   Compressing: F:\Kimi Work\视频工具箱\tools\python\tcl\tcl8.6\tzdata\Australia\Lord_Howe
   Compressing: F:\Kimi Work\视频工具箱\tools\python\tcl\tcl8.6\tzdata\Australia\Melbourne
   Compressing: F:\Kimi Work\视频工具箱\tools\python\tcl\tcl8.6\tzdata\Australia\North
   Compressing: F:\Kimi Work\视频工具箱\tools\python\tcl\tcl8.6\tzdata\Australia\NSW
   Compressing: F:\Kimi Work\视频工具箱\tools\python\tcl\tcl8.6\tzdata\Australia\Perth
   Compressing: F:\Kimi Work\视频工具箱\tools\python\tcl\tcl8.6\tzdata\Australia\Queensland
   Compressing: F:\Kimi Work\视频工具箱\tools\python\tcl\tcl8.6\tzdata\Australia\South
   Compressing: F:\Kimi Work\视频工具箱\tools\python\tcl\tcl8.6\tzdata\Australia\Sydney
   Compressing: F:\Kimi Work\视频工具箱\tools\python\tcl\tcl8.6\tzdata\Australia\Tasmania
   Compressing: F:\Kimi Work\视频工具箱\tools\python\tcl\tcl8.6\tzdata\Australia\Victoria
   Compressing: F:\Kimi Work\视频工具箱\tools\python\tcl\tcl8.6\tzdata\Australia\West
   Compressing: F:\Kimi Work\视频工具箱\tools\python\tcl\tcl8.6\tzdata\Australia\Yancowinna
   Compressing: F:\Kimi Work\视频工具箱\tools\python\tcl\tcl8.6\tzdata\Brazil\Acre
   Compressing: F:\Kimi Work\视频工具箱\tools\python\tcl\tcl8.6\tzdata\Brazil\DeNoronha
   Compressing: F:\Kimi Work\视频工具箱\tools\python\tcl\tcl8.6\tzdata\Brazil\East
   Compressing: F:\Kimi Work\视频工具箱\tools\python\tcl\tcl8.6\tzdata\Brazil\West
   Compressing: F:\Kimi Work\视频工具箱\tools\python\tcl\tcl8.6\tzdata\Canada\Atlantic
   Compressing: F:\Kimi Work\视频工具箱\tools\python\tcl\tcl8.6\tzdata\Canada\Central
   Compressing: F:\Kimi Work\视频工具箱\tools\python\tcl\tcl8.6\tzdata\Canada\Eastern
   Compressing: F:\Kimi Work\视频工具箱\tools\python\tcl\tcl8.6\tzdata\Canada\Mountain
   Compressing: F:\Kimi Work\视频工具箱\tools\python\tcl\tcl8.6\tzdata\Canada\Newfoundland
   Compressing: F:\Kimi Work\视频工具箱\tools\python\tcl\tcl8.6\tzdata\Canada\Pacific
   Compressing: F:\Kimi Work\视频工具箱\tools\python\tcl\tcl8.6\tzdata\Canada\Saskatchewan
   Compressing: F:\Kimi Work\视频工具箱\tools\python\tcl\tcl8.6\tzdata\Canada\Yukon
   Compressing: F:\Kimi Work\视频工具箱\tools\python\tcl\tcl8.6\tzdata\Chile\Continental
   Compressing: F:\Kimi Work\视频工具箱\tools\python\tcl\tcl8.6\tzdata\Chile\EasterIsland
   Compressing: F:\Kimi Work\视频工具箱\tools\python\tcl\tcl8.6\tzdata\Etc\GMT
   Compressing: F:\Kimi Work\视频工具箱\tools\python\tcl\tcl8.6\tzdata\Etc\GMT+0
   Compressing: F:\Kimi Work\视频工具箱\tools\python\tcl\tcl8.6\tzdata\Etc\GMT+1
   Compressing: F:\Kimi Work\视频工具箱\tools\python\tcl\tcl8.6\tzdata\Etc\GMT+10
   Compressing: F:\Kimi Work\视频工具箱\tools\python\tcl\tcl8.6\tzdata\Etc\GMT+11
   Compressing: F:\Kimi Work\视频工具箱\tools\python\tcl\tcl8.6\tzdata\Etc\GMT+12
   Compressing: F:\Kimi Work\视频工具箱\tools\python\tcl\tcl8.6\tzdata\Etc\GMT+2
   Compressing: F:\Kimi Work\视频工具箱\tools\python\tcl\tcl8.6\tzdata\Etc\GMT+3
   Compressing: F:\Kimi Work\视频工具箱\tools\python\tcl\tcl8.6\tzdata\Etc\GMT+4
   Compressing: F:\Kimi Work\视频工具箱\tools\python\tcl\tcl8.6\tzdata\Etc\GMT+5
   Compressing: F:\Kimi Work\视频工具箱\tools\python\tcl\tcl8.6\tzdata\Etc\GMT+6
   Compressing: F:\Kimi Work\视频工具箱\tools\python\tcl\tcl8.6\tzdata\Etc\GMT+7
   Compressing: F:\Kimi Work\视频工具箱\tools\python\tcl\tcl8.6\tzdata\Etc\GMT+8
   Compressing: F:\Kimi Work\视频工具箱\tools\python\tcl\tcl8.6\tzdata\Etc\GMT+9
   Compressing: F:\Kimi Work\视频工具箱\tools\python\tcl\tcl8.6\tzdata\Etc\GMT-0
   Compressing: F:\Kimi Work\视频工具箱\tools\python\tcl\tcl8.6\tzdata\Etc\GMT-1
   Compressing: F:\Kimi Work\视频工具箱\tools\python\tcl\tcl8.6\tzdata\Etc\GMT-10
   Compressing: F:\Kimi Work\视频工具箱\tools\python\tcl\tcl8.6\tzdata\Etc\GMT-11
   Compressing: F:\Kimi Work\视频工具箱\tools\python\tcl\tcl8.6\tzdata\Etc\GMT-12
   Compressing: F:\Kimi Work\视频工具箱\tools\python\tcl\tcl8.6\tzdata\Etc\GMT-13
   Compressing: F:\Kimi Work\视频工具箱\tools\python\tcl\tcl8.6\tzdata\Etc\GMT-14
   Compressing: F:\Kimi Work\视频工具箱\tools\python\tcl\tcl8.6\tzdata\Etc\GMT-2
   Compressing: F:\Kimi Work\视频工具箱\tools\python\tcl\tcl8.6\tzdata\Etc\GMT-3
   Compressing: F:\Kimi Work\视频工具箱\tools\python\tcl\tcl8.6\tzdata\Etc\GMT-4
   Compressing: F:\Kimi Work\视频工具箱\tools\python\tcl\tcl8.6\tzdata\Etc\GMT-5
   Compressing: F:\Kimi Work\视频工具箱\tools\python\tcl\tcl8.6\tzdata\Etc\GMT-6
   Compressing: F:\Kimi Work\视频工具箱\tools\python\tcl\tcl8.6\tzdata\Etc\GMT-7
   Compressing: F:\Kimi Work\视频工具箱\tools\python\tcl\tcl8.6\tzdata\Etc\GMT-8
   Compressing: F:\Kimi Work\视频工具箱\tools\python\tcl\tcl8.6\tzdata\Etc\GMT-9
   Compressing: F:\Kimi Work\视频工具箱\tools\python\tcl\tcl8.6\tzdata\Etc\GMT0
   Compressing: F:\Kimi Work\视频工具箱\tools\python\tcl\tcl8.6\tzdata\Etc\Greenwich
   Compressing: F:\Kimi Work\视频工具箱\tools\python\tcl\tcl8.6\tzdata\Etc\UCT
   Compressing: F:\Kimi Work\视频工具箱\tools\python\tcl\tcl8.6\tzdata\Etc\Universal
   Compressing: F:\Kimi Work\视频工具箱\tools\python\tcl\tcl8.6\tzdata\Etc\UTC
   Compressing: F:\Kimi Work\视频工具箱\tools\python\tcl\tcl8.6\tzdata\Etc\Zulu
   Compressing: F:\Kimi Work\视频工具箱\tools\python\tcl\tcl8.6\tzdata\Europe\Amsterdam
   Compressing: F:\Kimi Work\视频工具箱\tools\python\tcl\tcl8.6\tzdata\Europe\Andorra
   Compressing: F:\Kimi Work\视频工具箱\tools\python\tcl\tcl8.6\tzdata\Europe\Astrakhan
   Compressing: F:\Kimi Work\视频工具箱\tools\python\tcl\tcl8.6\tzdata\Europe\Athens
   Compressing: F:\Kimi Work\视频工具箱\tools\python\tcl\tcl8.6\tzdata\Europe\Belfast
   Compressing: F:\Kimi Work\视频工具箱\tools\python\tcl\tcl8.6\tzdata\Europe\Belgrade
   Compressing: F:\Kimi Work\视频工具箱\tools\python\tcl\tcl8.6\tzdata\Europe\Berlin
   Compressing: F:\Kimi Work\视频工具箱\tools\python\tcl\tcl8.6\tzdata\Europe\Bratislava
   Compressing: F:\Kimi Work\视频工具箱\tools\python\tcl\tcl8.6\tzdata\Europe\Brussels
   Compressing: F:\Kimi Work\视频工具箱\tools\python\tcl\tcl8.6\tzdata\Europe\Bucharest
   Compressing: F:\Kimi Work\视频工具箱\tools\python\tcl\tcl8.6\tzdata\Europe\Budapest
   Compressing: F:\Kimi Work\视频工具箱\tools\python\tcl\tcl8.6\tzdata\Europe\Busingen
   Compressing: F:\Kimi Work\视频工具箱\tools\python\tcl\tcl8.6\tzdata\Europe\Chisinau
   Compressing: F:\Kimi Work\视频工具箱\tools\python\tcl\tcl8.6\tzdata\Europe\Copenhagen
   Compressing: F:\Kimi Work\视频工具箱\tools\python\tcl\tcl8.6\tzdata\Europe\Dublin
   Compressing: F:\Kimi Work\视频工具箱\tools\python\tcl\tcl8.6\tzdata\Europe\Gibraltar
   Compressing: F:\Kimi Work\视频工具箱\tools\python\tcl\tcl8.6\tzdata\Europe\Guernsey
   Compressing: F:\Kimi Work\视频工具箱\tools\python\tcl\tcl8.6\tzdata\Europe\Helsinki
   Compressing: F:\Kimi Work\视频工具箱\tools\python\tcl\tcl8.6\tzdata\Europe\Isle_of_Man
   Compressing: F:\Kimi Work\视频工具箱\tools\python\tcl\tcl8.6\tzdata\Europe\Istanbul
   Compressing: F:\Kimi Work\视频工具箱\tools\python\tcl\tcl8.6\tzdata\Europe\Jersey
   Compressing: F:\Kimi Work\视频工具箱\tools\python\tcl\tcl8.6\tzdata\Europe\Kaliningrad
   Compressing: F:\Kimi Work\视频工具箱\tools\python\tcl\tcl8.6\tzdata\Europe\Kiev
   Compressing: F:\Kimi Work\视频工具箱\tools\python\tcl\tcl8.6\tzdata\Europe\Kirov
   Compressing: F:\Kimi Work\视频工具箱\tools\python\tcl\tcl8.6\tzdata\Europe\Kyiv
   Compressing: F:\Kimi Work\视频工具箱\tools\python\tcl\tcl8.6\tzdata\Europe\Lisbon
   Compressing: F:\Kimi Work\视频工具箱\tools\python\tcl\tcl8.6\tzdata\Europe\Ljubljana
   Compressing: F:\Kimi Work\视频工具箱\tools\python\tcl\tcl8.6\tzdata\Europe\London
   Compressing: F:\Kimi Work\视频工具箱\tools\python\tcl\tcl8.6\tzdata\Europe\Luxembourg
   Compressing: F:\Kimi Work\视频工具箱\tools\python\tcl\tcl8.6\tzdata\Europe\Madrid
   Compressing: F:\Kimi Work\视频工具箱\tools\python\tcl\tcl8.6\tzdata\Europe\Malta
   Compressing: F:\Kimi Work\视频工具箱\tools\python\tcl\tcl8.6\tzdata\Europe\Mariehamn
   Compressing: F:\Kimi Work\视频工具箱\tools\python\tcl\tcl8.6\tzdata\Europe\Minsk
   Compressing: F:\Kimi Work\视频工具箱\tools\python\tcl\tcl8.6\tzdata\Europe\Monaco
   Compressing: F:\Kimi Work\视频工具箱\tools\python\tcl\tcl8.6\tzdata\Europe\Moscow
   Compressing: F:\Kimi Work\视频工具箱\tools\python\tcl\tcl8.6\tzdata\Europe\Nicosia
   Compressing: F:\Kimi Work\视频工具箱\tools\python\tcl\tcl8.6\tzdata\Europe\Oslo
   Compressing: F:\Kimi Work\视频工具箱\tools\python\tcl\tcl8.6\tzdata\Europe\Paris
   Compressing: F:\Kimi Work\视频工具箱\tools\python\tcl\tcl8.6\tzdata\Europe\Podgorica
   Compressing: F:\Kimi Work\视频工具箱\tools\python\tcl\tcl8.6\tzdata\Europe\Prague
   Compressing: F:\Kimi Work\视频工具箱\tools\python\tcl\tcl8.6\tzdata\Europe\Riga
   Compressing: F:\Kimi Work\视频工具箱\tools\python\tcl\tcl8.6\tzdata\Europe\Rome
   Compressing: F:\Kimi Work\视频工具箱\tools\python\tcl\tcl8.6\tzdata\Europe\Samara
   Compressing: F:\Kimi Work\视频工具箱\tools\python\tcl\tcl8.6\tzdata\Europe\San_Marino
   Compressing: F:\Kimi Work\视频工具箱\tools\python\tcl\tcl8.6\tzdata\Europe\Sarajevo
   Compressing: F:\Kimi Work\视频工具箱\tools\python\tcl\tcl8.6\tzdata\Europe\Saratov
   Compressing: F:\Kimi Work\视频工具箱\tools\python\tcl\tcl8.6\tzdata\Europe\Simferopol
   Compressing: F:\Kimi Work\视频工具箱\tools\python\tcl\tcl8.6\tzdata\Europe\Skopje
   Compressing: F:\Kimi Work\视频工具箱\tools\python\tcl\tcl8.6\tzdata\Europe\Sofia
   Compressing: F:\Kimi Work\视频工具箱\tools\python\tcl\tcl8.6\tzdata\Europe\Stockholm
   Compressing: F:\Kimi Work\视频工具箱\tools\python\tcl\tcl8.6\tzdata\Europe\Tallinn
   Compressing: F:\Kimi Work\视频工具箱\tools\python\tcl\tcl8.6\tzdata\Europe\Tirane
   Compressing: F:\Kimi Work\视频工具箱\tools\python\tcl\tcl8.6\tzdata\Europe\Tiraspol
   Compressing: F:\Kimi Work\视频工具箱\tools\python\tcl\tcl8.6\tzdata\Europe\Ulyanovsk
   Compressing: F:\Kimi Work\视频工具箱\tools\python\tcl\tcl8.6\tzdata\Europe\Uzhgorod
   Compressing: F:\Kimi Work\视频工具箱\tools\python\tcl\tcl8.6\tzdata\Europe\Vaduz
   Compressing: F:\Kimi Work\视频工具箱\tools\python\tcl\tcl8.6\tzdata\Europe\Vatican
   Compressing: F:\Kimi Work\视频工具箱\tools\python\tcl\tcl8.6\tzdata\Europe\Vienna
   Compressing: F:\Kimi Work\视频工具箱\tools\python\tcl\tcl8.6\tzdata\Europe\Vilnius
   Compressing: F:\Kimi Work\视频工具箱\tools\python\tcl\tcl8.6\tzdata\Europe\Volgograd
   Compressing: F:\Kimi Work\视频工具箱\tools\python\tcl\tcl8.6\tzdata\Europe\Warsaw
   Compressing: F:\Kimi Work\视频工具箱\tools\python\tcl\tcl8.6\tzdata\Europe\Zagreb
   Compressing: F:\Kimi Work\视频工具箱\tools\python\tcl\tcl8.6\tzdata\Europe\Zaporozhye
   Compressing: F:\Kimi Work\视频工具箱\tools\python\tcl\tcl8.6\tzdata\Europe\Zurich
   Compressing: F:\Kimi Work\视频工具箱\tools\python\tcl\tcl8.6\tzdata\Indian\Antananarivo
   Compressing: F:\Kimi Work\视频工具箱\tools\python\tcl\tcl8.6\tzdata\Indian\Chagos
   Compressing: F:\Kimi Work\视频工具箱\tools\python\tcl\tcl8.6\tzdata\Indian\Christmas
   Compressing: F:\Kimi Work\视频工具箱\tools\python\tcl\tcl8.6\tzdata\Indian\Cocos
   Compressing: F:\Kimi Work\视频工具箱\tools\python\tcl\tcl8.6\tzdata\Indian\Comoro
   Compressing: F:\Kimi Work\视频工具箱\tools\python\tcl\tcl8.6\tzdata\Indian\Kerguelen
   Compressing: F:\Kimi Work\视频工具箱\tools\python\tcl\tcl8.6\tzdata\Indian\Mahe
   Compressing: F:\Kimi Work\视频工具箱\tools\python\tcl\tcl8.6\tzdata\Indian\Maldives
   Compressing: F:\Kimi Work\视频工具箱\tools\python\tcl\tcl8.6\tzdata\Indian\Mauritius
   Compressing: F:\Kimi Work\视频工具箱\tools\python\tcl\tcl8.6\tzdata\Indian\Mayotte
   Compressing: F:\Kimi Work\视频工具箱\tools\python\tcl\tcl8.6\tzdata\Indian\Reunion
   Compressing: F:\Kimi Work\视频工具箱\tools\python\tcl\tcl8.6\tzdata\Mexico\BajaNorte
   Compressing: F:\Kimi Work\视频工具箱\tools\python\tcl\tcl8.6\tzdata\Mexico\BajaSur
   Compressing: F:\Kimi Work\视频工具箱\tools\python\tcl\tcl8.6\tzdata\Mexico\General
   Compressing: F:\Kimi Work\视频工具箱\tools\python\tcl\tcl8.6\tzdata\Pacific\Apia
   Compressing: F:\Kimi Work\视频工具箱\tools\python\tcl\tcl8.6\tzdata\Pacific\Auckland
   Compressing: F:\Kimi Work\视频工具箱\tools\python\tcl\tcl8.6\tzdata\Pacific\Bougainville
   Compressing: F:\Kimi Work\视频工具箱\tools\python\tcl\tcl8.6\tzdata\Pacific\Chatham
   Compressing: F:\Kimi Work\视频工具箱\tools\python\tcl\tcl8.6\tzdata\Pacific\Chuuk
   Compressing: F:\Kimi Work\视频工具箱\tools\python\tcl\tcl8.6\tzdata\Pacific\Easter
   Compressing: F:\Kimi Work\视频工具箱\tools\python\tcl\tcl8.6\tzdata\Pacific\Efate
   Compressing: F:\Kimi Work\视频工具箱\tools\python\tcl\tcl8.6\tzdata\Pacific\Enderbury
   Compressing: F:\Kimi Work\视频工具箱\tools\python\tcl\tcl8.6\tzdata\Pacific\Fakaofo
   Compressing: F:\Kimi Work\视频工具箱\tools\python\tcl\tcl8.6\tzdata\Pacific\Fiji
   Compressing: F:\Kimi Work\视频工具箱\tools\python\tcl\tcl8.6\tzdata\Pacific\Funafuti
   Compressing: F:\Kimi Work\视频工具箱\tools\python\tcl\tcl8.6\tzdata\Pacific\Galapagos
   Compressing: F:\Kimi Work\视频工具箱\tools\python\tcl\tcl8.6\tzdata\Pacific\Gambier
   Compressing: F:\Kimi Work\视频工具箱\tools\python\tcl\tcl8.6\tzdata\Pacific\Guadalcanal
   Compressing: F:\Kimi Work\视频工具箱\tools\python\tcl\tcl8.6\tzdata\Pacific\Guam
   Compressing: F:\Kimi Work\视频工具箱\tools\python\tcl\tcl8.6\tzdata\Pacific\Honolulu
   Compressing: F:\Kimi Work\视频工具箱\tools\python\tcl\tcl8.6\tzdata\Pacific\Johnston
   Compressing: F:\Kimi Work\视频工具箱\tools\python\tcl\tcl8.6\tzdata\Pacific\Kanton
   Compressing: F:\Kimi Work\视频工具箱\tools\python\tcl\tcl8.6\tzdata\Pacific\Kiritimati
   Compressing: F:\Kimi Work\视频工具箱\tools\python\tcl\tcl8.6\tzdata\Pacific\Kosrae
   Compressing: F:\Kimi Work\视频工具箱\tools\python\tcl\tcl8.6\tzdata\Pacific\Kwajalein
   Compressing: F:\Kimi Work\视频工具箱\tools\python\tcl\tcl8.6\tzdata\Pacific\Majuro
   Compressing: F:\Kimi Work\视频工具箱\tools\python\tcl\tcl8.6\tzdata\Pacific\Marquesas
   Compressing: F:\Kimi Work\视频工具箱\tools\python\tcl\tcl8.6\tzdata\Pacific\Midway
   Compressing: F:\Kimi Work\视频工具箱\tools\python\tcl\tcl8.6\tzdata\Pacific\Nauru
   Compressing: F:\Kimi Work\视频工具箱\tools\python\tcl\tcl8.6\tzdata\Pacific\Niue
   Compressing: F:\Kimi Work\视频工具箱\tools\python\tcl\tcl8.6\tzdata\Pacific\Norfolk
   Compressing: F:\Kimi Work\视频工具箱\tools\python\tcl\tcl8.6\tzdata\Pacific\Noumea
   Compressing: F:\Kimi Work\视频工具箱\tools\python\tcl\tcl8.6\tzdata\Pacific\Pago_Pago
   Compressing: F:\Kimi Work\视频工具箱\tools\python\tcl\tcl8.6\tzdata\Pacific\Palau
   Compressing: F:\Kimi Work\视频工具箱\tools\python\tcl\tcl8.6\tzdata\Pacific\Pitcairn
   Compressing: F:\Kimi Work\视频工具箱\tools\python\tcl\tcl8.6\tzdata\Pacific\Pohnpei
   Compressing: F:\Kimi Work\视频工具箱\tools\python\tcl\tcl8.6\tzdata\Pacific\Ponape
   Compressing: F:\Kimi Work\视频工具箱\tools\python\tcl\tcl8.6\tzdata\Pacific\Port_Moresby
   Compressing: F:\Kimi Work\视频工具箱\tools\python\tcl\tcl8.6\tzdata\Pacific\Rarotonga
   Compressing: F:\Kimi Work\视频工具箱\tools\python\tcl\tcl8.6\tzdata\Pacific\Saipan
   Compressing: F:\Kimi Work\视频工具箱\tools\python\tcl\tcl8.6\tzdata\Pacific\Samoa
   Compressing: F:\Kimi Work\视频工具箱\tools\python\tcl\tcl8.6\tzdata\Pacific\Tahiti
   Compressing: F:\Kimi Work\视频工具箱\tools\python\tcl\tcl8.6\tzdata\Pacific\Tarawa
   Compressing: F:\Kimi Work\视频工具箱\tools\python\tcl\tcl8.6\tzdata\Pacific\Tongatapu
   Compressing: F:\Kimi Work\视频工具箱\tools\python\tcl\tcl8.6\tzdata\Pacific\Truk
   Compressing: F:\Kimi Work\视频工具箱\tools\python\tcl\tcl8.6\tzdata\Pacific\Wake
   Compressing: F:\Kimi Work\视频工具箱\tools\python\tcl\tcl8.6\tzdata\Pacific\Wallis
   Compressing: F:\Kimi Work\视频工具箱\tools\python\tcl\tcl8.6\tzdata\Pacific\Yap
   Compressing: F:\Kimi Work\视频工具箱\tools\python\tcl\tcl8.6\tzdata\SystemV\AST4
   Compressing: F:\Kimi Work\视频工具箱\tools\python\tcl\tcl8.6\tzdata\SystemV\AST4ADT
   Compressing: F:\Kimi Work\视频工具箱\tools\python\tcl\tcl8.6\tzdata\SystemV\CST6
   Compressing: F:\Kimi Work\视频工具箱\tools\python\tcl\tcl8.6\tzdata\SystemV\CST6CDT
   Compressing: F:\Kimi Work\视频工具箱\tools\python\tcl\tcl8.6\tzdata\SystemV\EST5
   Compressing: F:\Kimi Work\视频工具箱\tools\python\tcl\tcl8.6\tzdata\SystemV\EST5EDT
   Compressing: F:\Kimi Work\视频工具箱\tools\python\tcl\tcl8.6\tzdata\SystemV\HST10
   Compressing: F:\Kimi Work\视频工具箱\tools\python\tcl\tcl8.6\tzdata\SystemV\MST7
   Compressing: F:\Kimi Work\视频工具箱\tools\python\tcl\tcl8.6\tzdata\SystemV\MST7MDT
   Compressing: F:\Kimi Work\视频工具箱\tools\python\tcl\tcl8.6\tzdata\SystemV\PST8
   Compressing: F:\Kimi Work\视频工具箱\tools\python\tcl\tcl8.6\tzdata\SystemV\PST8PDT
   Compressing: F:\Kimi Work\视频工具箱\tools\python\tcl\tcl8.6\tzdata\SystemV\YST9
   Compressing: F:\Kimi Work\视频工具箱\tools\python\tcl\tcl8.6\tzdata\SystemV\YST9YDT
   Compressing: F:\Kimi Work\视频工具箱\tools\python\tcl\tcl8.6\tzdata\US\Alaska
   Compressing: F:\Kimi Work\视频工具箱\tools\python\tcl\tcl8.6\tzdata\US\Aleutian
   Compressing: F:\Kimi Work\视频工具箱\tools\python\tcl\tcl8.6\tzdata\US\Arizona
   Compressing: F:\Kimi Work\视频工具箱\tools\python\tcl\tcl8.6\tzdata\US\Central
   Compressing: F:\Kimi Work\视频工具箱\tools\python\tcl\tcl8.6\tzdata\US\East-Indiana
   Compressing: F:\Kimi Work\视频工具箱\tools\python\tcl\tcl8.6\tzdata\US\Eastern
   Compressing: F:\Kimi Work\视频工具箱\tools\python\tcl\tcl8.6\tzdata\US\Hawaii
   Compressing: F:\Kimi Work\视频工具箱\tools\python\tcl\tcl8.6\tzdata\US\Indiana-Starke
   Compressing: F:\Kimi Work\视频工具箱\tools\python\tcl\tcl8.6\tzdata\US\Michigan
   Compressing: F:\Kimi Work\视频工具箱\tools\python\tcl\tcl8.6\tzdata\US\Mountain
   Compressing: F:\Kimi Work\视频工具箱\tools\python\tcl\tcl8.6\tzdata\US\Pacific
   Compressing: F:\Kimi Work\视频工具箱\tools\python\tcl\tcl8.6\tzdata\US\Samoa
   Compressing: F:\Kimi Work\视频工具箱\tools\python\tcl\tix8.4.3\Balloon.tcl
   Compressing: F:\Kimi Work\视频工具箱\tools\python\tcl\tix8.4.3\BtnBox.tcl
   Compressing: F:\Kimi Work\视频工具箱\tools\python\tcl\tix8.4.3\ChkList.tcl
   Compressing: F:\Kimi Work\视频工具箱\tools\python\tcl\tix8.4.3\CObjView.tcl
   Compressing: F:\Kimi Work\视频工具箱\tools\python\tcl\tix8.4.3\ComboBox.tcl
   Compressing: F:\Kimi Work\视频工具箱\tools\python\tcl\tix8.4.3\Compat.tcl
   Compressing: F:\Kimi Work\视频工具箱\tools\python\tcl\tix8.4.3\Console.tcl
   Compressing: F:\Kimi Work\视频工具箱\tools\python\tcl\tix8.4.3\Control.tcl
   Compressing: F:\Kimi Work\视频工具箱\tools\python\tcl\tix8.4.3\DefSchm.tcl
   Compressing: F:\Kimi Work\视频工具箱\tools\python\tcl\tix8.4.3\DialogS.tcl
   Compressing: F:\Kimi Work\视频工具箱\tools\python\tcl\tix8.4.3\DirBox.tcl
   Compressing: F:\Kimi Work\视频工具箱\tools\python\tcl\tix8.4.3\DirDlg.tcl
   Compressing: F:\Kimi Work\视频工具箱\tools\python\tcl\tix8.4.3\DirList.tcl
   Compressing: F:\Kimi Work\视频工具箱\tools\python\tcl\tix8.4.3\DirTree.tcl
   Compressing: F:\Kimi Work\视频工具箱\tools\python\tcl\tix8.4.3\DragDrop.tcl
   Compressing: F:\Kimi Work\视频工具箱\tools\python\tcl\tix8.4.3\DtlList.tcl
   Compressing: F:\Kimi Work\视频工具箱\tools\python\tcl\tix8.4.3\EFileBox.tcl
   Compressing: F:\Kimi Work\视频工具箱\tools\python\tcl\tix8.4.3\EFileDlg.tcl
   Compressing: F:\Kimi Work\视频工具箱\tools\python\tcl\tix8.4.3\Event.tcl
   Compressing: F:\Kimi Work\视频工具箱\tools\python\tcl\tix8.4.3\FileBox.tcl
   Compressing: F:\Kimi Work\视频工具箱\tools\python\tcl\tix8.4.3\FileCbx.tcl
   Compressing: F:\Kimi Work\视频工具箱\tools\python\tcl\tix8.4.3\FileDlg.tcl
   Compressing: F:\Kimi Work\视频工具箱\tools\python\tcl\tix8.4.3\FileEnt.tcl
   Compressing: F:\Kimi Work\视频工具箱\tools\python\tcl\tix8.4.3\FloatEnt.tcl
   Compressing: F:\Kimi Work\视频工具箱\tools\python\tcl\tix8.4.3\fs.tcl
   Compressing: F:\Kimi Work\视频工具箱\tools\python\tcl\tix8.4.3\Grid.tcl
   Compressing: F:\Kimi Work\视频工具箱\tools\python\tcl\tix8.4.3\HList.tcl
   Compressing: F:\Kimi Work\视频工具箱\tools\python\tcl\tix8.4.3\HListDD.tcl
   Compressing: F:\Kimi Work\视频工具箱\tools\python\tcl\tix8.4.3\IconView.tcl
   Compressing: F:\Kimi Work\视频工具箱\tools\python\tcl\tix8.4.3\Init.tcl
   Compressing: F:\Kimi Work\视频工具箱\tools\python\tcl\tix8.4.3\LabEntry.tcl
   Compressing: F:\Kimi Work\视频工具箱\tools\python\tcl\tix8.4.3\LabFrame.tcl
   Compressing: F:\Kimi Work\视频工具箱\tools\python\tcl\tix8.4.3\LabWidg.tcl
   Compressing: F:\Kimi Work\视频工具箱\tools\python\tcl\tix8.4.3\ListNBk.tcl
   Compressing: F:\Kimi Work\视频工具箱\tools\python\tcl\tix8.4.3\Makefile
   Compressing: F:\Kimi Work\视频工具箱\tools\python\tcl\tix8.4.3\Meter.tcl
   Compressing: F:\Kimi Work\视频工具箱\tools\python\tcl\tix8.4.3\MultView.tcl
   Compressing: F:\Kimi Work\视频工具箱\tools\python\tcl\tix8.4.3\NoteBook.tcl
   Compressing: F:\Kimi Work\视频工具箱\tools\python\tcl\tix8.4.3\OldUtil.tcl
   Compressing: F:\Kimi Work\视频工具箱\tools\python\tcl\tix8.4.3\OptMenu.tcl
   Compressing: F:\Kimi Work\视频工具箱\tools\python\tcl\tix8.4.3\PanedWin.tcl
   Compressing: F:\Kimi Work\视频工具箱\tools\python\tcl\tix8.4.3\pkgIndex.tcl
   Compressing: F:\Kimi Work\视频工具箱\tools\python\tcl\tix8.4.3\PopMenu.tcl
   Compressing: F:\Kimi Work\视频工具箱\tools\python\tcl\tix8.4.3\Primitiv.tcl
   Compressing: F:\Kimi Work\视频工具箱\tools\python\tcl\tix8.4.3\ResizeH.tcl
   Compressing: F:\Kimi Work\视频工具箱\tools\python\tcl\tix8.4.3\Select.tcl
   Compressing: F:\Kimi Work\视频工具箱\tools\python\tcl\tix8.4.3\SGrid.tcl
   Compressing: F:\Kimi Work\视频工具箱\tools\python\tcl\tix8.4.3\Shell.tcl
   Compressing: F:\Kimi Work\视频工具箱\tools\python\tcl\tix8.4.3\SHList.tcl
   Compressing: F:\Kimi Work\视频工具箱\tools\python\tcl\tix8.4.3\SimpDlg.tcl
   Compressing: F:\Kimi Work\视频工具箱\tools\python\tcl\tix8.4.3\SListBox.tcl
   Compressing: F:\Kimi Work\视频工具箱\tools\python\tcl\tix8.4.3\StackWin.tcl
   Compressing: F:\Kimi Work\视频工具箱\tools\python\tcl\tix8.4.3\StatBar.tcl
   Compressing: F:\Kimi Work\视频工具箱\tools\python\tcl\tix8.4.3\StdBBox.tcl
   Compressing: F:\Kimi Work\视频工具箱\tools\python\tcl\tix8.4.3\StdShell.tcl
   Compressing: F:\Kimi Work\视频工具箱\tools\python\tcl\tix8.4.3\SText.tcl
   Compressing: F:\Kimi Work\视频工具箱\tools\python\tcl\tix8.4.3\STList.tcl
   Compressing: F:\Kimi Work\视频工具箱\tools\python\tcl\tix8.4.3\SWidget.tcl
   Compressing: F:\Kimi Work\视频工具箱\tools\python\tcl\tix8.4.3\SWindow.tcl
   Compressing: F:\Kimi Work\视频工具箱\tools\python\tcl\tix8.4.3\Tix.tcl
   Compressing: F:\Kimi Work\视频工具箱\tools\python\tcl\tix8.4.3\tix84.dll
   Compressing: F:\Kimi Work\视频工具箱\tools\python\tcl\tix8.4.3\tix84.lib
   Compressing: F:\Kimi Work\视频工具箱\tools\python\tcl\tix8.4.3\TList.tcl
   Compressing: F:\Kimi Work\视频工具箱\tools\python\tcl\tix8.4.3\Tree.tcl
   Compressing: F:\Kimi Work\视频工具箱\tools\python\tcl\tix8.4.3\Utils.tcl
   Compressing: F:\Kimi Work\视频工具箱\tools\python\tcl\tix8.4.3\Variable.tcl
   Compressing: F:\Kimi Work\视频工具箱\tools\python\tcl\tix8.4.3\VResize.tcl
   Compressing: F:\Kimi Work\视频工具箱\tools\python\tcl\tix8.4.3\VStack.tcl
   Compressing: F:\Kimi Work\视频工具箱\tools\python\tcl\tix8.4.3\VTree.tcl
   Compressing: F:\Kimi Work\视频工具箱\tools\python\tcl\tix8.4.3\WInfo.tcl
   Compressing: F:\Kimi Work\视频工具箱\tools\python\tcl\tix8.4.3\bitmaps\act_fold.gif
   Compressing: F:\Kimi Work\视频工具箱\tools\python\tcl\tix8.4.3\bitmaps\act_fold.xbm
   Compressing: F:\Kimi Work\视频工具箱\tools\python\tcl\tix8.4.3\bitmaps\act_fold.xpm
   Compressing: F:\Kimi Work\视频工具箱\tools\python\tcl\tix8.4.3\bitmaps\balarrow.xbm
   Compressing: F:\Kimi Work\视频工具箱\tools\python\tcl\tix8.4.3\bitmaps\cbxarrow.xbm
   Compressing: F:\Kimi Work\视频工具箱\tools\python\tcl\tix8.4.3\bitmaps\ck_def.xbm
   Compressing: F:\Kimi Work\视频工具箱\tools\python\tcl\tix8.4.3\bitmaps\ck_off.xbm
   Compressing: F:\Kimi Work\视频工具箱\tools\python\tcl\tix8.4.3\bitmaps\ck_on.xbm
   Compressing: F:\Kimi Work\视频工具箱\tools\python\tcl\tix8.4.3\bitmaps\cross.xbm
   Compressing: F:\Kimi Work\视频工具箱\tools\python\tcl\tix8.4.3\bitmaps\decr.xbm
   Compressing: F:\Kimi Work\视频工具箱\tools\python\tcl\tix8.4.3\bitmaps\drop.xbm
   Compressing: F:\Kimi Work\视频工具箱\tools\python\tcl\tix8.4.3\bitmaps\file.gif
   Compressing: F:\Kimi Work\视频工具箱\tools\python\tcl\tix8.4.3\bitmaps\file.xbm
   Compressing: F:\Kimi Work\视频工具箱\tools\python\tcl\tix8.4.3\bitmaps\file.xpm
   Compressing: F:\Kimi Work\视频工具箱\tools\python\tcl\tix8.4.3\bitmaps\folder.gif
   Compressing: F:\Kimi Work\视频工具箱\tools\python\tcl\tix8.4.3\bitmaps\folder.xbm
   Compressing: F:\Kimi Work\视频工具箱\tools\python\tcl\tix8.4.3\bitmaps\folder.xpm
   Compressing: F:\Kimi Work\视频工具箱\tools\python\tcl\tix8.4.3\bitmaps\harddisk.xbm
   Compressing: F:\Kimi Work\视频工具箱\tools\python\tcl\tix8.4.3\bitmaps\hourglas.mask
   Compressing: F:\Kimi Work\视频工具箱\tools\python\tcl\tix8.4.3\bitmaps\hourglas.xbm
   Compressing: F:\Kimi Work\视频工具箱\tools\python\tcl\tix8.4.3\bitmaps\incr.xbm
   Compressing: F:\Kimi Work\视频工具箱\tools\python\tcl\tix8.4.3\bitmaps\info.gif
   Compressing: F:\Kimi Work\视频工具箱\tools\python\tcl\tix8.4.3\bitmaps\info.xpm
   Compressing: F:\Kimi Work\视频工具箱\tools\python\tcl\tix8.4.3\bitmaps\maximize.xbm
   Compressing: F:\Kimi Work\视频工具箱\tools\python\tcl\tix8.4.3\bitmaps\minimize.xbm
   Compressing: F:\Kimi Work\视频工具箱\tools\python\tcl\tix8.4.3\bitmaps\minus.gif
   Compressing: F:\Kimi Work\视频工具箱\tools\python\tcl\tix8.4.3\bitmaps\minus.xbm
   Compressing: F:\Kimi Work\视频工具箱\tools\python\tcl\tix8.4.3\bitmaps\minus.xpm
   Compressing: F:\Kimi Work\视频工具箱\tools\python\tcl\tix8.4.3\bitmaps\minusarm.gif
   Compressing: F:\Kimi Work\视频工具箱\tools\python\tcl\tix8.4.3\bitmaps\minusarm.xbm
   Compressing: F:\Kimi Work\视频工具箱\tools\python\tcl\tix8.4.3\bitmaps\minusarm.xpm
   Compressing: F:\Kimi Work\视频工具箱\tools\python\tcl\tix8.4.3\bitmaps\mktransgif.tcl
   Compressing: F:\Kimi Work\视频工具箱\tools\python\tcl\tix8.4.3\bitmaps\network.xbm
   Compressing: F:\Kimi Work\视频工具箱\tools\python\tcl\tix8.4.3\bitmaps\no_entry.gif
   Compressing: F:\Kimi Work\视频工具箱\tools\python\tcl\tix8.4.3\bitmaps\no_entry.xpm
   Compressing: F:\Kimi Work\视频工具箱\tools\python\tcl\tix8.4.3\bitmaps\openfile.xbm
   Compressing: F:\Kimi Work\视频工具箱\tools\python\tcl\tix8.4.3\bitmaps\openfold.gif
   Compressing: F:\Kimi Work\视频工具箱\tools\python\tcl\tix8.4.3\bitmaps\openfold.xbm
   Compressing: F:\Kimi Work\视频工具箱\tools\python\tcl\tix8.4.3\bitmaps\openfold.xpm
   Compressing: F:\Kimi Work\视频工具箱\tools\python\tcl\tix8.4.3\bitmaps\plus.gif
   Compressing: F:\Kimi Work\视频工具箱\tools\python\tcl\tix8.4.3\bitmaps\plus.xbm
   Compressing: F:\Kimi Work\视频工具箱\tools\python\tcl\tix8.4.3\bitmaps\plus.xpm
   Compressing: F:\Kimi Work\视频工具箱\tools\python\tcl\tix8.4.3\bitmaps\plusarm.gif
   Compressing: F:\Kimi Work\视频工具箱\tools\python\tcl\tix8.4.3\bitmaps\plusarm.xbm
   Compressing: F:\Kimi Work\视频工具箱\tools\python\tcl\tix8.4.3\bitmaps\plusarm.xpm
   Compressing: F:\Kimi Work\视频工具箱\tools\python\tcl\tix8.4.3\bitmaps\resize1.xbm
   Compressing: F:\Kimi Work\视频工具箱\tools\python\tcl\tix8.4.3\bitmaps\resize2.xbm
   Compressing: F:\Kimi Work\视频工具箱\tools\python\tcl\tix8.4.3\bitmaps\restore.xbm
   Compressing: F:\Kimi Work\视频工具箱\tools\python\tcl\tix8.4.3\bitmaps\srcfile.gif
   Compressing: F:\Kimi Work\视频工具箱\tools\python\tcl\tix8.4.3\bitmaps\srcfile.xbm
   Compressing: F:\Kimi Work\视频工具箱\tools\python\tcl\tix8.4.3\bitmaps\srcfile.xpm
   Compressing: F:\Kimi Work\视频工具箱\tools\python\tcl\tix8.4.3\bitmaps\system.xbm
   Compressing: F:\Kimi Work\视频工具箱\tools\python\tcl\tix8.4.3\bitmaps\textfile.gif
   Compressing: F:\Kimi Work\视频工具箱\tools\python\tcl\tix8.4.3\bitmaps\textfile.xbm
   Compressing: F:\Kimi Work\视频工具箱\tools\python\tcl\tix8.4.3\bitmaps\textfile.xpm
   Compressing: F:\Kimi Work\视频工具箱\tools\python\tcl\tix8.4.3\bitmaps\tick.xbm
   Compressing: F:\Kimi Work\视频工具箱\tools\python\tcl\tix8.4.3\bitmaps\warning.gif
   Compressing: F:\Kimi Work\视频工具箱\tools\python\tcl\tix8.4.3\bitmaps\warning.xpm
   Compressing: F:\Kimi Work\视频工具箱\tools\python\tcl\tix8.4.3\demos\MkChoose.tcl
   Compressing: F:\Kimi Work\视频工具箱\tools\python\tcl\tix8.4.3\demos\MkDirLis.tcl
   Compressing: F:\Kimi Work\视频工具箱\tools\python\tcl\tix8.4.3\demos\MkSample.tcl
   Compressing: F:\Kimi Work\视频工具箱\tools\python\tcl\tix8.4.3\demos\MkScroll.tcl
   Compressing: F:\Kimi Work\视频工具箱\tools\python\tcl\tix8.4.3\demos\tclIndex
   Compressing: F:\Kimi Work\视频工具箱\tools\python\tcl\tix8.4.3\demos\tixwidgets.tcl
   Compressing: F:\Kimi Work\视频工具箱\tools\python\tcl\tix8.4.3\demos\widget
   Compressing: F:\Kimi Work\视频工具箱\tools\python\tcl\tix8.4.3\demos\bitmaps\about.xpm
   Compressing: F:\Kimi Work\视频工具箱\tools\python\tcl\tix8.4.3\demos\bitmaps\bold.xbm
   Compressing: F:\Kimi Work\视频工具箱\tools\python\tcl\tix8.4.3\demos\bitmaps\capital.xbm
   Compressing: F:\Kimi Work\视频工具箱\tools\python\tcl\tix8.4.3\demos\bitmaps\centerj.xbm
   Compressing: F:\Kimi Work\视频工具箱\tools\python\tcl\tix8.4.3\demos\bitmaps\code.xpm
   Compressing: F:\Kimi Work\视频工具箱\tools\python\tcl\tix8.4.3\demos\bitmaps\combobox.xbm
   Compressing: F:\Kimi Work\视频工具箱\tools\python\tcl\tix8.4.3\demos\bitmaps\combobox.xpm
   Compressing: F:\Kimi Work\视频工具箱\tools\python\tcl\tix8.4.3\demos\bitmaps\drivea.xbm
   Compressing: F:\Kimi Work\视频工具箱\tools\python\tcl\tix8.4.3\demos\bitmaps\drivea.xpm
   Compressing: F:\Kimi Work\视频工具箱\tools\python\tcl\tix8.4.3\demos\bitmaps\exit.xpm
   Compressing: F:\Kimi Work\视频工具箱\tools\python\tcl\tix8.4.3\demos\bitmaps\filebox.xbm
   Compressing: F:\Kimi Work\视频工具箱\tools\python\tcl\tix8.4.3\demos\bitmaps\filebox.xpm
   Compressing: F:\Kimi Work\视频工具箱\tools\python\tcl\tix8.4.3\demos\bitmaps\harddisk.xbm
   Compressing: F:\Kimi Work\视频工具箱\tools\python\tcl\tix8.4.3\demos\bitmaps\harddisk.xpm
   Compressing: F:\Kimi Work\视频工具箱\tools\python\tcl\tix8.4.3\demos\bitmaps\italic.xbm
   Compressing: F:\Kimi Work\视频工具箱\tools\python\tcl\tix8.4.3\demos\bitmaps\justify.xbm
   Compressing: F:\Kimi Work\视频工具箱\tools\python\tcl\tix8.4.3\demos\bitmaps\leftj.xbm
   Compressing: F:\Kimi Work\视频工具箱\tools\python\tcl\tix8.4.3\demos\bitmaps\netw.xbm
   Compressing: F:\Kimi Work\视频工具箱\tools\python\tcl\tix8.4.3\demos\bitmaps\netw.xpm
   Compressing: F:\Kimi Work\视频工具箱\tools\python\tcl\tix8.4.3\demos\bitmaps\network.xbm
   Compressing: F:\Kimi Work\视频工具箱\tools\python\tcl\tix8.4.3\demos\bitmaps\network.xpm
   Compressing: F:\Kimi Work\视频工具箱\tools\python\tcl\tix8.4.3\demos\bitmaps\optmenu.xpm
   Compressing: F:\Kimi Work\视频工具箱\tools\python\tcl\tix8.4.3\demos\bitmaps\rightj.xbm
   Compressing: F:\Kimi Work\视频工具箱\tools\python\tcl\tix8.4.3\demos\bitmaps\select.xpm
   Compressing: F:\Kimi Work\视频工具箱\tools\python\tcl\tix8.4.3\demos\bitmaps\tix.gif
   Compressing: F:\Kimi Work\视频工具箱\tools\python\tcl\tix8.4.3\demos\bitmaps\underlin.xbm
   Compressing: F:\Kimi Work\视频工具箱\tools\python\tcl\tix8.4.3\demos\samples\AllSampl.tcl
   Compressing: F:\Kimi Work\视频工具箱\tools\python\tcl\tix8.4.3\demos\samples\ArrowBtn.tcl
   Compressing: F:\Kimi Work\视频工具箱\tools\python\tcl\tix8.4.3\demos\samples\Balloon.tcl
   Compressing: F:\Kimi Work\视频工具箱\tools\python\tcl\tix8.4.3\demos\samples\BtnBox.tcl
   Compressing: F:\Kimi Work\视频工具箱\tools\python\tcl\tix8.4.3\demos\samples\ChkList.tcl
   Compressing: F:\Kimi Work\视频工具箱\tools\python\tcl\tix8.4.3\demos\samples\CmpImg.tcl
   Compressing: F:\Kimi Work\视频工具箱\tools\python\tcl\tix8.4.3\demos\samples\CmpImg1.tcl
   Compressing: F:\Kimi Work\视频工具箱\tools\python\tcl\tix8.4.3\demos\samples\CmpImg2.tcl
   Compressing: F:\Kimi Work\视频工具箱\tools\python\tcl\tix8.4.3\demos\samples\CmpImg3.tcl
   Compressing: F:\Kimi Work\视频工具箱\tools\python\tcl\tix8.4.3\demos\samples\CmpImg4.tcl
   Compressing: F:\Kimi Work\视频工具箱\tools\python\tcl\tix8.4.3\demos\samples\CObjView.tcl
   Compressing: F:\Kimi Work\视频工具箱\tools\python\tcl\tix8.4.3\demos\samples\ComboBox.tcl
   Compressing: F:\Kimi Work\视频工具箱\tools\python\tcl\tix8.4.3\demos\samples\Control.tcl
   Compressing: F:\Kimi Work\视频工具箱\tools\python\tcl\tix8.4.3\demos\samples\DirDlg.tcl
   Compressing: F:\Kimi Work\视频工具箱\tools\python\tcl\tix8.4.3\demos\samples\DirList.tcl
   Compressing: F:\Kimi Work\视频工具箱\tools\python\tcl\tix8.4.3\demos\samples\DirTree.tcl
   Compressing: F:\Kimi Work\视频工具箱\tools\python\tcl\tix8.4.3\demos\samples\DragDrop.tcl
   Compressing: F:\Kimi Work\视频工具箱\tools\python\tcl\tix8.4.3\demos\samples\DynTree.tcl
   Compressing: F:\Kimi Work\视频工具箱\tools\python\tcl\tix8.4.3\demos\samples\EditGrid.tcl
   Compressing: F:\Kimi Work\视频工具箱\tools\python\tcl\tix8.4.3\demos\samples\EFileDlg.tcl
   Compressing: F:\Kimi Work\视频工具箱\tools\python\tcl\tix8.4.3\demos\samples\FileDlg.tcl
   Compressing: F:\Kimi Work\视频工具箱\tools\python\tcl\tix8.4.3\demos\samples\FileEnt.tcl
   Compressing: F:\Kimi Work\视频工具箱\tools\python\tcl\tix8.4.3\demos\samples\HList1.tcl
   Compressing: F:\Kimi Work\视频工具箱\tools\python\tcl\tix8.4.3\demos\samples\LabEntry.tcl
   Compressing: F:\Kimi Work\视频工具箱\tools\python\tcl\tix8.4.3\demos\samples\LabFrame.tcl
   Compressing: F:\Kimi Work\视频工具箱\tools\python\tcl\tix8.4.3\demos\samples\ListNBK.tcl
   Compressing: F:\Kimi Work\视频工具箱\tools\python\tcl\tix8.4.3\demos\samples\Meter.tcl
   Compressing: F:\Kimi Work\视频工具箱\tools\python\tcl\tix8.4.3\demos\samples\NoteBook.tcl
   Compressing: F:\Kimi Work\视频工具箱\tools\python\tcl\tix8.4.3\demos\samples\OptMenu.tcl
   Compressing: F:\Kimi Work\视频工具箱\tools\python\tcl\tix8.4.3\demos\samples\PanedWin.tcl
   Compressing: F:\Kimi Work\视频工具箱\tools\python\tcl\tix8.4.3\demos\samples\PopMenu.tcl
   Compressing: F:\Kimi Work\视频工具箱\tools\python\tcl\tix8.4.3\demos\samples\Sample.tcl
   Compressing: F:\Kimi Work\视频工具箱\tools\python\tcl\tix8.4.3\demos\samples\Select.tcl
   Compressing: F:\Kimi Work\视频工具箱\tools\python\tcl\tix8.4.3\demos\samples\SGrid0.tcl
   Compressing: F:\Kimi Work\视频工具箱\tools\python\tcl\tix8.4.3\demos\samples\SGrid1.tcl
   Compressing: F:\Kimi Work\视频工具箱\tools\python\tcl\tix8.4.3\demos\samples\SHList.tcl
   Compressing: F:\Kimi Work\视频工具箱\tools\python\tcl\tix8.4.3\demos\samples\SHList2.tcl
   Compressing: F:\Kimi Work\视频工具箱\tools\python\tcl\tix8.4.3\demos\samples\SListBox.tcl
   Compressing: F:\Kimi Work\视频工具箱\tools\python\tcl\tix8.4.3\demos\samples\StdBBox.tcl
   Compressing: F:\Kimi Work\视频工具箱\tools\python\tcl\tix8.4.3\demos\samples\SText.tcl
   Compressing: F:\Kimi Work\视频工具箱\tools\python\tcl\tix8.4.3\demos\samples\STList1.tcl
   Compressing: F:\Kimi Work\视频工具箱\tools\python\tcl\tix8.4.3\demos\samples\STList2.tcl
   Compressing: F:\Kimi Work\视频工具箱\tools\python\tcl\tix8.4.3\demos\samples\STList3.tcl
   Compressing: F:\Kimi Work\视频工具箱\tools\python\tcl\tix8.4.3\demos\samples\SWindow.tcl
   Compressing: F:\Kimi Work\视频工具箱\tools\python\tcl\tix8.4.3\demos\samples\Tree.tcl
   Compressing: F:\Kimi Work\视频工具箱\tools\python\tcl\tix8.4.3\demos\samples\Xpm.tcl
   Compressing: F:\Kimi Work\视频工具箱\tools\python\tcl\tix8.4.3\demos\samples\Xpm1.tcl
   Compressing: F:\Kimi Work\视频工具箱\tools\python\tcl\tix8.4.3\pref\10Point.fs
   Compressing: F:\Kimi Work\视频工具箱\tools\python\tcl\tix8.4.3\pref\10Point.fsc
   Compressing: F:\Kimi Work\视频工具箱\tools\python\tcl\tix8.4.3\pref\12Point.fs
   Compressing: F:\Kimi Work\视频工具箱\tools\python\tcl\tix8.4.3\pref\12Point.fsc
   Compressing: F:\Kimi Work\视频工具箱\tools\python\tcl\tix8.4.3\pref\14Point.fs
   Compressing: F:\Kimi Work\视频工具箱\tools\python\tcl\tix8.4.3\pref\14Point.fsc
   Compressing: F:\Kimi Work\视频工具箱\tools\python\tcl\tix8.4.3\pref\Bisque.cs
   Compressing: F:\Kimi Work\视频工具箱\tools\python\tcl\tix8.4.3\pref\Bisque.csc
   Compressing: F:\Kimi Work\视频工具箱\tools\python\tcl\tix8.4.3\pref\Blue.cs
   Compressing: F:\Kimi Work\视频工具箱\tools\python\tcl\tix8.4.3\pref\Blue.csc
   Compressing: F:\Kimi Work\视频工具箱\tools\python\tcl\tix8.4.3\pref\Gray.cs
   Compressing: F:\Kimi Work\视频工具箱\tools\python\tcl\tix8.4.3\pref\Gray.csc
   Compressing: F:\Kimi Work\视频工具箱\tools\python\tcl\tix8.4.3\pref\Makefile
   Compressing: F:\Kimi Work\视频工具箱\tools\python\tcl\tix8.4.3\pref\Old12Pt.fs
   Compressing: F:\Kimi Work\视频工具箱\tools\python\tcl\tix8.4.3\pref\Old14Pt.fs
   Compressing: F:\Kimi Work\视频工具箱\tools\python\tcl\tix8.4.3\pref\pkgIndex.tcl
   Compressing: F:\Kimi Work\视频工具箱\tools\python\tcl\tix8.4.3\pref\SGIGray.cs
   Compressing: F:\Kimi Work\视频工具箱\tools\python\tcl\tix8.4.3\pref\SGIGray.csc
   Compressing: F:\Kimi Work\视频工具箱\tools\python\tcl\tix8.4.3\pref\TixGray.cs
   Compressing: F:\Kimi Work\视频工具箱\tools\python\tcl\tix8.4.3\pref\TixGray.csc
   Compressing: F:\Kimi Work\视频工具箱\tools\python\tcl\tix8.4.3\pref\tixmkpref
   Compressing: F:\Kimi Work\视频工具箱\tools\python\tcl\tix8.4.3\pref\TK.cs
   Compressing: F:\Kimi Work\视频工具箱\tools\python\tcl\tix8.4.3\pref\TK.csc
   Compressing: F:\Kimi Work\视频工具箱\tools\python\tcl\tix8.4.3\pref\TK.fs
   Compressing: F:\Kimi Work\视频工具箱\tools\python\tcl\tix8.4.3\pref\TK.fsc
   Compressing: F:\Kimi Work\视频工具箱\tools\python\tcl\tix8.4.3\pref\TkWin.cs
   Compressing: F:\Kimi Work\视频工具箱\tools\python\tcl\tix8.4.3\pref\TkWin.csc
   Compressing: F:\Kimi Work\视频工具箱\tools\python\tcl\tix8.4.3\pref\TkWin.fs
   Compressing: F:\Kimi Work\视频工具箱\tools\python\tcl\tix8.4.3\pref\TkWin.fsc
   Compressing: F:\Kimi Work\视频工具箱\tools\python\tcl\tix8.4.3\pref\WmDefault.cs
   Compressing: F:\Kimi Work\视频工具箱\tools\python\tcl\tix8.4.3\pref\WmDefault.csc
   Compressing: F:\Kimi Work\视频工具箱\tools\python\tcl\tix8.4.3\pref\WmDefault.fs
   Compressing: F:\Kimi Work\视频工具箱\tools\python\tcl\tix8.4.3\pref\WmDefault.fsc
   Compressing: F:\Kimi Work\视频工具箱\tools\python\tcl\tix8.4.3\pref\WmDefault.py
   Compressing: F:\Kimi Work\视频工具箱\tools\python\tcl\tix8.4.3\pref\WmDefault.tcl
   Compressing: F:\Kimi Work\视频工具箱\tools\python\tcl\tix8.4.3\pref\WmDefault.txt
   Compressing: F:\Kimi Work\视频工具箱\tools\python\tcl\tk8.6\bgerror.tcl
   Compressing: F:\Kimi Work\视频工具箱\tools\python\tcl\tk8.6\button.tcl
   Compressing: F:\Kimi Work\视频工具箱\tools\python\tcl\tk8.6\choosedir.tcl
   Compressing: F:\Kimi Work\视频工具箱\tools\python\tcl\tk8.6\clrpick.tcl
   Compressing: F:\Kimi Work\视频工具箱\tools\python\tcl\tk8.6\comdlg.tcl
   Compressing: F:\Kimi Work\视频工具箱\tools\python\tcl\tk8.6\console.tcl
   Compressing: F:\Kimi Work\视频工具箱\tools\python\tcl\tk8.6\dialog.tcl
   Compressing: F:\Kimi Work\视频工具箱\tools\python\tcl\tk8.6\entry.tcl
   Compressing: F:\Kimi Work\视频工具箱\tools\python\tcl\tk8.6\focus.tcl
   Compressing: F:\Kimi Work\视频工具箱\tools\python\tcl\tk8.6\fontchooser.tcl
   Compressing: F:\Kimi Work\视频工具箱\tools\python\tcl\tk8.6\iconlist.tcl
   Compressing: F:\Kimi Work\视频工具箱\tools\python\tcl\tk8.6\icons.tcl
   Compressing: F:\Kimi Work\视频工具箱\tools\python\tcl\tk8.6\license.terms
   Compressing: F:\Kimi Work\视频工具箱\tools\python\tcl\tk8.6\listbox.tcl
   Compressing: F:\Kimi Work\视频工具箱\tools\python\tcl\tk8.6\megawidget.tcl
   Compressing: F:\Kimi Work\视频工具箱\tools\python\tcl\tk8.6\menu.tcl
   Compressing: F:\Kimi Work\视频工具箱\tools\python\tcl\tk8.6\mkpsenc.tcl
   Compressing: F:\Kimi Work\视频工具箱\tools\python\tcl\tk8.6\msgbox.tcl
   Compressing: F:\Kimi Work\视频工具箱\tools\python\tcl\tk8.6\obsolete.tcl
   Compressing: F:\Kimi Work\视频工具箱\tools\python\tcl\tk8.6\optMenu.tcl
   Compressing: F:\Kimi Work\视频工具箱\tools\python\tcl\tk8.6\palette.tcl
   Compressing: F:\Kimi Work\视频工具箱\tools\python\tcl\tk8.6\panedwindow.tcl
   Compressing: F:\Kimi Work\视频工具箱\tools\python\tcl\tk8.6\pkgIndex.tcl
   Compressing: F:\Kimi Work\视频工具箱\tools\python\tcl\tk8.6\safetk.tcl
   Compressing: F:\Kimi Work\视频工具箱\tools\python\tcl\tk8.6\scale.tcl
   Compressing: F:\Kimi Work\视频工具箱\tools\python\tcl\tk8.6\scrlbar.tcl
   Compressing: F:\Kimi Work\视频工具箱\tools\python\tcl\tk8.6\spinbox.tcl
   Compressing: F:\Kimi Work\视频工具箱\tools\python\tcl\tk8.6\tclIndex
   Compressing: F:\Kimi Work\视频工具箱\tools\python\tcl\tk8.6\tearoff.tcl
   Compressing: F:\Kimi Work\视频工具箱\tools\python\tcl\tk8.6\text.tcl
   Compressing: F:\Kimi Work\视频工具箱\tools\python\tcl\tk8.6\tk.tcl
   Compressing: F:\Kimi Work\视频工具箱\tools\python\tcl\tk8.6\tkfbox.tcl
   Compressing: F:\Kimi Work\视频工具箱\tools\python\tcl\tk8.6\unsupported.tcl
   Compressing: F:\Kimi Work\视频工具箱\tools\python\tcl\tk8.6\xmfbox.tcl
   Compressing: F:\Kimi Work\视频工具箱\tools\python\tcl\tk8.6\demos\anilabel.tcl
   Compressing: F:\Kimi Work\视频工具箱\tools\python\tcl\tk8.6\demos\aniwave.tcl
   Compressing: F:\Kimi Work\视频工具箱\tools\python\tcl\tk8.6\demos\arrow.tcl
   Compressing: F:\Kimi Work\视频工具箱\tools\python\tcl\tk8.6\demos\bind.tcl
   Compressing: F:\Kimi Work\视频工具箱\tools\python\tcl\tk8.6\demos\bitmap.tcl
   Compressing: F:\Kimi Work\视频工具箱\tools\python\tcl\tk8.6\demos\browse
   Compressing: F:\Kimi Work\视频工具箱\tools\python\tcl\tk8.6\demos\button.tcl
   Compressing: F:\Kimi Work\视频工具箱\tools\python\tcl\tk8.6\demos\check.tcl
   Compressing: F:\Kimi Work\视频工具箱\tools\python\tcl\tk8.6\demos\clrpick.tcl
   Compressing: F:\Kimi Work\视频工具箱\tools\python\tcl\tk8.6\demos\colors.tcl
   Compressing: F:\Kimi Work\视频工具箱\tools\python\tcl\tk8.6\demos\combo.tcl
   Compressing: F:\Kimi Work\视频工具箱\tools\python\tcl\tk8.6\demos\cscroll.tcl
   Compressing: F:\Kimi Work\视频工具箱\tools\python\tcl\tk8.6\demos\ctext.tcl
   Compressing: F:\Kimi Work\视频工具箱\tools\python\tcl\tk8.6\demos\dialog1.tcl
   Compressing: F:\Kimi Work\视频工具箱\tools\python\tcl\tk8.6\demos\dialog2.tcl
   Compressing: F:\Kimi Work\视频工具箱\tools\python\tcl\tk8.6\demos\en.msg
   Compressing: F:\Kimi Work\视频工具箱\tools\python\tcl\tk8.6\demos\entry1.tcl
   Compressing: F:\Kimi Work\视频工具箱\tools\python\tcl\tk8.6\demos\entry2.tcl
   Compressing: F:\Kimi Work\视频工具箱\tools\python\tcl\tk8.6\demos\entry3.tcl
   Compressing: F:\Kimi Work\视频工具箱\tools\python\tcl\tk8.6\demos\filebox.tcl
   Compressing: F:\Kimi Work\视频工具箱\tools\python\tcl\tk8.6\demos\floor.tcl
   Compressing: F:\Kimi Work\视频工具箱\tools\python\tcl\tk8.6\demos\fontchoose.tcl
   Compressing: F:\Kimi Work\视频工具箱\tools\python\tcl\tk8.6\demos\form.tcl
   Compressing: F:\Kimi Work\视频工具箱\tools\python\tcl\tk8.6\demos\goldberg.tcl
   Compressing: F:\Kimi Work\视频工具箱\tools\python\tcl\tk8.6\demos\hello
   Compressing: F:\Kimi Work\视频工具箱\tools\python\tcl\tk8.6\demos\hscale.tcl
   Compressing: F:\Kimi Work\视频工具箱\tools\python\tcl\tk8.6\demos\icon.tcl
   Compressing: F:\Kimi Work\视频工具箱\tools\python\tcl\tk8.6\demos\image1.tcl
   Compressing: F:\Kimi Work\视频工具箱\tools\python\tcl\tk8.6\demos\image2.tcl
   Compressing: F:\Kimi Work\视频工具箱\tools\python\tcl\tk8.6\demos\items.tcl
   Compressing: F:\Kimi Work\视频工具箱\tools\python\tcl\tk8.6\demos\ixset
   Compressing: F:\Kimi Work\视频工具箱\tools\python\tcl\tk8.6\demos\knightstour.tcl
   Compressing: F:\Kimi Work\视频工具箱\tools\python\tcl\tk8.6\demos\label.tcl
   Compressing: F:\Kimi Work\视频工具箱\tools\python\tcl\tk8.6\demos\labelframe.tcl
   Compressing: F:\Kimi Work\视频工具箱\tools\python\tcl\tk8.6\demos\license.terms
   Compressing: F:\Kimi Work\视频工具箱\tools\python\tcl\tk8.6\demos\mclist.tcl
   Compressing: F:\Kimi Work\视频工具箱\tools\python\tcl\tk8.6\demos\menu.tcl
   Compressing: F:\Kimi Work\视频工具箱\tools\python\tcl\tk8.6\demos\menubu.tcl
   Compressing: F:\Kimi Work\视频工具箱\tools\python\tcl\tk8.6\demos\msgbox.tcl
   Compressing: F:\Kimi Work\视频工具箱\tools\python\tcl\tk8.6\demos\nl.msg
   Compressing: F:\Kimi Work\视频工具箱\tools\python\tcl\tk8.6\demos\paned1.tcl
   Compressing: F:\Kimi Work\视频工具箱\tools\python\tcl\tk8.6\demos\paned2.tcl
   Compressing: F:\Kimi Work\视频工具箱\tools\python\tcl\tk8.6\demos\pendulum.tcl
   Compressing: F:\Kimi Work\视频工具箱\tools\python\tcl\tk8.6\demos\plot.tcl
   Compressing: F:\Kimi Work\视频工具箱\tools\python\tcl\tk8.6\demos\puzzle.tcl
   Compressing: F:\Kimi Work\视频工具箱\tools\python\tcl\tk8.6\demos\radio.tcl
   Compressing: F:\Kimi Work\视频工具箱\tools\python\tcl\tk8.6\demos\README
   Compressing: F:\Kimi Work\视频工具箱\tools\python\tcl\tk8.6\demos\rmt
   Compressing: F:\Kimi Work\视频工具箱\tools\python\tcl\tk8.6\demos\rolodex
   Compressing: F:\Kimi Work\视频工具箱\tools\python\tcl\tk8.6\demos\ruler.tcl
   Compressing: F:\Kimi Work\视频工具箱\tools\python\tcl\tk8.6\demos\sayings.tcl
   Compressing: F:\Kimi Work\视频工具箱\tools\python\tcl\tk8.6\demos\search.tcl
   Compressing: F:\Kimi Work\视频工具箱\tools\python\tcl\tk8.6\demos\spin.tcl
   Compressing: F:\Kimi Work\视频工具箱\tools\python\tcl\tk8.6\demos\square
   Compressing: F:\Kimi Work\视频工具箱\tools\python\tcl\tk8.6\demos\states.tcl
   Compressing: F:\Kimi Work\视频工具箱\tools\python\tcl\tk8.6\demos\style.tcl
   Compressing: F:\Kimi Work\视频工具箱\tools\python\tcl\tk8.6\demos\tclIndex
   Compressing: F:\Kimi Work\视频工具箱\tools\python\tcl\tk8.6\demos\tcolor
   Compressing: F:\Kimi Work\视频工具箱\tools\python\tcl\tk8.6\demos\text.tcl
   Compressing: F:\Kimi Work\视频工具箱\tools\python\tcl\tk8.6\demos\textpeer.tcl
   Compressing: F:\Kimi Work\视频工具箱\tools\python\tcl\tk8.6\demos\timer
   Compressing: F:\Kimi Work\视频工具箱\tools\python\tcl\tk8.6\demos\toolbar.tcl
   Compressing: F:\Kimi Work\视频工具箱\tools\python\tcl\tk8.6\demos\tree.tcl
   Compressing: F:\Kimi Work\视频工具箱\tools\python\tcl\tk8.6\demos\ttkbut.tcl
   Compressing: F:\Kimi Work\视频工具箱\tools\python\tcl\tk8.6\demos\ttkmenu.tcl
   Compressing: F:\Kimi Work\视频工具箱\tools\python\tcl\tk8.6\demos\ttknote.tcl
   Compressing: F:\Kimi Work\视频工具箱\tools\python\tcl\tk8.6\demos\ttkpane.tcl
   Compressing: F:\Kimi Work\视频工具箱\tools\python\tcl\tk8.6\demos\ttkprogress.tcl
   Compressing: F:\Kimi Work\视频工具箱\tools\python\tcl\tk8.6\demos\ttkscale.tcl
   Compressing: F:\Kimi Work\视频工具箱\tools\python\tcl\tk8.6\demos\ttkspin.tcl
   Compressing: F:\Kimi Work\视频工具箱\tools\python\tcl\tk8.6\demos\twind.tcl
   Compressing: F:\Kimi Work\视频工具箱\tools\python\tcl\tk8.6\demos\unicodeout.tcl
   Compressing: F:\Kimi Work\视频工具箱\tools\python\tcl\tk8.6\demos\vscale.tcl
   Compressing: F:\Kimi Work\视频工具箱\tools\python\tcl\tk8.6\demos\widget
   Compressing: F:\Kimi Work\视频工具箱\tools\python\tcl\tk8.6\demos\images\earth.gif
   Compressing: F:\Kimi Work\视频工具箱\tools\python\tcl\tk8.6\demos\images\earthmenu.png
   Compressing: F:\Kimi Work\视频工具箱\tools\python\tcl\tk8.6\demos\images\earthris.gif
   Compressing: F:\Kimi Work\视频工具箱\tools\python\tcl\tk8.6\demos\images\flagdown.xbm
   Compressing: F:\Kimi Work\视频工具箱\tools\python\tcl\tk8.6\demos\images\flagup.xbm
   Compressing: F:\Kimi Work\视频工具箱\tools\python\tcl\tk8.6\demos\images\gray25.xbm
   Compressing: F:\Kimi Work\视频工具箱\tools\python\tcl\tk8.6\demos\images\letters.xbm
   Compressing: F:\Kimi Work\视频工具箱\tools\python\tcl\tk8.6\demos\images\noletter.xbm
   Compressing: F:\Kimi Work\视频工具箱\tools\python\tcl\tk8.6\demos\images\ouster.png
   Compressing: F:\Kimi Work\视频工具箱\tools\python\tcl\tk8.6\demos\images\pattern.xbm
   Compressing: F:\Kimi Work\视频工具箱\tools\python\tcl\tk8.6\demos\images\tcllogo.gif
   Compressing: F:\Kimi Work\视频工具箱\tools\python\tcl\tk8.6\demos\images\teapot.ppm
   Compressing: F:\Kimi Work\视频工具箱\tools\python\tcl\tk8.6\images\logo.eps
   Compressing: F:\Kimi Work\视频工具箱\tools\python\tcl\tk8.6\images\logo100.gif
   Compressing: F:\Kimi Work\视频工具箱\tools\python\tcl\tk8.6\images\logo64.gif
   Compressing: F:\Kimi Work\视频工具箱\tools\python\tcl\tk8.6\images\logoLarge.gif
   Compressing: F:\Kimi Work\视频工具箱\tools\python\tcl\tk8.6\images\logoMed.gif
   Compressing: F:\Kimi Work\视频工具箱\tools\python\tcl\tk8.6\images\pwrdLogo.eps
   Compressing: F:\Kimi Work\视频工具箱\tools\python\tcl\tk8.6\images\pwrdLogo100.gif
   Compressing: F:\Kimi Work\视频工具箱\tools\python\tcl\tk8.6\images\pwrdLogo150.gif
   Compressing: F:\Kimi Work\视频工具箱\tools\python\tcl\tk8.6\images\pwrdLogo175.gif
   Compressing: F:\Kimi Work\视频工具箱\tools\python\tcl\tk8.6\images\pwrdLogo200.gif
   Compressing: F:\Kimi Work\视频工具箱\tools\python\tcl\tk8.6\images\pwrdLogo75.gif
   Compressing: F:\Kimi Work\视频工具箱\tools\python\tcl\tk8.6\images\README
   Compressing: F:\Kimi Work\视频工具箱\tools\python\tcl\tk8.6\images\tai-ku.gif
   Compressing: F:\Kimi Work\视频工具箱\tools\python\tcl\tk8.6\msgs\cs.msg
   Compressing: F:\Kimi Work\视频工具箱\tools\python\tcl\tk8.6\msgs\da.msg
   Compressing: F:\Kimi Work\视频工具箱\tools\python\tcl\tk8.6\msgs\de.msg
   Compressing: F:\Kimi Work\视频工具箱\tools\python\tcl\tk8.6\msgs\el.msg
   Compressing: F:\Kimi Work\视频工具箱\tools\python\tcl\tk8.6\msgs\en.msg
   Compressing: F:\Kimi Work\视频工具箱\tools\python\tcl\tk8.6\msgs\en_gb.msg
   Compressing: F:\Kimi Work\视频工具箱\tools\python\tcl\tk8.6\msgs\eo.msg
   Compressing: F:\Kimi Work\视频工具箱\tools\python\tcl\tk8.6\msgs\es.msg
   Compressing: F:\Kimi Work\视频工具箱\tools\python\tcl\tk8.6\msgs\fi.msg
   Compressing: F:\Kimi Work\视频工具箱\tools\python\tcl\tk8.6\msgs\fr.msg
   Compressing: F:\Kimi Work\视频工具箱\tools\python\tcl\tk8.6\msgs\hu.msg
   Compressing: F:\Kimi Work\视频工具箱\tools\python\tcl\tk8.6\msgs\it.msg
   Compressing: F:\Kimi Work\视频工具箱\tools\python\tcl\tk8.6\msgs\nl.msg
   Compressing: F:\Kimi Work\视频工具箱\tools\python\tcl\tk8.6\msgs\pl.msg
   Compressing: F:\Kimi Work\视频工具箱\tools\python\tcl\tk8.6\msgs\pt.msg
   Compressing: F:\Kimi Work\视频工具箱\tools\python\tcl\tk8.6\msgs\ru.msg
   Compressing: F:\Kimi Work\视频工具箱\tools\python\tcl\tk8.6\msgs\sv.msg
   Compressing: F:\Kimi Work\视频工具箱\tools\python\tcl\tk8.6\msgs\zh_cn.msg
   Compressing: F:\Kimi Work\视频工具箱\tools\python\tcl\tk8.6\ttk\altTheme.tcl
   Compressing: F:\Kimi Work\视频工具箱\tools\python\tcl\tk8.6\ttk\aquaTheme.tcl
   Compressing: F:\Kimi Work\视频工具箱\tools\python\tcl\tk8.6\ttk\button.tcl
   Compressing: F:\Kimi Work\视频工具箱\tools\python\tcl\tk8.6\ttk\clamTheme.tcl
   Compressing: F:\Kimi Work\视频工具箱\tools\python\tcl\tk8.6\ttk\classicTheme.tcl
   Compressing: F:\Kimi Work\视频工具箱\tools\python\tcl\tk8.6\ttk\combobox.tcl
   Compressing: F:\Kimi Work\视频工具箱\tools\python\tcl\tk8.6\ttk\cursors.tcl
   Compressing: F:\Kimi Work\视频工具箱\tools\python\tcl\tk8.6\ttk\defaults.tcl
   Compressing: F:\Kimi Work\视频工具箱\tools\python\tcl\tk8.6\ttk\entry.tcl
   Compressing: F:\Kimi Work\视频工具箱\tools\python\tcl\tk8.6\ttk\fonts.tcl
   Compressing: F:\Kimi Work\视频工具箱\tools\python\tcl\tk8.6\ttk\menubutton.tcl
   Compressing: F:\Kimi Work\视频工具箱\tools\python\tcl\tk8.6\ttk\notebook.tcl
   Compressing: F:\Kimi Work\视频工具箱\tools\python\tcl\tk8.6\ttk\panedwindow.tcl
   Compressing: F:\Kimi Work\视频工具箱\tools\python\tcl\tk8.6\ttk\progress.tcl
   Compressing: F:\Kimi Work\视频工具箱\tools\python\tcl\tk8.6\ttk\scale.tcl
   Compressing: F:\Kimi Work\视频工具箱\tools\python\tcl\tk8.6\ttk\scrollbar.tcl
   Compressing: F:\Kimi Work\视频工具箱\tools\python\tcl\tk8.6\ttk\sizegrip.tcl
   Compressing: F:\Kimi Work\视频工具箱\tools\python\tcl\tk8.6\ttk\spinbox.tcl
   Compressing: F:\Kimi Work\视频工具箱\tools\python\tcl\tk8.6\ttk\treeview.tcl
   Compressing: F:\Kimi Work\视频工具箱\tools\python\tcl\tk8.6\ttk\ttk.tcl
   Compressing: F:\Kimi Work\视频工具箱\tools\python\tcl\tk8.6\ttk\utils.tcl
   Compressing: F:\Kimi Work\视频工具箱\tools\python\tcl\tk8.6\ttk\vistaTheme.tcl
   Compressing: F:\Kimi Work\视频工具箱\tools\python\tcl\tk8.6\ttk\winTheme.tcl
   Compressing: F:\Kimi Work\视频工具箱\tools\python\tcl\tk8.6\ttk\xpTheme.tcl
   Storing: F:\Kimi Work\视频工具箱\tools\ms-playwright\chromium-1234\DEPENDENCIES_VALIDATED
   Storing: F:\Kimi Work\视频工具箱\tools\ms-playwright\chromium-1234\INSTALLATION_COMPLETE
   Storing: F:\Kimi Work\视频工具箱\tools\ms-playwright\chromium-1234\chrome-win64\151.0.7922.34.manifest
   Storing: F:\Kimi Work\视频工具箱\tools\ms-playwright\chromium-1234\chrome-win64\ABOUT
   Storing: F:\Kimi Work\视频工具箱\tools\ms-playwright\chromium-1234\chrome-win64\chrome.dll
   Storing: F:\Kimi Work\视频工具箱\tools\ms-playwright\chromium-1234\chrome-win64\chrome.exe
   Storing: F:\Kimi Work\视频工具箱\tools\ms-playwright\chromium-1234\chrome-win64\chrome_100_percent.pak
   Storing: F:\Kimi Work\视频工具箱\tools\ms-playwright\chromium-1234\chrome-win64\chrome_200_percent.pak
   Storing: F:\Kimi Work\视频工具箱\tools\ms-playwright\chromium-1234\chrome-win64\chrome_elf.dll
   Storing: F:\Kimi Work\视频工具箱\tools\ms-playwright\chromium-1234\chrome-win64\chrome_proxy.exe
   Storing: F:\Kimi Work\视频工具箱\tools\ms-playwright\chromium-1234\chrome-win64\chrome_pwa_launcher.exe
   Storing: F:\Kimi Work\视频工具箱\tools\ms-playwright\chromium-1234\chrome-win64\chrome_wer.dll
   Storing: F:\Kimi Work\视频工具箱\tools\ms-playwright\chromium-1234\chrome-win64\D3DCompiler_47.dll
   Storing: F:\Kimi Work\视频工具箱\tools\ms-playwright\chromium-1234\chrome-win64\dxcompiler.dll
   Storing: F:\Kimi Work\视频工具箱\tools\ms-playwright\chromium-1234\chrome-win64\dxil.dll
   Storing: F:\Kimi Work\视频工具箱\tools\ms-playwright\chromium-1234\chrome-win64\elevated_tracing_service.exe
   Storing: F:\Kimi Work\视频工具箱\tools\ms-playwright\chromium-1234\chrome-win64\elevation_service.exe
   Storing: F:\Kimi Work\视频工具箱\tools\ms-playwright\chromium-1234\chrome-win64\First Run
   Storing: F:\Kimi Work\视频工具箱\tools\ms-playwright\chromium-1234\chrome-win64\icudtl.dat
   Storing: F:\Kimi Work\视频工具箱\tools\ms-playwright\chromium-1234\chrome-win64\libEGL.dll
   Storing: F:\Kimi Work\视频工具箱\tools\ms-playwright\chromium-1234\chrome-win64\libGLESv2.dll
   Storing: F:\Kimi Work\视频工具箱\tools\ms-playwright\chromium-1234\chrome-win64\notification_helper.exe
   Storing: F:\Kimi Work\视频工具箱\tools\ms-playwright\chromium-1234\chrome-win64\resources.pak
   Storing: F:\Kimi Work\视频工具箱\tools\ms-playwright\chromium-1234\chrome-win64\setup.exe
   Storing: F:\Kimi Work\视频工具箱\tools\ms-playwright\chromium-1234\chrome-win64\v8_context_snapshot.bin
   Storing: F:\Kimi Work\视频工具箱\tools\ms-playwright\chromium-1234\chrome-win64\vk_swiftshader.dll
   Storing: F:\Kimi Work\视频工具箱\tools\ms-playwright\chromium-1234\chrome-win64\vk_swiftshader_icd.json
   Storing: F:\Kimi Work\视频工具箱\tools\ms-playwright\chromium-1234\chrome-win64\vulkan-1.dll
   Storing: F:\Kimi Work\视频工具箱\tools\ms-playwright\chromium-1234\chrome-win64\hyphen-data\hyph-af.hyb
   Storing: F:\Kimi Work\视频工具箱\tools\ms-playwright\chromium-1234\chrome-win64\hyphen-data\hyph-as.hyb
   Storing: F:\Kimi Work\视频工具箱\tools\ms-playwright\chromium-1234\chrome-win64\hyphen-data\hyph-be.hyb
   Storing: F:\Kimi Work\视频工具箱\tools\ms-playwright\chromium-1234\chrome-win64\hyphen-data\hyph-bg.hyb
   Storing: F:\Kimi Work\视频工具箱\tools\ms-playwright\chromium-1234\chrome-win64\hyphen-data\hyph-bn.hyb
   Storing: F:\Kimi Work\视频工具箱\tools\ms-playwright\chromium-1234\chrome-win64\hyphen-data\hyph-cs.hyb
   Storing: F:\Kimi Work\视频工具箱\tools\ms-playwright\chromium-1234\chrome-win64\hyphen-data\hyph-cu.hyb
   Storing: F:\Kimi Work\视频工具箱\tools\ms-playwright\chromium-1234\chrome-win64\hyphen-data\hyph-cy.hyb
   Storing: F:\Kimi Work\视频工具箱\tools\ms-playwright\chromium-1234\chrome-win64\hyphen-data\hyph-da.hyb
   Storing: F:\Kimi Work\视频工具箱\tools\ms-playwright\chromium-1234\chrome-win64\hyphen-data\hyph-de-1901.hyb
   Storing: F:\Kimi Work\视频工具箱\tools\ms-playwright\chromium-1234\chrome-win64\hyphen-data\hyph-de-1996.hyb
   Storing: F:\Kimi Work\视频工具箱\tools\ms-playwright\chromium-1234\chrome-win64\hyphen-data\hyph-de-ch-1901.hyb
   Storing: F:\Kimi Work\视频工具箱\tools\ms-playwright\chromium-1234\chrome-win64\hyphen-data\hyph-el.hyb
   Storing: F:\Kimi Work\视频工具箱\tools\ms-playwright\chromium-1234\chrome-win64\hyphen-data\hyph-en-gb.hyb
   Storing: F:\Kimi Work\视频工具箱\tools\ms-playwright\chromium-1234\chrome-win64\hyphen-data\hyph-en-us.hyb
   Storing: F:\Kimi Work\视频工具箱\tools\ms-playwright\chromium-1234\chrome-win64\hyphen-data\hyph-es.hyb
   Storing: F:\Kimi Work\视频工具箱\tools\ms-playwright\chromium-1234\chrome-win64\hyphen-data\hyph-et.hyb
   Storing: F:\Kimi Work\视频工具箱\tools\ms-playwright\chromium-1234\chrome-win64\hyphen-data\hyph-eu.hyb
   Storing: F:\Kimi Work\视频工具箱\tools\ms-playwright\chromium-1234\chrome-win64\hyphen-data\hyph-fr.hyb
   Storing: F:\Kimi Work\视频工具箱\tools\ms-playwright\chromium-1234\chrome-win64\hyphen-data\hyph-ga.hyb
   Storing: F:\Kimi Work\视频工具箱\tools\ms-playwright\chromium-1234\chrome-win64\hyphen-data\hyph-gl.hyb
   Storing: F:\Kimi Work\视频工具箱\tools\ms-playwright\chromium-1234\chrome-win64\hyphen-data\hyph-gu.hyb
   Storing: F:\Kimi Work\视频工具箱\tools\ms-playwright\chromium-1234\chrome-win64\hyphen-data\hyph-hi.hyb
   Storing: F:\Kimi Work\视频工具箱\tools\ms-playwright\chromium-1234\chrome-win64\hyphen-data\hyph-hr.hyb
   Storing: F:\Kimi Work\视频工具箱\tools\ms-playwright\chromium-1234\chrome-win64\hyphen-data\hyph-hu.hyb
   Storing: F:\Kimi Work\视频工具箱\tools\ms-playwright\chromium-1234\chrome-win64\hyphen-data\hyph-hy.hyb
   Storing: F:\Kimi Work\视频工具箱\tools\ms-playwright\chromium-1234\chrome-win64\hyphen-data\hyph-it.hyb
   Storing: F:\Kimi Work\视频工具箱\tools\ms-playwright\chromium-1234\chrome-win64\hyphen-data\hyph-ka.hyb
   Storing: F:\Kimi Work\视频工具箱\tools\ms-playwright\chromium-1234\chrome-win64\hyphen-data\hyph-kn.hyb
   Storing: F:\Kimi Work\视频工具箱\tools\ms-playwright\chromium-1234\chrome-win64\hyphen-data\hyph-la.hyb
   Storing: F:\Kimi Work\视频工具箱\tools\ms-playwright\chromium-1234\chrome-win64\hyphen-data\hyph-lt.hyb
   Storing: F:\Kimi Work\视频工具箱\tools\ms-playwright\chromium-1234\chrome-win64\hyphen-data\hyph-lv.hyb
   Storing: F:\Kimi Work\视频工具箱\tools\ms-playwright\chromium-1234\chrome-win64\hyphen-data\hyph-ml.hyb
   Storing: F:\Kimi Work\视频工具箱\tools\ms-playwright\chromium-1234\chrome-win64\hyphen-data\hyph-mn-cyrl.hyb
   Storing: F:\Kimi Work\视频工具箱\tools\ms-playwright\chromium-1234\chrome-win64\hyphen-data\hyph-mr.hyb
   Storing: F:\Kimi Work\视频工具箱\tools\ms-playwright\chromium-1234\chrome-win64\hyphen-data\hyph-mul-ethi.hyb
   Storing: F:\Kimi Work\视频工具箱\tools\ms-playwright\chromium-1234\chrome-win64\hyphen-data\hyph-nb.hyb
   Storing: F:\Kimi Work\视频工具箱\tools\ms-playwright\chromium-1234\chrome-win64\hyphen-data\hyph-nl.hyb
   Storing: F:\Kimi Work\视频工具箱\tools\ms-playwright\chromium-1234\chrome-win64\hyphen-data\hyph-nn.hyb
   Storing: F:\Kimi Work\视频工具箱\tools\ms-playwright\chromium-1234\chrome-win64\hyphen-data\hyph-or.hyb
   Storing: F:\Kimi Work\视频工具箱\tools\ms-playwright\chromium-1234\chrome-win64\hyphen-data\hyph-pa.hyb
   Storing: F:\Kimi Work\视频工具箱\tools\ms-playwright\chromium-1234\chrome-win64\hyphen-data\hyph-pt.hyb
   Storing: F:\Kimi Work\视频工具箱\tools\ms-playwright\chromium-1234\chrome-win64\hyphen-data\hyph-ru.hyb
   Storing: F:\Kimi Work\视频工具箱\tools\ms-playwright\chromium-1234\chrome-win64\hyphen-data\hyph-sk.hyb
   Storing: F:\Kimi Work\视频工具箱\tools\ms-playwright\chromium-1234\chrome-win64\hyphen-data\hyph-sl.hyb
   Storing: F:\Kimi Work\视频工具箱\tools\ms-playwright\chromium-1234\chrome-win64\hyphen-data\hyph-sq.hyb
   Storing: F:\Kimi Work\视频工具箱\tools\ms-playwright\chromium-1234\chrome-win64\hyphen-data\hyph-sv.hyb
   Storing: F:\Kimi Work\视频工具箱\tools\ms-playwright\chromium-1234\chrome-win64\hyphen-data\hyph-ta.hyb
   Storing: F:\Kimi Work\视频工具箱\tools\ms-playwright\chromium-1234\chrome-win64\hyphen-data\hyph-te.hyb
   Storing: F:\Kimi Work\视频工具箱\tools\ms-playwright\chromium-1234\chrome-win64\hyphen-data\hyph-tk.hyb
   Storing: F:\Kimi Work\视频工具箱\tools\ms-playwright\chromium-1234\chrome-win64\hyphen-data\hyph-uk.hyb
   Storing: F:\Kimi Work\视频工具箱\tools\ms-playwright\chromium-1234\chrome-win64\hyphen-data\hyph-und-ethi.hyb
   Storing: F:\Kimi Work\视频工具箱\tools\ms-playwright\chromium-1234\chrome-win64\hyphen-data\manifest.json
   Storing: F:\Kimi Work\视频工具箱\tools\ms-playwright\chromium-1234\chrome-win64\IwaKeyDistribution\iwa-key-distribution.pb
   Storing: F:\Kimi Work\视频工具箱\tools\ms-playwright\chromium-1234\chrome-win64\IwaKeyDistribution\manifest.json
   Storing: F:\Kimi Work\视频工具箱\tools\ms-playwright\chromium-1234\chrome-win64\locales\af.pak
   Storing: F:\Kimi Work\视频工具箱\tools\ms-playwright\chromium-1234\chrome-win64\locales\af_FEMININE.pak
   Storing: F:\Kimi Work\视频工具箱\tools\ms-playwright\chromium-1234\chrome-win64\locales\af_MASCULINE.pak
   Storing: F:\Kimi Work\视频工具箱\tools\ms-playwright\chromium-1234\chrome-win64\locales\af_NEUTER.pak
   Storing: F:\Kimi Work\视频工具箱\tools\ms-playwright\chromium-1234\chrome-win64\locales\am.pak
   Storing: F:\Kimi Work\视频工具箱\tools\ms-playwright\chromium-1234\chrome-win64\locales\am_FEMININE.pak
   Storing: F:\Kimi Work\视频工具箱\tools\ms-playwright\chromium-1234\chrome-win64\locales\am_MASCULINE.pak
   Storing: F:\Kimi Work\视频工具箱\tools\ms-playwright\chromium-1234\chrome-win64\locales\am_NEUTER.pak
   Storing: F:\Kimi Work\视频工具箱\tools\ms-playwright\chromium-1234\chrome-win64\locales\ar.pak
   Storing: F:\Kimi Work\视频工具箱\tools\ms-playwright\chromium-1234\chrome-win64\locales\ar_FEMININE.pak
   Storing: F:\Kimi Work\视频工具箱\tools\ms-playwright\chromium-1234\chrome-win64\locales\ar_MASCULINE.pak
   Storing: F:\Kimi Work\视频工具箱\tools\ms-playwright\chromium-1234\chrome-win64\locales\ar_NEUTER.pak
   Storing: F:\Kimi Work\视频工具箱\tools\ms-playwright\chromium-1234\chrome-win64\locales\bg.pak
   Storing: F:\Kimi Work\视频工具箱\tools\ms-playwright\chromium-1234\chrome-win64\locales\bg_FEMININE.pak
   Storing: F:\Kimi Work\视频工具箱\tools\ms-playwright\chromium-1234\chrome-win64\locales\bg_MASCULINE.pak
   Storing: F:\Kimi Work\视频工具箱\tools\ms-playwright\chromium-1234\chrome-win64\locales\bg_NEUTER.pak
   Storing: F:\Kimi Work\视频工具箱\tools\ms-playwright\chromium-1234\chrome-win64\locales\bn.pak
   Storing: F:\Kimi Work\视频工具箱\tools\ms-playwright\chromium-1234\chrome-win64\locales\bn_FEMININE.pak
   Storing: F:\Kimi Work\视频工具箱\tools\ms-playwright\chromium-1234\chrome-win64\locales\bn_MASCULINE.pak
   Storing: F:\Kimi Work\视频工具箱\tools\ms-playwright\chromium-1234\chrome-win64\locales\bn_NEUTER.pak
   Storing: F:\Kimi Work\视频工具箱\tools\ms-playwright\chromium-1234\chrome-win64\locales\ca.pak
   Storing: F:\Kimi Work\视频工具箱\tools\ms-playwright\chromium-1234\chrome-win64\locales\ca_FEMININE.pak
   Storing: F:\Kimi Work\视频工具箱\tools\ms-playwright\chromium-1234\chrome-win64\locales\ca_MASCULINE.pak
   Storing: F:\Kimi Work\视频工具箱\tools\ms-playwright\chromium-1234\chrome-win64\locales\ca_NEUTER.pak
   Storing: F:\Kimi Work\视频工具箱\tools\ms-playwright\chromium-1234\chrome-win64\locales\cs.pak
   Storing: F:\Kimi Work\视频工具箱\tools\ms-playwright\chromium-1234\chrome-win64\locales\cs_FEMININE.pak
   Storing: F:\Kimi Work\视频工具箱\tools\ms-playwright\chromium-1234\chrome-win64\locales\cs_MASCULINE.pak
   Storing: F:\Kimi Work\视频工具箱\tools\ms-playwright\chromium-1234\chrome-win64\locales\cs_NEUTER.pak
   Storing: F:\Kimi Work\视频工具箱\tools\ms-playwright\chromium-1234\chrome-win64\locales\da.pak
   Storing: F:\Kimi Work\视频工具箱\tools\ms-playwright\chromium-1234\chrome-win64\locales\da_FEMININE.pak
   Storing: F:\Kimi Work\视频工具箱\tools\ms-playwright\chromium-1234\chrome-win64\locales\da_MASCULINE.pak
   Storing: F:\Kimi Work\视频工具箱\tools\ms-playwright\chromium-1234\chrome-win64\locales\da_NEUTER.pak
   Storing: F:\Kimi Work\视频工具箱\tools\ms-playwright\chromium-1234\chrome-win64\locales\de.pak
   Storing: F:\Kimi Work\视频工具箱\tools\ms-playwright\chromium-1234\chrome-win64\locales\de_FEMININE.pak
   Storing: F:\Kimi Work\视频工具箱\tools\ms-playwright\chromium-1234\chrome-win64\locales\de_MASCULINE.pak
   Storing: F:\Kimi Work\视频工具箱\tools\ms-playwright\chromium-1234\chrome-win64\locales\de_NEUTER.pak
   Storing: F:\Kimi Work\视频工具箱\tools\ms-playwright\chromium-1234\chrome-win64\locales\el.pak
   Storing: F:\Kimi Work\视频工具箱\tools\ms-playwright\chromium-1234\chrome-win64\locales\el_FEMININE.pak
   Storing: F:\Kimi Work\视频工具箱\tools\ms-playwright\chromium-1234\chrome-win64\locales\el_MASCULINE.pak
   Storing: F:\Kimi Work\视频工具箱\tools\ms-playwright\chromium-1234\chrome-win64\locales\el_NEUTER.pak
   Storing: F:\Kimi Work\视频工具箱\tools\ms-playwright\chromium-1234\chrome-win64\locales\en-GB.pak
   Storing: F:\Kimi Work\视频工具箱\tools\ms-playwright\chromium-1234\chrome-win64\locales\en-GB_FEMININE.pak
   Storing: F:\Kimi Work\视频工具箱\tools\ms-playwright\chromium-1234\chrome-win64\locales\en-GB_MASCULINE.pak
   Storing: F:\Kimi Work\视频工具箱\tools\ms-playwright\chromium-1234\chrome-win64\locales\en-GB_NEUTER.pak
   Storing: F:\Kimi Work\视频工具箱\tools\ms-playwright\chromium-1234\chrome-win64\locales\en-US.pak
   Storing: F:\Kimi Work\视频工具箱\tools\ms-playwright\chromium-1234\chrome-win64\locales\en-US_FEMININE.pak
   Storing: F:\Kimi Work\视频工具箱\tools\ms-playwright\chromium-1234\chrome-win64\locales\en-US_MASCULINE.pak
   Storing: F:\Kimi Work\视频工具箱\tools\ms-playwright\chromium-1234\chrome-win64\locales\en-US_NEUTER.pak
   Storing: F:\Kimi Work\视频工具箱\tools\ms-playwright\chromium-1234\chrome-win64\locales\es-419.pak
   Storing: F:\Kimi Work\视频工具箱\tools\ms-playwright\chromium-1234\chrome-win64\locales\es-419_FEMININE.pak
   Storing: F:\Kimi Work\视频工具箱\tools\ms-playwright\chromium-1234\chrome-win64\locales\es-419_MASCULINE.pak
   Storing: F:\Kimi Work\视频工具箱\tools\ms-playwright\chromium-1234\chrome-win64\locales\es-419_NEUTER.pak
   Storing: F:\Kimi Work\视频工具箱\tools\ms-playwright\chromium-1234\chrome-win64\locales\es.pak
   Storing: F:\Kimi Work\视频工具箱\tools\ms-playwright\chromium-1234\chrome-win64\locales\es_FEMININE.pak
   Storing: F:\Kimi Work\视频工具箱\tools\ms-playwright\chromium-1234\chrome-win64\locales\es_MASCULINE.pak
   Storing: F:\Kimi Work\视频工具箱\tools\ms-playwright\chromium-1234\chrome-win64\locales\es_NEUTER.pak
   Storing: F:\Kimi Work\视频工具箱\tools\ms-playwright\chromium-1234\chrome-win64\locales\et.pak
   Storing: F:\Kimi Work\视频工具箱\tools\ms-playwright\chromium-1234\chrome-win64\locales\et_FEMININE.pak
   Storing: F:\Kimi Work\视频工具箱\tools\ms-playwright\chromium-1234\chrome-win64\locales\et_MASCULINE.pak
   Storing: F:\Kimi Work\视频工具箱\tools\ms-playwright\chromium-1234\chrome-win64\locales\et_NEUTER.pak
   Storing: F:\Kimi Work\视频工具箱\tools\ms-playwright\chromium-1234\chrome-win64\locales\fa.pak
   Storing: F:\Kimi Work\视频工具箱\tools\ms-playwright\chromium-1234\chrome-win64\locales\fa_FEMININE.pak
   Storing: F:\Kimi Work\视频工具箱\tools\ms-playwright\chromium-1234\chrome-win64\locales\fa_MASCULINE.pak
   Storing: F:\Kimi Work\视频工具箱\tools\ms-playwright\chromium-1234\chrome-win64\locales\fa_NEUTER.pak
   Storing: F:\Kimi Work\视频工具箱\tools\ms-playwright\chromium-1234\chrome-win64\locales\fi.pak
   Storing: F:\Kimi Work\视频工具箱\tools\ms-playwright\chromium-1234\chrome-win64\locales\fil.pak
   Storing: F:\Kimi Work\视频工具箱\tools\ms-playwright\chromium-1234\chrome-win64\locales\fil_FEMININE.pak
   Storing: F:\Kimi Work\视频工具箱\tools\ms-playwright\chromium-1234\chrome-win64\locales\fil_MASCULINE.pak
   Storing: F:\Kimi Work\视频工具箱\tools\ms-playwright\chromium-1234\chrome-win64\locales\fil_NEUTER.pak
   Storing: F:\Kimi Work\视频工具箱\tools\ms-playwright\chromium-1234\chrome-win64\locales\fi_FEMININE.pak
   Storing: F:\Kimi Work\视频工具箱\tools\ms-playwright\chromium-1234\chrome-win64\locales\fi_MASCULINE.pak
   Storing: F:\Kimi Work\视频工具箱\tools\ms-playwright\chromium-1234\chrome-win64\locales\fi_NEUTER.pak
   Storing: F:\Kimi Work\视频工具箱\tools\ms-playwright\chromium-1234\chrome-win64\locales\fr.pak
   Storing: F:\Kimi Work\视频工具箱\tools\ms-playwright\chromium-1234\chrome-win64\locales\fr_FEMININE.pak
   Storing: F:\Kimi Work\视频工具箱\tools\ms-playwright\chromium-1234\chrome-win64\locales\fr_MASCULINE.pak
   Storing: F:\Kimi Work\视频工具箱\tools\ms-playwright\chromium-1234\chrome-win64\locales\fr_NEUTER.pak
   Storing: F:\Kimi Work\视频工具箱\tools\ms-playwright\chromium-1234\chrome-win64\locales\gu.pak
   Storing: F:\Kimi Work\视频工具箱\tools\ms-playwright\chromium-1234\chrome-win64\locales\gu_FEMININE.pak
   Storing: F:\Kimi Work\视频工具箱\tools\ms-playwright\chromium-1234\chrome-win64\locales\gu_MASCULINE.pak
   Storing: F:\Kimi Work\视频工具箱\tools\ms-playwright\chromium-1234\chrome-win64\locales\gu_NEUTER.pak
   Storing: F:\Kimi Work\视频工具箱\tools\ms-playwright\chromium-1234\chrome-win64\locales\he.pak
   Storing: F:\Kimi Work\视频工具箱\tools\ms-playwright\chromium-1234\chrome-win64\locales\he_FEMININE.pak
   Storing: F:\Kimi Work\视频工具箱\tools\ms-playwright\chromium-1234\chrome-win64\locales\he_MASCULINE.pak
   Storing: F:\Kimi Work\视频工具箱\tools\ms-playwright\chromium-1234\chrome-win64\locales\he_NEUTER.pak
   Storing: F:\Kimi Work\视频工具箱\tools\ms-playwright\chromium-1234\chrome-win64\locales\hi.pak
   Storing: F:\Kimi Work\视频工具箱\tools\ms-playwright\chromium-1234\chrome-win64\locales\hi_FEMININE.pak
   Storing: F:\Kimi Work\视频工具箱\tools\ms-playwright\chromium-1234\chrome-win64\locales\hi_MASCULINE.pak
   Storing: F:\Kimi Work\视频工具箱\tools\ms-playwright\chromium-1234\chrome-win64\locales\hi_NEUTER.pak
   Storing: F:\Kimi Work\视频工具箱\tools\ms-playwright\chromium-1234\chrome-win64\locales\hr.pak
   Storing: F:\Kimi Work\视频工具箱\tools\ms-playwright\chromium-1234\chrome-win64\locales\hr_FEMININE.pak
   Storing: F:\Kimi Work\视频工具箱\tools\ms-playwright\chromium-1234\chrome-win64\locales\hr_MASCULINE.pak
   Storing: F:\Kimi Work\视频工具箱\tools\ms-playwright\chromium-1234\chrome-win64\locales\hr_NEUTER.pak
   Storing: F:\Kimi Work\视频工具箱\tools\ms-playwright\chromium-1234\chrome-win64\locales\hu.pak
   Storing: F:\Kimi Work\视频工具箱\tools\ms-playwright\chromium-1234\chrome-win64\locales\hu_FEMININE.pak
   Storing: F:\Kimi Work\视频工具箱\tools\ms-playwright\chromium-1234\chrome-win64\locales\hu_MASCULINE.pak
   Storing: F:\Kimi Work\视频工具箱\tools\ms-playwright\chromium-1234\chrome-win64\locales\hu_NEUTER.pak
   Storing: F:\Kimi Work\视频工具箱\tools\ms-playwright\chromium-1234\chrome-win64\locales\id.pak
   Storing: F:\Kimi Work\视频工具箱\tools\ms-playwright\chromium-1234\chrome-win64\locales\id_FEMININE.pak
   Storing: F:\Kimi Work\视频工具箱\tools\ms-playwright\chromium-1234\chrome-win64\locales\id_MASCULINE.pak
   Storing: F:\Kimi Work\视频工具箱\tools\ms-playwright\chromium-1234\chrome-win64\locales\id_NEUTER.pak
   Storing: F:\Kimi Work\视频工具箱\tools\ms-playwright\chromium-1234\chrome-win64\locales\it.pak
   Storing: F:\Kimi Work\视频工具箱\tools\ms-playwright\chromium-1234\chrome-win64\locales\it_FEMININE.pak
   Storing: F:\Kimi Work\视频工具箱\tools\ms-playwright\chromium-1234\chrome-win64\locales\it_MASCULINE.pak
   Storing: F:\Kimi Work\视频工具箱\tools\ms-playwright\chromium-1234\chrome-win64\locales\it_NEUTER.pak
   Storing: F:\Kimi Work\视频工具箱\tools\ms-playwright\chromium-1234\chrome-win64\locales\ja.pak
   Storing: F:\Kimi Work\视频工具箱\tools\ms-playwright\chromium-1234\chrome-win64\locales\ja_FEMININE.pak
   Storing: F:\Kimi Work\视频工具箱\tools\ms-playwright\chromium-1234\chrome-win64\locales\ja_MASCULINE.pak
   Storing: F:\Kimi Work\视频工具箱\tools\ms-playwright\chromium-1234\chrome-win64\locales\ja_NEUTER.pak
   Storing: F:\Kimi Work\视频工具箱\tools\ms-playwright\chromium-1234\chrome-win64\locales\kn.pak
   Storing: F:\Kimi Work\视频工具箱\tools\ms-playwright\chromium-1234\chrome-win64\locales\kn_FEMININE.pak
   Storing: F:\Kimi Work\视频工具箱\tools\ms-playwright\chromium-1234\chrome-win64\locales\kn_MASCULINE.pak
   Storing: F:\Kimi Work\视频工具箱\tools\ms-playwright\chromium-1234\chrome-win64\locales\kn_NEUTER.pak
   Storing: F:\Kimi Work\视频工具箱\tools\ms-playwright\chromium-1234\chrome-win64\locales\ko.pak
   Storing: F:\Kimi Work\视频工具箱\tools\ms-playwright\chromium-1234\chrome-win64\locales\ko_FEMININE.pak
   Storing: F:\Kimi Work\视频工具箱\tools\ms-playwright\chromium-1234\chrome-win64\locales\ko_MASCULINE.pak
   Storing: F:\Kimi Work\视频工具箱\tools\ms-playwright\chromium-1234\chrome-win64\locales\ko_NEUTER.pak
   Storing: F:\Kimi Work\视频工具箱\tools\ms-playwright\chromium-1234\chrome-win64\locales\lt.pak
   Storing: F:\Kimi Work\视频工具箱\tools\ms-playwright\chromium-1234\chrome-win64\locales\lt_FEMININE.pak
   Storing: F:\Kimi Work\视频工具箱\tools\ms-playwright\chromium-1234\chrome-win64\locales\lt_MASCULINE.pak
   Storing: F:\Kimi Work\视频工具箱\tools\ms-playwright\chromium-1234\chrome-win64\locales\lt_NEUTER.pak
   Storing: F:\Kimi Work\视频工具箱\tools\ms-playwright\chromium-1234\chrome-win64\locales\lv.pak
   Storing: F:\Kimi Work\视频工具箱\tools\ms-playwright\chromium-1234\chrome-win64\locales\lv_FEMININE.pak
   Storing: F:\Kimi Work\视频工具箱\tools\ms-playwright\chromium-1234\chrome-win64\locales\lv_MASCULINE.pak
   Storing: F:\Kimi Work\视频工具箱\tools\ms-playwright\chromium-1234\chrome-win64\locales\lv_NEUTER.pak
   Storing: F:\Kimi Work\视频工具箱\tools\ms-playwright\chromium-1234\chrome-win64\locales\ml.pak
   Storing: F:\Kimi Work\视频工具箱\tools\ms-playwright\chromium-1234\chrome-win64\locales\ml_FEMININE.pak
   Storing: F:\Kimi Work\视频工具箱\tools\ms-playwright\chromium-1234\chrome-win64\locales\ml_MASCULINE.pak
   Storing: F:\Kimi Work\视频工具箱\tools\ms-playwright\chromium-1234\chrome-win64\locales\ml_NEUTER.pak
   Storing: F:\Kimi Work\视频工具箱\tools\ms-playwright\chromium-1234\chrome-win64\locales\mr.pak
   Storing: F:\Kimi Work\视频工具箱\tools\ms-playwright\chromium-1234\chrome-win64\locales\mr_FEMININE.pak
   Storing: F:\Kimi Work\视频工具箱\tools\ms-playwright\chromium-1234\chrome-win64\locales\mr_MASCULINE.pak
   Storing: F:\Kimi Work\视频工具箱\tools\ms-playwright\chromium-1234\chrome-win64\locales\mr_NEUTER.pak
   Storing: F:\Kimi Work\视频工具箱\tools\ms-playwright\chromium-1234\chrome-win64\locales\ms.pak
   Storing: F:\Kimi Work\视频工具箱\tools\ms-playwright\chromium-1234\chrome-win64\locales\ms_FEMININE.pak
   Storing: F:\Kimi Work\视频工具箱\tools\ms-playwright\chromium-1234\chrome-win64\locales\ms_MASCULINE.pak
   Storing: F:\Kimi Work\视频工具箱\tools\ms-playwright\chromium-1234\chrome-win64\locales\ms_NEUTER.pak
   Storing: F:\Kimi Work\视频工具箱\tools\ms-playwright\chromium-1234\chrome-win64\locales\nb.pak
   Storing: F:\Kimi Work\视频工具箱\tools\ms-playwright\chromium-1234\chrome-win64\locales\nb_FEMININE.pak
   Storing: F:\Kimi Work\视频工具箱\tools\ms-playwright\chromium-1234\chrome-win64\locales\nb_MASCULINE.pak
   Storing: F:\Kimi Work\视频工具箱\tools\ms-playwright\chromium-1234\chrome-win64\locales\nb_NEUTER.pak
   Storing: F:\Kimi Work\视频工具箱\tools\ms-playwright\chromium-1234\chrome-win64\locales\nl.pak
   Storing: F:\Kimi Work\视频工具箱\tools\ms-playwright\chromium-1234\chrome-win64\locales\nl_FEMININE.pak
   Storing: F:\Kimi Work\视频工具箱\tools\ms-playwright\chromium-1234\chrome-win64\locales\nl_MASCULINE.pak
   Storing: F:\Kimi Work\视频工具箱\tools\ms-playwright\chromium-1234\chrome-win64\locales\nl_NEUTER.pak
   Storing: F:\Kimi Work\视频工具箱\tools\ms-playwright\chromium-1234\chrome-win64\locales\pl.pak
   Storing: F:\Kimi Work\视频工具箱\tools\ms-playwright\chromium-1234\chrome-win64\locales\pl_FEMININE.pak
   Storing: F:\Kimi Work\视频工具箱\tools\ms-playwright\chromium-1234\chrome-win64\locales\pl_MASCULINE.pak
   Storing: F:\Kimi Work\视频工具箱\tools\ms-playwright\chromium-1234\chrome-win64\locales\pl_NEUTER.pak
   Storing: F:\Kimi Work\视频工具箱\tools\ms-playwright\chromium-1234\chrome-win64\locales\pt-BR.pak
   Storing: F:\Kimi Work\视频工具箱\tools\ms-playwright\chromium-1234\chrome-win64\locales\pt-BR_FEMININE.pak
   Storing: F:\Kimi Work\视频工具箱\tools\ms-playwright\chromium-1234\chrome-win64\locales\pt-BR_MASCULINE.pak
   Storing: F:\Kimi Work\视频工具箱\tools\ms-playwright\chromium-1234\chrome-win64\locales\pt-BR_NEUTER.pak
   Storing: F:\Kimi Work\视频工具箱\tools\ms-playwright\chromium-1234\chrome-win64\locales\pt-PT.pak
   Storing: F:\Kimi Work\视频工具箱\tools\ms-playwright\chromium-1234\chrome-win64\locales\pt-PT_FEMININE.pak
   Storing: F:\Kimi Work\视频工具箱\tools\ms-playwright\chromium-1234\chrome-win64\locales\pt-PT_MASCULINE.pak
   Storing: F:\Kimi Work\视频工具箱\tools\ms-playwright\chromium-1234\chrome-win64\locales\pt-PT_NEUTER.pak
   Storing: F:\Kimi Work\视频工具箱\tools\ms-playwright\chromium-1234\chrome-win64\locales\ro.pak
   Storing: F:\Kimi Work\视频工具箱\tools\ms-playwright\chromium-1234\chrome-win64\locales\ro_FEMININE.pak
   Storing: F:\Kimi Work\视频工具箱\tools\ms-playwright\chromium-1234\chrome-win64\locales\ro_MASCULINE.pak
   Storing: F:\Kimi Work\视频工具箱\tools\ms-playwright\chromium-1234\chrome-win64\locales\ro_NEUTER.pak
   Storing: F:\Kimi Work\视频工具箱\tools\ms-playwright\chromium-1234\chrome-win64\locales\ru.pak
   Storing: F:\Kimi Work\视频工具箱\tools\ms-playwright\chromium-1234\chrome-win64\locales\ru_FEMININE.pak
   Storing: F:\Kimi Work\视频工具箱\tools\ms-playwright\chromium-1234\chrome-win64\locales\ru_MASCULINE.pak
   Storing: F:\Kimi Work\视频工具箱\tools\ms-playwright\chromium-1234\chrome-win64\locales\ru_NEUTER.pak
   Storing: F:\Kimi Work\视频工具箱\tools\ms-playwright\chromium-1234\chrome-win64\locales\sk.pak
   Storing: F:\Kimi Work\视频工具箱\tools\ms-playwright\chromium-1234\chrome-win64\locales\sk_FEMININE.pak
   Storing: F:\Kimi Work\视频工具箱\tools\ms-playwright\chromium-1234\chrome-win64\locales\sk_MASCULINE.pak
   Storing: F:\Kimi Work\视频工具箱\tools\ms-playwright\chromium-1234\chrome-win64\locales\sk_NEUTER.pak
   Storing: F:\Kimi Work\视频工具箱\tools\ms-playwright\chromium-1234\chrome-win64\locales\sl.pak
   Storing: F:\Kimi Work\视频工具箱\tools\ms-playwright\chromium-1234\chrome-win64\locales\sl_FEMININE.pak
   Storing: F:\Kimi Work\视频工具箱\tools\ms-playwright\chromium-1234\chrome-win64\locales\sl_MASCULINE.pak
   Storing: F:\Kimi Work\视频工具箱\tools\ms-playwright\chromium-1234\chrome-win64\locales\sl_NEUTER.pak
   Storing: F:\Kimi Work\视频工具箱\tools\ms-playwright\chromium-1234\chrome-win64\locales\sr.pak
   Storing: F:\Kimi Work\视频工具箱\tools\ms-playwright\chromium-1234\chrome-win64\locales\sr_FEMININE.pak
   Storing: F:\Kimi Work\视频工具箱\tools\ms-playwright\chromium-1234\chrome-win64\locales\sr_MASCULINE.pak
   Storing: F:\Kimi Work\视频工具箱\tools\ms-playwright\chromium-1234\chrome-win64\locales\sr_NEUTER.pak
   Storing: F:\Kimi Work\视频工具箱\tools\ms-playwright\chromium-1234\chrome-win64\locales\sv.pak
   Storing: F:\Kimi Work\视频工具箱\tools\ms-playwright\chromium-1234\chrome-win64\locales\sv_FEMININE.pak
   Storing: F:\Kimi Work\视频工具箱\tools\ms-playwright\chromium-1234\chrome-win64\locales\sv_MASCULINE.pak
   Storing: F:\Kimi Work\视频工具箱\tools\ms-playwright\chromium-1234\chrome-win64\locales\sv_NEUTER.pak
   Storing: F:\Kimi Work\视频工具箱\tools\ms-playwright\chromium-1234\chrome-win64\locales\sw.pak
   Storing: F:\Kimi Work\视频工具箱\tools\ms-playwright\chromium-1234\chrome-win64\locales\sw_FEMININE.pak
   Storing: F:\Kimi Work\视频工具箱\tools\ms-playwright\chromium-1234\chrome-win64\locales\sw_MASCULINE.pak
   Storing: F:\Kimi Work\视频工具箱\tools\ms-playwright\chromium-1234\chrome-win64\locales\sw_NEUTER.pak
   Storing: F:\Kimi Work\视频工具箱\tools\ms-playwright\chromium-1234\chrome-win64\locales\ta.pak
   Storing: F:\Kimi Work\视频工具箱\tools\ms-playwright\chromium-1234\chrome-win64\locales\ta_FEMININE.pak
   Storing: F:\Kimi Work\视频工具箱\tools\ms-playwright\chromium-1234\chrome-win64\locales\ta_MASCULINE.pak
   Storing: F:\Kimi Work\视频工具箱\tools\ms-playwright\chromium-1234\chrome-win64\locales\ta_NEUTER.pak
   Storing: F:\Kimi Work\视频工具箱\tools\ms-playwright\chromium-1234\chrome-win64\locales\te.pak
   Storing: F:\Kimi Work\视频工具箱\tools\ms-playwright\chromium-1234\chrome-win64\locales\te_FEMININE.pak
   Storing: F:\Kimi Work\视频工具箱\tools\ms-playwright\chromium-1234\chrome-win64\locales\te_MASCULINE.pak
   Storing: F:\Kimi Work\视频工具箱\tools\ms-playwright\chromium-1234\chrome-win64\locales\te_NEUTER.pak
   Storing: F:\Kimi Work\视频工具箱\tools\ms-playwright\chromium-1234\chrome-win64\locales\th.pak
   Storing: F:\Kimi Work\视频工具箱\tools\ms-playwright\chromium-1234\chrome-win64\locales\th_FEMININE.pak
   Storing: F:\Kimi Work\视频工具箱\tools\ms-playwright\chromium-1234\chrome-win64\locales\th_MASCULINE.pak
   Storing: F:\Kimi Work\视频工具箱\tools\ms-playwright\chromium-1234\chrome-win64\locales\th_NEUTER.pak
   Storing: F:\Kimi Work\视频工具箱\tools\ms-playwright\chromium-1234\chrome-win64\locales\tr.pak
   Storing: F:\Kimi Work\视频工具箱\tools\ms-playwright\chromium-1234\chrome-win64\locales\tr_FEMININE.pak
   Storing: F:\Kimi Work\视频工具箱\tools\ms-playwright\chromium-1234\chrome-win64\locales\tr_MASCULINE.pak
   Storing: F:\Kimi Work\视频工具箱\tools\ms-playwright\chromium-1234\chrome-win64\locales\tr_NEUTER.pak
   Storing: F:\Kimi Work\视频工具箱\tools\ms-playwright\chromium-1234\chrome-win64\locales\uk.pak
   Storing: F:\Kimi Work\视频工具箱\tools\ms-playwright\chromium-1234\chrome-win64\locales\uk_FEMININE.pak
   Storing: F:\Kimi Work\视频工具箱\tools\ms-playwright\chromium-1234\chrome-win64\locales\uk_MASCULINE.pak
   Storing: F:\Kimi Work\视频工具箱\tools\ms-playwright\chromium-1234\chrome-win64\locales\uk_NEUTER.pak
   Storing: F:\Kimi Work\视频工具箱\tools\ms-playwright\chromium-1234\chrome-win64\locales\ur.pak
   Storing: F:\Kimi Work\视频工具箱\tools\ms-playwright\chromium-1234\chrome-win64\locales\ur_FEMININE.pak
   Storing: F:\Kimi Work\视频工具箱\tools\ms-playwright\chromium-1234\chrome-win64\locales\ur_MASCULINE.pak
   Storing: F:\Kimi Work\视频工具箱\tools\ms-playwright\chromium-1234\chrome-win64\locales\ur_NEUTER.pak
   Storing: F:\Kimi Work\视频工具箱\tools\ms-playwright\chromium-1234\chrome-win64\locales\vi.pak
   Storing: F:\Kimi Work\视频工具箱\tools\ms-playwright\chromium-1234\chrome-win64\locales\vi_FEMININE.pak
   Storing: F:\Kimi Work\视频工具箱\tools\ms-playwright\chromium-1234\chrome-win64\locales\vi_MASCULINE.pak
   Storing: F:\Kimi Work\视频工具箱\tools\ms-playwright\chromium-1234\chrome-win64\locales\vi_NEUTER.pak
   Storing: F:\Kimi Work\视频工具箱\tools\ms-playwright\chromium-1234\chrome-win64\locales\zh-CN.pak
   Storing: F:\Kimi Work\视频工具箱\tools\ms-playwright\chromium-1234\chrome-win64\locales\zh-CN_FEMININE.pak
   Storing: F:\Kimi Work\视频工具箱\tools\ms-playwright\chromium-1234\chrome-win64\locales\zh-CN_MASCULINE.pak
   Storing: F:\Kimi Work\视频工具箱\tools\ms-playwright\chromium-1234\chrome-win64\locales\zh-CN_NEUTER.pak
   Storing: F:\Kimi Work\视频工具箱\tools\ms-playwright\chromium-1234\chrome-win64\locales\zh-TW.pak
   Storing: F:\Kimi Work\视频工具箱\tools\ms-playwright\chromium-1234\chrome-win64\locales\zh-TW_FEMININE.pak
   Storing: F:\Kimi Work\视频工具箱\tools\ms-playwright\chromium-1234\chrome-win64\locales\zh-TW_MASCULINE.pak
   Storing: F:\Kimi Work\视频工具箱\tools\ms-playwright\chromium-1234\chrome-win64\locales\zh-TW_NEUTER.pak
   Storing: F:\Kimi Work\视频工具箱\tools\ms-playwright\chromium-1234\chrome-win64\MEIPreload\manifest.json
   Storing: F:\Kimi Work\视频工具箱\tools\ms-playwright\chromium-1234\chrome-win64\MEIPreload\preloaded_data.pb
   Storing: F:\Kimi Work\视频工具箱\tools\ms-playwright\chromium-1234\chrome-win64\PrivacySandboxAttestationsPreloaded\manifest.json
   Storing: F:\Kimi Work\视频工具箱\tools\ms-playwright\chromium-1234\chrome-win64\PrivacySandboxAttestationsPreloaded\privacy-sandbox-attestations.dat
   Storing: F:\Kimi Work\视频工具箱\tools\ms-playwright\chromium-1234\chrome-win64\resources\accessibility\reading_mode_gdocs_helper_manifest.json
   Storing: F:\Kimi Work\视频工具箱\tools\ms-playwright\chromium-1234\chrome-win64\resources\accessibility\reading_mode_gdocs_helper\content.js
   Storing: F:\Kimi Work\视频工具箱\tools\ms-playwright\chromium-1234\chrome-win64\resources\accessibility\reading_mode_gdocs_helper\gdocs_script.js
   Storing: F:\Kimi Work\视频工具箱\tools\ms-playwright\ffmpeg-1011\COPYING.LGPLv2.1
   Storing: F:\Kimi Work\视频工具箱\tools\ms-playwright\ffmpeg-1011\DEPENDENCIES_VALIDATED
   Storing: F:\Kimi Work\视频工具箱\tools\ms-playwright\ffmpeg-1011\ffmpeg-win64.exe
   Storing: F:\Kimi Work\视频工具箱\tools\ms-playwright\ffmpeg-1011\INSTALLATION_COMPLETE
   Storing: F:\Kimi Work\视频工具箱\tools\ms-playwright\winldd-1007\DEPENDENCIES_VALIDATED
   Storing: F:\Kimi Work\视频工具箱\tools\ms-playwright\winldd-1007\INSTALLATION_COMPLETE
   Storing: F:\Kimi Work\视频工具箱\tools\ms-playwright\winldd-1007\PrintDeps.exe
   Compressing: F:\Kimi Work\视频工具箱\tools\uploader_src\config.py
   Compressing: F:\Kimi Work\视频工具箱\tools\uploader_src\uploader_runner.py
   Compressing: F:\Kimi Work\视频工具箱\tools\uploader_src\modules\browser.py
   Compressing: F:\Kimi Work\视频工具箱\tools\uploader_src\modules\form_engine.py
   Compressing: F:\Kimi Work\视频工具箱\tools\uploader_src\modules\sidecar.py
   Compressing: F:\Kimi Work\视频工具箱\tools\uploader_src\modules\system_dialog.py
   Compressing: F:\Kimi Work\视频工具箱\tools\uploader_src\modules\tag_handler.py
   Compressing: F:\Kimi Work\视频工具箱\tools\uploader_src\modules\uploader.py
   Compressing: F:\Kimi Work\视频工具箱\tools\uploader_src\modules\__init__.py
   Compressing: F:\Kimi Work\视频工具箱\video_toolbox.py
   Compressing: F:\Kimi Work\视频工具箱\video_toolbox_gui.py
   Compressing: F:\Kimi Work\视频工具箱\asr_subtitle_worker.py
   Compressing: F:\Kimi Work\视频工具箱\视频工具箱.bat
   Compressing: F:\Kimi Work\视频工具箱\使用说明.txt
   Compressing: F:\Kimi Work\视频工具箱\界面预览.png
   Compressing Setup program executable
   Updating version info (Setup.exe)
   Updating manifest (Setup.exe)


Successful compile (169.218 sec). Resulting Setup program filename is:
F:\Kimi Work\视频工具箱\installer\视频工具箱_Setup_v1.6.exe
